{"type":"FeatureCollection","features":[{"type":"Feature","properties":{"id":"B0035","area_m2":2086},"geometry":{"type":"Polygon","coordinates":[[[44.3876359,33.3397939],[44.3879975,33.3401202],[44.3881029,33.3400387],[44.3880636,33.3400032],[44.3882701,33.3398434],[44.3881865,33.3397679],[44.3879655,33.3399388],[44.3878085,33.3397971],[44.3881782,33.3395111],[44.3883232,33.339642],[44.3882308,33.3397135],[44.3882984,33.3397745],[44.3883879,33.3397052],[44.3884086,33.3397239],[44.3884886,33.339662],[44.3881229,33.3393321],[44.388069,33.3393738],[44.388111,33.3394117],[44.3879276,33.3395536],[44.3878909,33.3395205],[44.3878114,33.3395819],[44.3878569,33.339623],[44.3876359,33.3397939]]]}},{"type":"Feature","properties":{"id":"B0040","area_m2":2227},"geometry":{"type":"Polygon","coordinates":[[[44.3898514,33.3407567],[44.3897375,33.3406309],[44.3896943,33.3406393],[44.3896611,33.3406193],[44.3894165,33.340774],[44.3893803,33.3407341],[44.3893445,33.3407567],[44.3892713,33.340676],[44.389248,33.3407029],[44.3891977,33.3406725],[44.3891405,33.3407087],[44.3890627,33.3406618],[44.3891126,33.3407169],[44.3890785,33.3407563],[44.3890956,33.3407751],[44.3890027,33.3408339],[44.3890212,33.3409002],[44.3890305,33.3409105],[44.3890987,33.3408673],[44.3890755,33.3408417],[44.3890779,33.3408389],[44.3891444,33.340826],[44.3892225,33.3409123],[44.3891822,33.3409378],[44.3892192,33.3409601],[44.3892355,33.3410183],[44.3891962,33.340975],[44.3891721,33.3409797],[44.3891659,33.3409575],[44.3891539,33.3409713],[44.389044,33.3410409],[44.3891743,33.3411848],[44.3898514,33.3407567]]]}},{"type":"Feature","properties":{"id":"B0042","area_m2":1660},"geometry":{"type":"Polygon","coordinates":[[[44.3889332,33.3401479],[44.3887363,33.3399186],[44.3886396,33.3399766],[44.3885887,33.3399175],[44.3885905,33.3399164],[44.3885288,33.3398446],[44.3883713,33.3399391],[44.3883212,33.3398808],[44.3881795,33.3399657],[44.3882266,33.3400204],[44.3881186,33.3400852],[44.3881796,33.3401561],[44.3882621,33.3401066],[44.3882761,33.3401229],[44.3884626,33.3400111],[44.3885287,33.340088],[44.388357,33.3401909],[44.3884243,33.3402693],[44.3884703,33.3402417],[44.3884818,33.340255],[44.3886464,33.3401563],[44.3886019,33.3401045],[44.3886179,33.340095],[44.3886636,33.3401482],[44.3886955,33.3401291],[44.3887869,33.3402356],[44.3889332,33.3401479]]]}},{"type":"Feature","properties":{"id":"B0056","area_m2":546},"geometry":{"type":"Polygon","coordinates":[[[44.3903121,33.3414893],[44.3901775,33.3413547],[44.3900164,33.3414672],[44.390188,33.3416387],[44.3904454,33.3414589],[44.3904084,33.341422],[44.3903121,33.3414893]]]}},{"type":"Feature","properties":{"id":"B0061","area_m2":527},"geometry":{"type":"Polygon","coordinates":[[[44.3892868,33.3403847],[44.3890837,33.3404937],[44.3892227,33.3406745],[44.3893195,33.3406225],[44.3893244,33.3406288],[44.3893776,33.3406003],[44.3893593,33.3405765],[44.3894124,33.340548],[44.3892868,33.3403847]]]}},{"type":"Feature","properties":{"id":"B0064","area_m2":27},"geometry":{"type":"Polygon","coordinates":[[[44.3889205,33.3401281],[44.3888798,33.3401901],[44.3889127,33.3402052],[44.3889535,33.3401433],[44.3889205,33.3401281]]]}},{"type":"Feature","properties":{"id":"B0065","area_m2":228},"geometry":{"type":"Polygon","coordinates":[[[44.3905455,33.3415499],[44.3904102,33.3416271],[44.3905014,33.3417386],[44.3906367,33.3416614],[44.3905455,33.3415499]]]}},{"type":"Feature","properties":{"id":"B0066","area_m2":118},"geometry":{"type":"Polygon","coordinates":[[[44.3901635,33.3412039],[44.3900787,33.3411562],[44.3900619,33.3411769],[44.3900121,33.3411489],[44.389963,33.3412098],[44.390022,33.341243],[44.3900444,33.3412153],[44.39012,33.3412578],[44.3901635,33.3412039]]]}},{"type":"Feature","properties":{"id":"B0067","area_m2":236},"geometry":{"type":"Polygon","coordinates":[[[44.3886176,33.3396664],[44.3884899,33.339723],[44.3885043,33.3397457],[44.3883829,33.3397995],[44.3884084,33.3398398],[44.3884608,33.3398166],[44.388473,33.3398358],[44.3885672,33.3397941],[44.3885916,33.3398326],[44.3886419,33.3398103],[44.3886119,33.3397631],[44.3885951,33.3397705],[44.3885663,33.339725],[44.3886877,33.3396712],[44.3886533,33.339617],[44.388601,33.3396402],[44.3886176,33.3396664]]]}},{"type":"Feature","properties":{"id":"B0068","area_m2":229},"geometry":{"type":"Polygon","coordinates":[[[44.3896399,33.3406164],[44.389578,33.3405478],[44.3894976,33.3405984],[44.3894924,33.3405927],[44.3894137,33.3406422],[44.3894414,33.340673],[44.3893775,33.3407132],[44.3894168,33.3407568],[44.3896399,33.3406164]]]}},{"type":"Feature","properties":{"id":"B0069","area_m2":333},"geometry":{"type":"Polygon","coordinates":[[[44.3898127,33.3408282],[44.3897417,33.3408864],[44.3897692,33.3409098],[44.3897069,33.3409609],[44.3897525,33.3409996],[44.389771,33.3409844],[44.3898723,33.3410705],[44.3899829,33.3409798],[44.3899044,33.3409131],[44.3899085,33.3409097],[44.3898127,33.3408282]]]}},{"type":"Feature","properties":{"id":"B0070","area_m2":135},"geometry":{"type":"Polygon","coordinates":[[[44.3886266,33.3398855],[44.3886355,33.3398821],[44.3886675,33.3399404],[44.3887583,33.3399056],[44.3886958,33.3397918],[44.3885961,33.33983],[44.3886266,33.3398855]]]}},{"type":"Feature","properties":{"id":"B0072","area_m2":225},"geometry":{"type":"Polygon","coordinates":[[[44.3901582,33.3412898],[44.3903527,33.3414725],[44.3904194,33.3414229],[44.390225,33.3412401],[44.3901582,33.3412898]]]}},{"type":"Feature","properties":{"id":"B0074","area_m2":31},"geometry":{"type":"Polygon","coordinates":[[[44.3884766,33.3395952],[44.3884395,33.3396204],[44.3884874,33.3396696],[44.3885245,33.3396444],[44.3884766,33.3395952]]]}},{"type":"Feature","properties":{"id":"B0076","area_m2":78},"geometry":{"type":"Polygon","coordinates":[[[44.3907263,33.3416242],[44.3906343,33.3416581],[44.3906704,33.3417265],[44.3907625,33.3416926],[44.3907263,33.3416242]]]}},{"type":"Feature","properties":{"id":"B0077","area_m2":44},"geometry":{"type":"Polygon","coordinates":[[[44.3880917,33.3392677],[44.3881445,33.3393205],[44.3881925,33.339287],[44.3881397,33.3392342],[44.3880917,33.3392677]]]}},{"type":"Feature","properties":{"id":"B0078","area_m2":59},"geometry":{"type":"Polygon","coordinates":[[[44.3882815,33.3394462],[44.3883409,33.3395092],[44.3883971,33.3394721],[44.3883377,33.3394092],[44.3882815,33.3394462]]]}},{"type":"Feature","properties":{"id":"B0080","area_m2":52},"geometry":{"type":"Polygon","coordinates":[[[44.3887192,33.3397092],[44.3886156,33.3397092],[44.3886156,33.3397473],[44.3886387,33.3397473],[44.3886387,33.3397608],[44.3887192,33.3397608],[44.3887192,33.3397092]]]}},{"type":"Feature","properties":{"id":"B0081","area_m2":101},"geometry":{"type":"Polygon","coordinates":[[[44.3887398,33.3397375],[44.3886831,33.339767],[44.3887758,33.3398913],[44.3888325,33.3398618],[44.3887398,33.3397375]]]}},{"type":"Feature","properties":{"id":"B0082","area_m2":1425},"geometry":{"type":"Polygon","coordinates":[[[44.388881,33.3402441],[44.3890206,33.3403747],[44.3890504,33.3404251],[44.3891027,33.3404741],[44.3893241,33.340309],[44.389297,33.3402631],[44.3893688,33.3402096],[44.3893095,33.3401541],[44.3892658,33.3401721],[44.3892054,33.3402172],[44.3891383,33.3402448],[44.3892457,33.3401647],[44.3893898,33.3401054],[44.3894209,33.3400822],[44.3893833,33.3400184],[44.3893428,33.3400351],[44.3894466,33.3399576],[44.3893945,33.3398693],[44.3893319,33.3398951],[44.3893449,33.339917],[44.3892555,33.3399837],[44.3892879,33.3400387],[44.3892232,33.3400654],[44.3892471,33.3401059],[44.3892061,33.3401228],[44.389188,33.3400921],[44.389147,33.340109],[44.38909,33.3400556],[44.3890073,33.3401173],[44.3889705,33.3401325],[44.3889889,33.3401636],[44.388881,33.3402441]]]}},{"type":"Feature","properties":{"id":"B0084","area_m2":175},"geometry":{"type":"Polygon","coordinates":[[[44.3902345,33.34106],[44.3901493,33.3410076],[44.3901006,33.3410628],[44.390077,33.3410482],[44.3900514,33.3410772],[44.3902078,33.3411736],[44.3902661,33.3411075],[44.3902185,33.3410782],[44.3902345,33.34106]]]}},{"type":"Feature","properties":{"id":"B0085","area_m2":73},"geometry":{"type":"Polygon","coordinates":[[[44.388527,33.3395239],[44.3884836,33.3394469],[44.388409,33.3394762],[44.3884524,33.3395533],[44.388527,33.3395239]]]}},{"type":"Feature","properties":{"id":"B0086","area_m2":350},"geometry":{"type":"Polygon","coordinates":[[[44.3895956,33.3404584],[44.3894628,33.3403063],[44.3893805,33.3403565],[44.3893422,33.3403126],[44.3892932,33.3403425],[44.3894643,33.3405385],[44.3895956,33.3404584]]]}},{"type":"Feature","properties":{"id":"B0087","area_m2":858},"geometry":{"type":"Polygon","coordinates":[[[44.3891369,33.3399739],[44.3889212,33.3397388],[44.3888762,33.3397676],[44.3887837,33.3396667],[44.3887138,33.3397115],[44.3888588,33.3398696],[44.3887558,33.3399356],[44.3889189,33.3401134],[44.3891369,33.3399739]]]}},{"type":"Feature","properties":{"id":"B0088","area_m2":107},"geometry":{"type":"Polygon","coordinates":[[[44.3882919,33.3392173],[44.3881909,33.3392892],[44.3882518,33.339349],[44.3883528,33.339277],[44.3883329,33.3392576],[44.3882919,33.3392173]]]}},{"type":"Feature","properties":{"id":"B0089","area_m2":67},"geometry":{"type":"Polygon","coordinates":[[[44.3901018,33.3409405],[44.390046,33.3410141],[44.3901093,33.3410475],[44.390165,33.3409739],[44.3901018,33.3409405]]]}},{"type":"Feature","properties":{"id":"B0091","area_m2":208},"geometry":{"type":"Polygon","coordinates":[[[44.3900331,33.3408457],[44.3899249,33.3407254],[44.3898179,33.3407925],[44.3899261,33.3409129],[44.3900331,33.3408457]]]}},{"type":"Feature","properties":{"id":"B0092","area_m2":35},"geometry":{"type":"Polygon","coordinates":[[[44.3907404,33.3416094],[44.3907654,33.3416502],[44.3908313,33.341622],[44.3908062,33.3415812],[44.3907404,33.3416094]]]}},{"type":"Feature","properties":{"id":"B0093","area_m2":20},"geometry":{"type":"Polygon","coordinates":[[[44.3906456,33.3415171],[44.3906802,33.3415421],[44.3907127,33.3415107],[44.3906781,33.3414857],[44.3906456,33.3415171]]]}},{"type":"Feature","properties":{"id":"B0094","area_m2":19},"geometry":{"type":"Polygon","coordinates":[[[44.390847,33.3416234],[44.3907971,33.3416459],[44.3908156,33.3416745],[44.3908655,33.3416521],[44.390847,33.3416234]]]}},{"type":"Feature","properties":{"id":"B0095","area_m2":74},"geometry":{"type":"Polygon","coordinates":[[[44.3891401,33.3399866],[44.3890813,33.3400403],[44.3891544,33.3400961],[44.3892132,33.3400424],[44.3891401,33.3399866]]]}},{"type":"Feature","properties":{"id":"B0096","area_m2":65},"geometry":{"type":"Polygon","coordinates":[[[44.388666,33.339647],[44.3887207,33.339698],[44.3887892,33.3396468],[44.3887346,33.3395958],[44.388666,33.339647]]]}},{"type":"Feature","properties":{"id":"B0097","area_m2":221},"geometry":{"type":"Polygon","coordinates":[[[44.3901754,33.3408464],[44.3900963,33.3407826],[44.3899341,33.3409229],[44.3900132,33.3409867],[44.3901754,33.3408464]]]}},{"type":"Feature","properties":{"id":"B0098","area_m2":126},"geometry":{"type":"Polygon","coordinates":[[[44.3896385,33.3405736],[44.3896833,33.3405329],[44.3897595,33.3405914],[44.3897923,33.3405616],[44.389654,33.3404555],[44.3895765,33.3405261],[44.3896385,33.3405736]]]}},{"type":"Feature","properties":{"id":"B0099","area_m2":58},"geometry":{"type":"Polygon","coordinates":[[[44.3903754,33.3410668],[44.39033,33.3410482],[44.3903141,33.3410753],[44.3903076,33.3410726],[44.3902704,33.3411358],[44.3903223,33.3411571],[44.3903754,33.3410668]]]}},{"type":"Feature","properties":{"id":"B0100","area_m2":26},"geometry":{"type":"Polygon","coordinates":[[[44.3908801,33.341584],[44.3908262,33.3415508],[44.3907993,33.3415813],[44.3908532,33.3416145],[44.3908801,33.341584]]]}},{"type":"Feature","properties":{"id":"B0101","area_m2":791},"geometry":{"type":"Polygon","coordinates":[[[44.3904074,33.3409809],[44.390333,33.341162],[44.3903581,33.3411782],[44.3903057,33.3412349],[44.3902953,33.3412602],[44.3903685,33.3412812],[44.3904056,33.3413051],[44.390383,33.3413601],[44.3905026,33.3414371],[44.3905245,33.3414134],[44.3905648,33.3414249],[44.3906072,33.341379],[44.3905553,33.3413455],[44.3905727,33.341303],[44.3905473,33.3412866],[44.3905667,33.3412395],[44.3905315,33.3412294],[44.3904957,33.3412063],[44.3905968,33.3410967],[44.3905378,33.3410587],[44.3904981,33.3410473],[44.3905042,33.3410325],[44.3904375,33.3409896],[44.3904074,33.3409809]]]}},{"type":"Feature","properties":{"id":"B0102","area_m2":19},"geometry":{"type":"Polygon","coordinates":[[[44.3899924,33.3407415],[44.3899531,33.3407167],[44.389926,33.3407468],[44.3899653,33.3407715],[44.3899924,33.3407415]]]}},{"type":"Feature","properties":{"id":"B0103","area_m2":36},"geometry":{"type":"Polygon","coordinates":[[[44.3905584,33.3413376],[44.390613,33.3413794],[44.3906511,33.3413446],[44.3905965,33.3413029],[44.3905584,33.3413376]]]}},{"type":"Feature","properties":{"id":"B0105","area_m2":34},"geometry":{"type":"Polygon","coordinates":[[[44.3900157,33.3407426],[44.3899795,33.3407795],[44.3900334,33.3408164],[44.3900696,33.3407796],[44.3900157,33.3407426]]]}},{"type":"Feature","properties":{"id":"B0106","area_m2":58},"geometry":{"type":"Polygon","coordinates":[[[44.3893177,33.3401364],[44.3893772,33.34022],[44.3894268,33.3401953],[44.3893673,33.3401118],[44.3893177,33.3401364]]]}},{"type":"Feature","properties":{"id":"B0107","area_m2":77},"geometry":{"type":"Polygon","coordinates":[[[44.3902263,33.340864],[44.3901687,33.3408374],[44.3901029,33.3409371],[44.3901605,33.3409637],[44.3902263,33.340864]]]}},{"type":"Feature","properties":{"id":"B0108","area_m2":346},"geometry":{"type":"Polygon","coordinates":[[[44.3900285,33.3406402],[44.389929,33.340517],[44.3897422,33.3406224],[44.3898417,33.3407455],[44.3900285,33.3406402]]]}},{"type":"Feature","properties":{"id":"B0109","area_m2":29},"geometry":{"type":"Polygon","coordinates":[[[44.3891944,33.3399393],[44.3891516,33.3399657],[44.3891888,33.3400077],[44.3892315,33.3399813],[44.3891944,33.3399393]]]}},{"type":"Feature","properties":{"id":"B0110","area_m2":17},"geometry":{"type":"Polygon","coordinates":[[[44.3892202,33.3400105],[44.3892357,33.3400487],[44.3892742,33.3400378],[44.3892587,33.3399996],[44.3892202,33.3400105]]]}},{"type":"Feature","properties":{"id":"B0111","area_m2":202},"geometry":{"type":"Polygon","coordinates":[[[44.3903852,33.3409581],[44.3902221,33.3408776],[44.3901933,33.3409184],[44.3902112,33.3409272],[44.3901584,33.341002],[44.3902479,33.3410461],[44.3902855,33.3409929],[44.3903412,33.3410204],[44.3903852,33.3409581]]]}},{"type":"Feature","properties":{"id":"B0112","area_m2":49},"geometry":{"type":"Polygon","coordinates":[[[44.3897059,33.3404183],[44.3896255,33.3403237],[44.3895923,33.3403434],[44.3896727,33.340438],[44.3897059,33.3404183]]]}},{"type":"Feature","properties":{"id":"B0113","area_m2":376},"geometry":{"type":"Polygon","coordinates":[[[44.3908993,33.3416428],[44.3909589,33.3417711],[44.3911674,33.3417035],[44.3911419,33.3416488],[44.3910882,33.3416463],[44.3910594,33.3416556],[44.3910613,33.3416271],[44.3911124,33.3416295],[44.3911712,33.3416104],[44.3911536,33.3415724],[44.3911092,33.3415867],[44.3909037,33.3415771],[44.3908993,33.3416428]]]}},{"type":"Feature","properties":{"id":"B0115","area_m2":233},"geometry":{"type":"Polygon","coordinates":[[[44.3889844,33.3396566],[44.3889629,33.3395661],[44.3888158,33.3395905],[44.3888523,33.3397435],[44.3889348,33.3397298],[44.3889364,33.3397363],[44.3889828,33.3397286],[44.3889664,33.3396596],[44.3889844,33.3396566]]]}},{"type":"Feature","properties":{"id":"B0116","area_m2":39},"geometry":{"type":"Polygon","coordinates":[[[44.3891824,33.3398777],[44.389126,33.3397947],[44.3890915,33.339811],[44.3891479,33.3398941],[44.3891824,33.3398777]]]}},{"type":"Feature","properties":{"id":"B0117","area_m2":235},"geometry":{"type":"Polygon","coordinates":[[[44.3898647,33.340353],[44.3896711,33.3404419],[44.3897028,33.3404901],[44.3897563,33.3404655],[44.3897948,33.340524],[44.3899349,33.3404597],[44.3898647,33.340353]]]}},{"type":"Feature","properties":{"id":"B0118","area_m2":394},"geometry":{"type":"Polygon","coordinates":[[[44.3887093,33.3392823],[44.3886019,33.3391467],[44.3884059,33.3392549],[44.3885133,33.3393906],[44.3887093,33.3392823]]]}},{"type":"Feature","properties":{"id":"B0119","area_m2":86},"geometry":{"type":"Polygon","coordinates":[[[44.3892867,33.339861],[44.3891858,33.3399199],[44.3892324,33.3399756],[44.3893333,33.3399167],[44.3892867,33.339861]]]}},{"type":"Feature","properties":{"id":"B0120","area_m2":250},"geometry":{"type":"Polygon","coordinates":[[[44.3900678,33.3407279],[44.3903037,33.340902],[44.3903809,33.340829],[44.3902293,33.3407171],[44.3901841,33.3407599],[44.3900998,33.3406977],[44.3900678,33.3407279]]]}},{"type":"Feature","properties":{"id":"B0121","area_m2":337},"geometry":{"type":"Polygon","coordinates":[[[44.3891657,33.3397652],[44.3892912,33.339676],[44.3892522,33.3396376],[44.389216,33.3396633],[44.3891892,33.3397028],[44.3891492,33.3396838],[44.3891303,33.3396973],[44.3890962,33.3396811],[44.3890297,33.3397284],[44.3890687,33.3396708],[44.3890407,33.3396433],[44.3889769,33.3396887],[44.3889832,33.3396949],[44.3890234,33.3397139],[44.3890027,33.3397445],[44.3889912,33.339739],[44.3889495,33.3397686],[44.3890575,33.3398197],[44.3891089,33.3397832],[44.3891887,33.3398616],[44.3891995,33.3398667],[44.3892398,33.339838],[44.3891657,33.3397652]]]}},{"type":"Feature","properties":{"id":"B0122","area_m2":1004},"geometry":{"type":"Polygon","coordinates":[[[44.3894193,33.3401357],[44.3894716,33.3402002],[44.3894783,33.3401964],[44.3894901,33.340211],[44.389351,33.3402897],[44.3893927,33.3403412],[44.3894766,33.3402937],[44.3894903,33.3403106],[44.3895536,33.3402749],[44.3895971,33.3403287],[44.3896247,33.3403131],[44.3896994,33.3404053],[44.389857,33.3403162],[44.3896534,33.3400649],[44.3897773,33.3399948],[44.3897431,33.3399526],[44.3894193,33.3401357]]]}},{"type":"Feature","properties":{"id":"B0123","area_m2":278},"geometry":{"type":"Polygon","coordinates":[[[44.3890821,33.3394223],[44.3890363,33.3393648],[44.3888337,33.3394775],[44.3888213,33.3394619],[44.3887711,33.3394898],[44.3887637,33.3394805],[44.3887395,33.339494],[44.3887804,33.3395452],[44.3887357,33.33957],[44.3887605,33.3396011],[44.3890821,33.3394223]]]}},{"type":"Feature","properties":{"id":"B0124","area_m2":123},"geometry":{"type":"Polygon","coordinates":[[[44.3895177,33.3400165],[44.3894933,33.3399735],[44.3894137,33.340005],[44.3894615,33.3400891],[44.3896147,33.3400284],[44.3895914,33.3399873],[44.3895177,33.3400165]]]}},{"type":"Feature","properties":{"id":"B0125","area_m2":307},"geometry":{"type":"Polygon","coordinates":[[[44.3902233,33.340518],[44.390165,33.3404498],[44.3900436,33.3405223],[44.389963,33.3404281],[44.3898926,33.3404701],[44.3900316,33.3406325],[44.3902233,33.340518]]]}},{"type":"Feature","properties":{"id":"B0126","area_m2":41},"geometry":{"type":"Polygon","coordinates":[[[44.3893874,33.3398626],[44.389357,33.3398193],[44.3892891,33.3398525],[44.3893195,33.3398959],[44.3893874,33.3398626]]]}},{"type":"Feature","properties":{"id":"B0127","area_m2":34},"geometry":{"type":"Polygon","coordinates":[[[44.389092,33.3396397],[44.3891374,33.3396853],[44.3891802,33.3396556],[44.3891348,33.3396099],[44.389092,33.3396397]]]}},{"type":"Feature","properties":{"id":"B0128","area_m2":140},"geometry":{"type":"Polygon","coordinates":[[[44.3890079,33.3395682],[44.3889748,33.3395845],[44.3890064,33.3396294],[44.3891272,33.33957],[44.389058,33.3394718],[44.3889704,33.3395149],[44.3890079,33.3395682]]]}},{"type":"Feature","properties":{"id":"B0129","area_m2":125},"geometry":{"type":"Polygon","coordinates":[[[44.3893565,33.3398023],[44.3894003,33.3397714],[44.3893249,33.3396969],[44.3892024,33.3397835],[44.3892513,33.3398319],[44.3893301,33.3397762],[44.3893565,33.3398023]]]}},{"type":"Feature","properties":{"id":"B0130","area_m2":136},"geometry":{"type":"Polygon","coordinates":[[[44.3893951,33.3398467],[44.3894608,33.3399433],[44.3894811,33.3399336],[44.3895317,33.3400082],[44.3895784,33.3399861],[44.3894621,33.3398149],[44.3893951,33.3398467]]]}},{"type":"Feature","properties":{"id":"B0131","area_m2":539},"geometry":{"type":"Polygon","coordinates":[[[44.3896804,33.3400768],[44.3898456,33.3402939],[44.3899151,33.340257],[44.3899406,33.3402905],[44.3898558,33.3403355],[44.3899335,33.3404377],[44.3899583,33.3404245],[44.3899292,33.3403862],[44.3899961,33.3403507],[44.3900082,33.3403666],[44.3900548,33.3403419],[44.3899018,33.3401408],[44.3898877,33.3401483],[44.3897893,33.340019],[44.3896804,33.3400768]]]}},{"type":"Feature","properties":{"id":"B0132","area_m2":44},"geometry":{"type":"Polygon","coordinates":[[[44.3885428,33.3389531],[44.3885217,33.3389673],[44.3886383,33.3390882],[44.3886595,33.339074],[44.3885428,33.3389531]]]}},{"type":"Feature","properties":{"id":"B0133","area_m2":27},"geometry":{"type":"Polygon","coordinates":[[[44.3910801,33.3412963],[44.3910394,33.3413268],[44.391078,33.3413628],[44.3911188,33.3413323],[44.3910801,33.3412963]]]}},{"type":"Feature","properties":{"id":"B0134","area_m2":995},"geometry":{"type":"Polygon","coordinates":[[[44.3917483,33.3415247],[44.3913684,33.3414003],[44.3913629,33.3414119],[44.3913141,33.341396],[44.3912412,33.3415513],[44.3914723,33.341627],[44.3914495,33.3416756],[44.391503,33.3416931],[44.3914934,33.3417135],[44.3916375,33.3417608],[44.3917483,33.3415247]]]}},{"type":"Feature","properties":{"id":"B0138","area_m2":42},"geometry":{"type":"Polygon","coordinates":[[[44.3914802,33.3412524],[44.3914724,33.341196],[44.3914009,33.3412029],[44.3914088,33.3412594],[44.3914802,33.3412524]]]}},{"type":"Feature","properties":{"id":"B0140","area_m2":61},"geometry":{"type":"Polygon","coordinates":[[[44.3895846,33.3393787],[44.3894993,33.3394178],[44.3895344,33.3394712],[44.3896196,33.3394321],[44.3895846,33.3393787]]]}},{"type":"Feature","properties":{"id":"B0141","area_m2":22},"geometry":{"type":"Polygon","coordinates":[[[44.3913026,33.3410255],[44.3912737,33.3410643],[44.3913132,33.3410848],[44.3913421,33.341046],[44.3913026,33.3410255]]]}},{"type":"Feature","properties":{"id":"B0143","area_m2":21},"geometry":{"type":"Polygon","coordinates":[[[44.3898213,33.3395794],[44.3897894,33.3396014],[44.3898263,33.3396386],[44.3898581,33.3396166],[44.3898213,33.3395794]]]}},{"type":"Feature","properties":{"id":"B0144","area_m2":195},"geometry":{"type":"Polygon","coordinates":[[[44.3912856,33.3408821],[44.391185,33.3410149],[44.391273,33.3410615],[44.3913349,33.3409799],[44.3913693,33.3409981],[44.3914081,33.3409469],[44.3912856,33.3408821]]]}},{"type":"Feature","properties":{"id":"B0145","area_m2":77},"geometry":{"type":"Polygon","coordinates":[[[44.3896182,33.3393325],[44.3895851,33.3392844],[44.3894682,33.3393406],[44.3895013,33.3393886],[44.3896182,33.3393325]]]}},{"type":"Feature","properties":{"id":"B0146","area_m2":1340},"geometry":{"type":"Polygon","coordinates":[[[44.3911623,33.3406732],[44.3910904,33.3405706],[44.3911116,33.3405602],[44.391163,33.3406336],[44.3912349,33.3405984],[44.3911583,33.3404892],[44.391189,33.3404741],[44.3911376,33.3404007],[44.3910996,33.3404193],[44.39104,33.3403342],[44.3910073,33.3403502],[44.3911114,33.3404987],[44.3910322,33.3405374],[44.3909784,33.3404607],[44.3909178,33.3404904],[44.3908862,33.3404453],[44.3906645,33.3405538],[44.3906973,33.3406005],[44.3907799,33.3405601],[44.3907986,33.3405868],[44.390694,33.340638],[44.390832,33.3408348],[44.3911623,33.3406732]]]}},{"type":"Feature","properties":{"id":"B0147","area_m2":3505},"geometry":{"type":"Polygon","coordinates":[[[44.3904966,33.3399544],[44.3901754,33.3395266],[44.3898617,33.339691],[44.3901937,33.3401333],[44.390236,33.3401111],[44.3905801,33.3405694],[44.3908701,33.3404174],[44.3906588,33.340136],[44.3904574,33.3402416],[44.3903137,33.3400502],[44.3903387,33.3400371],[44.3904546,33.3401915],[44.390522,33.3401562],[44.3904061,33.3400018],[44.3904966,33.3399544]]]}},{"type":"Feature","properties":{"id":"B0148","area_m2":202},"geometry":{"type":"Polygon","coordinates":[[[44.3892993,33.3391002],[44.3893514,33.3390633],[44.3893885,33.3390998],[44.3892942,33.3391665],[44.3893418,33.3392135],[44.3894995,33.3391018],[44.3894241,33.3390275],[44.3893773,33.3390607],[44.3893369,33.3390209],[44.3892682,33.3390695],[44.3892993,33.3391002]]]}},{"type":"Feature","properties":{"id":"B0149","area_m2":20},"geometry":{"type":"Polygon","coordinates":[[[44.3914128,33.3409391],[44.3913877,33.3410027],[44.3914158,33.3410104],[44.3914409,33.3409468],[44.3914128,33.3409391]]]}},{"type":"Feature","properties":{"id":"B0150","area_m2":720},"geometry":{"type":"Polygon","coordinates":[[[44.3896191,33.3391168],[44.3894057,33.3392115],[44.3894401,33.3392657],[44.3894715,33.3392518],[44.3894971,33.339292],[44.389569,33.3392601],[44.3896101,33.3393247],[44.3896302,33.3393158],[44.3896847,33.3394015],[44.389631,33.3394252],[44.3897055,33.3395424],[44.3897599,33.3395182],[44.3897815,33.3395523],[44.3898715,33.3395124],[44.3898532,33.3394836],[44.3898867,33.3394687],[44.3898717,33.3394451],[44.3898374,33.3394603],[44.3896191,33.3391168]]]}},{"type":"Feature","properties":{"id":"B0151","area_m2":170},"geometry":{"type":"Polygon","coordinates":[[[44.3915835,33.3409923],[44.3914445,33.3409462],[44.3913912,33.3410585],[44.3914375,33.3410738],[44.3914444,33.3410594],[44.3915371,33.3410901],[44.3915835,33.3409923]]]}},{"type":"Feature","properties":{"id":"B0152","area_m2":1751},"geometry":{"type":"Polygon","coordinates":[[[44.3921404,33.3413713],[44.391984,33.3413327],[44.3920332,33.3411935],[44.3919,33.3411606],[44.3919185,33.3411082],[44.3917912,33.3410768],[44.3917319,33.3412446],[44.391537,33.3411966],[44.3914922,33.3413234],[44.3915538,33.3413386],[44.3915775,33.3412715],[44.3916466,33.3412886],[44.391616,33.3413751],[44.3916816,33.3413913],[44.391647,33.3414893],[44.3920624,33.3415918],[44.3921404,33.3413713]]]}},{"type":"Feature","properties":{"id":"B0153","area_m2":229},"geometry":{"type":"Polygon","coordinates":[[[44.3915961,33.3410306],[44.3915722,33.3411036],[44.3915248,33.3410928],[44.3914955,33.3411824],[44.3915779,33.3412012],[44.3915949,33.3411491],[44.3916923,33.3411713],[44.3917284,33.3410608],[44.3915961,33.3410306]]]}},{"type":"Feature","properties":{"id":"B0154","area_m2":57},"geometry":{"type":"Polygon","coordinates":[[[44.3891767,33.3387823],[44.3891435,33.338866],[44.389203,33.3388825],[44.3892362,33.3387988],[44.3891767,33.3387823]]]}},{"type":"Feature","properties":{"id":"B0155","area_m2":60},"geometry":{"type":"Polygon","coordinates":[[[44.3900506,33.3395095],[44.3900224,33.3394663],[44.3899183,33.3395138],[44.3899465,33.339557],[44.3900506,33.3395095]]]}},{"type":"Feature","properties":{"id":"B0156","area_m2":296},"geometry":{"type":"Polygon","coordinates":[[[44.3914066,33.3409198],[44.3915237,33.3409521],[44.3915592,33.3408622],[44.3915026,33.3408466],[44.3915185,33.3408062],[44.3913396,33.3407569],[44.3912909,33.3408801],[44.3913876,33.3409068],[44.3914179,33.34083],[44.3914397,33.340836],[44.3914066,33.3409198]]]}},{"type":"Feature","properties":{"id":"B0157","area_m2":52},"geometry":{"type":"Polygon","coordinates":[[[44.389849,33.3394127],[44.3899049,33.3394755],[44.3899567,33.3394433],[44.3899008,33.3393805],[44.389849,33.3394127]]]}},{"type":"Feature","properties":{"id":"B0159","area_m2":15},"geometry":{"type":"Polygon","coordinates":[[[44.3900304,33.3394647],[44.3900531,33.3395036],[44.3900843,33.339491],[44.3900616,33.339452],[44.3900304,33.3394647]]]}},{"type":"Feature","properties":{"id":"B0160","area_m2":89},"geometry":{"type":"Polygon","coordinates":[[[44.3915871,33.340897],[44.3915501,33.3408931],[44.3915397,33.3409615],[44.3916252,33.3409706],[44.3916439,33.3408481],[44.3915953,33.3408429],[44.3915871,33.340897]]]}},{"type":"Feature","properties":{"id":"B0162","area_m2":148},"geometry":{"type":"Polygon","coordinates":[[[44.3904274,33.3397633],[44.3904891,33.339731],[44.3904414,33.3396675],[44.3903393,33.3397209],[44.390457,33.3398778],[44.3904974,33.3398566],[44.3904274,33.3397633]]]}},{"type":"Feature","properties":{"id":"B0163","area_m2":38},"geometry":{"type":"Polygon","coordinates":[[[44.3915228,33.3408256],[44.3915911,33.3408437],[44.3916096,33.3407947],[44.3915413,33.3407767],[44.3915228,33.3408256]]]}},{"type":"Feature","properties":{"id":"B0164","area_m2":1047},"geometry":{"type":"Polygon","coordinates":[[[44.389639,33.3391548],[44.3898251,33.3393844],[44.389884,33.3393511],[44.3899705,33.3394578],[44.3900581,33.3394083],[44.3900164,33.3393568],[44.3900605,33.3393318],[44.3900786,33.3393541],[44.3901006,33.3393416],[44.3900222,33.3392449],[44.3900461,33.3392314],[44.3898499,33.3389894],[44.38978,33.339029],[44.3898056,33.3390605],[44.389639,33.3391548]]]}},{"type":"Feature","properties":{"id":"B0165","area_m2":206},"geometry":{"type":"Polygon","coordinates":[[[44.3906665,33.3399378],[44.390503,33.3397292],[44.3904354,33.3397661],[44.3905067,33.3398571],[44.3904635,33.3398807],[44.3904918,33.3399168],[44.3905369,33.3398921],[44.3905713,33.3399361],[44.3906126,33.3399135],[44.3906421,33.3399511],[44.3906665,33.3399378]]]}},{"type":"Feature","properties":{"id":"B0166","area_m2":72},"geometry":{"type":"Polygon","coordinates":[[[44.390784,33.3399931],[44.3907023,33.3399212],[44.390635,33.3399745],[44.3906712,33.3400063],[44.3907008,33.3399828],[44.3907464,33.3400229],[44.390784,33.3399931]]]}},{"type":"Feature","properties":{"id":"B0167","area_m2":55},"geometry":{"type":"Polygon","coordinates":[[[44.3903252,33.3396309],[44.3903671,33.3396978],[44.3904295,33.3396706],[44.3903877,33.3396037],[44.3903252,33.3396309]]]}},{"type":"Feature","properties":{"id":"B0169","area_m2":16},"geometry":{"type":"Polygon","coordinates":[[[44.3903073,33.3395641],[44.3903471,33.3396062],[44.3903692,33.3395917],[44.3903294,33.3395495],[44.3903073,33.3395641]]]}},{"type":"Feature","properties":{"id":"B0170","area_m2":32},"geometry":{"type":"Polygon","coordinates":[[[44.3910354,33.3401886],[44.3909964,33.3401467],[44.3909496,33.3401771],[44.3909886,33.340219],[44.3910354,33.3401886]]]}},{"type":"Feature","properties":{"id":"B0171","area_m2":182},"geometry":{"type":"Polygon","coordinates":[[[44.3900901,33.3393774],[44.390096,33.3393813],[44.3900555,33.3394238],[44.3901332,33.3394755],[44.3902679,33.3393344],[44.390223,33.3393045],[44.3902034,33.339325],[44.3901646,33.3392992],[44.3900901,33.3393774]]]}},{"type":"Feature","properties":{"id":"B0172","area_m2":66},"geometry":{"type":"Polygon","coordinates":[[[44.3916605,33.3408462],[44.3917087,33.3407277],[44.3916606,33.340714],[44.3916124,33.3408326],[44.3916605,33.3408462]]]}},{"type":"Feature","properties":{"id":"B0173","area_m2":174},"geometry":{"type":"Polygon","coordinates":[[[44.3915265,33.3407332],[44.3916122,33.3407855],[44.3916965,33.3406891],[44.3915997,33.34063],[44.3915678,33.3406665],[44.3915265,33.3406413],[44.3914881,33.3406851],[44.3915406,33.3407171],[44.3915265,33.3407332]]]}},{"type":"Feature","properties":{"id":"B0175","area_m2":904},"geometry":{"type":"Polygon","coordinates":[[[44.3916417,33.3410096],[44.3920902,33.3411283],[44.3921397,33.340998],[44.3920568,33.3409761],[44.3920927,33.3408815],[44.3919318,33.3408389],[44.391916,33.3408805],[44.3918258,33.3408567],[44.3918096,33.3408994],[44.391695,33.3408691],[44.3916417,33.3410096]]]}},{"type":"Feature","properties":{"id":"B0177","area_m2":18},"geometry":{"type":"Polygon","coordinates":[[[44.391097,33.3402258],[44.3911211,33.3402581],[44.391159,33.3402383],[44.391135,33.340206],[44.391097,33.3402258]]]}},{"type":"Feature","properties":{"id":"B0178","area_m2":99},"geometry":{"type":"Polygon","coordinates":[[[44.39081,33.339969],[44.3909193,33.3400712],[44.3909715,33.3400322],[44.3908623,33.33993],[44.39081,33.339969]]]}},{"type":"Feature","properties":{"id":"B0179","area_m2":172},"geometry":{"type":"Polygon","coordinates":[[[44.3919147,33.3408517],[44.3919244,33.3408226],[44.3918372,33.3408024],[44.3918427,33.3407858],[44.3917156,33.3407564],[44.3916812,33.3408605],[44.3918033,33.3408887],[44.3918226,33.3408304],[44.3919147,33.3408517]]]}},{"type":"Feature","properties":{"id":"B0180","area_m2":23},"geometry":{"type":"Polygon","coordinates":[[[44.3897788,33.3389524],[44.3897994,33.3389831],[44.3898544,33.3389572],[44.3898338,33.3389266],[44.3897788,33.3389524]]]}},{"type":"Feature","properties":{"id":"B0181","area_m2":53},"geometry":{"type":"Polygon","coordinates":[[[44.390044,33.3391274],[44.3899994,33.3391632],[44.3900677,33.3392227],[44.3901124,33.3391869],[44.390044,33.3391274]]]}},{"type":"Feature","properties":{"id":"B0182","area_m2":52},"geometry":{"type":"Polygon","coordinates":[[[44.3911207,33.3401842],[44.3912149,33.3402568],[44.391247,33.3402277],[44.3911528,33.3401552],[44.3911207,33.3401842]]]}},{"type":"Feature","properties":{"id":"B0184","area_m2":23},"geometry":{"type":"Polygon","coordinates":[[[44.3908521,33.3398245],[44.3908182,33.3398078],[44.3907836,33.3398569],[44.3908175,33.3398735],[44.3908521,33.3398245]]]}},{"type":"Feature","properties":{"id":"B0185","area_m2":268},"geometry":{"type":"Polygon","coordinates":[[[44.3910968,33.3399352],[44.3910432,33.3399758],[44.3910304,33.3400057],[44.3909961,33.3400317],[44.3909685,33.3400962],[44.3909581,33.3400931],[44.3909437,33.3401268],[44.3909645,33.3401331],[44.3910079,33.3401001],[44.3910452,33.3401113],[44.3910312,33.3401438],[44.3910929,33.3402006],[44.3910999,33.3402027],[44.3910718,33.3402682],[44.3910885,33.3402732],[44.3911355,33.3401635],[44.3911503,33.3401522],[44.3911162,33.3401208],[44.3911224,33.3401063],[44.3910835,33.3400947],[44.3911172,33.3400161],[44.3910407,33.3400741],[44.3910174,33.3400671],[44.3911057,33.3400001],[44.3911511,33.3400419],[44.3911849,33.3400162],[44.3910968,33.3399352]]]}},{"type":"Feature","properties":{"id":"B0186","area_m2":24},"geometry":{"type":"Polygon","coordinates":[[[44.3909008,33.339859],[44.3908622,33.3398313],[44.3908271,33.3398654],[44.3908656,33.3398931],[44.3909008,33.339859]]]}},{"type":"Feature","properties":{"id":"B0188","area_m2":20},"geometry":{"type":"Polygon","coordinates":[[[44.3903341,33.3393326],[44.3903099,33.3393579],[44.3903558,33.3393885],[44.39038,33.3393631],[44.3903341,33.3393326]]]}},{"type":"Feature","properties":{"id":"B0189","area_m2":913},"geometry":{"type":"Polygon","coordinates":[[[44.3905755,33.3396563],[44.3903333,33.3393617],[44.390278,33.3393935],[44.3903631,33.339497],[44.3903194,33.3395221],[44.3904377,33.3396659],[44.3904942,33.3396335],[44.3906049,33.3397682],[44.3907215,33.3397013],[44.3907904,33.339785],[44.3909234,33.3397086],[44.3908095,33.3395701],[44.3908532,33.339545],[44.3908056,33.3394872],[44.3906581,33.3395719],[44.3906787,33.339597],[44.3905755,33.3396563]]]}},{"type":"Feature","properties":{"id":"B0190","area_m2":1128},"geometry":{"type":"Polygon","coordinates":[[[44.3911733,33.3404525],[44.3913165,33.3405606],[44.3916808,33.340224],[44.3915479,33.3401237],[44.3914606,33.3402044],[44.3913652,33.3401324],[44.3912937,33.3401984],[44.3913832,33.3402659],[44.3913626,33.340285],[44.3912716,33.3402163],[44.3911809,33.3403002],[44.3912674,33.3403655],[44.3911733,33.3404525]]]}},{"type":"Feature","properties":{"id":"B0191","area_m2":247},"geometry":{"type":"Polygon","coordinates":[[[44.389992,33.3389735],[44.3901081,33.3388973],[44.3900755,33.3388627],[44.3898815,33.33899],[44.3899062,33.3390164],[44.3898814,33.3390327],[44.3899113,33.3390645],[44.3899777,33.339021],[44.3900265,33.3390729],[44.3899585,33.3391176],[44.3899905,33.3391515],[44.3900949,33.3390829],[44.389992,33.3389735]]]}},{"type":"Feature","properties":{"id":"B0192","area_m2":211},"geometry":{"type":"Polygon","coordinates":[[[44.3910638,33.3398827],[44.39106,33.3398954],[44.3909878,33.33988],[44.391,33.33984],[44.3909244,33.3398239],[44.3908827,33.3399607],[44.3909599,33.3399771],[44.3909606,33.339975],[44.3910496,33.339994],[44.3910823,33.3398867],[44.3910638,33.3398827]]]}},{"type":"Feature","properties":{"id":"B0193","area_m2":207},"geometry":{"type":"Polygon","coordinates":[[[44.3911596,33.3401455],[44.3911562,33.3401486],[44.3912407,33.3402125],[44.3913328,33.3401276],[44.3912011,33.340028],[44.3911124,33.3401098],[44.3911596,33.3401455]]]}},{"type":"Feature","properties":{"id":"B0194","area_m2":579},"geometry":{"type":"Polygon","coordinates":[[[44.3903884,33.33945],[44.3905976,33.3396272],[44.390758,33.339495],[44.3905488,33.3393178],[44.3903884,33.33945]]]}},{"type":"Feature","properties":{"id":"B0195","area_m2":307},"geometry":{"type":"Polygon","coordinates":[[[44.3920107,33.3406233],[44.3918632,33.3405657],[44.3917706,33.3407313],[44.3919182,33.3407889],[44.3920107,33.3406233]]]}},{"type":"Feature","properties":{"id":"B0196","area_m2":157},"geometry":{"type":"Polygon","coordinates":[[[44.3908388,33.3397871],[44.3909334,33.3398541],[44.391028,33.3397609],[44.3909334,33.3396938],[44.3908388,33.3397871]]]}},{"type":"Feature","properties":{"id":"B0197","area_m2":693},"geometry":{"type":"Polygon","coordinates":[[[44.3903498,33.339123],[44.3901521,33.3392039],[44.3901298,33.3392212],[44.3901779,33.3392645],[44.3900912,33.3393319],[44.3902404,33.3392709],[44.3902728,33.3393],[44.3902962,33.3393399],[44.3903346,33.3393242],[44.3904116,33.3393934],[44.3904659,33.3393512],[44.3904477,33.3393586],[44.3905582,33.3392728],[44.3905246,33.3392154],[44.3905707,33.3392568],[44.390615,33.3392386],[44.3905872,33.3391912],[44.390561,33.3391676],[44.3905383,33.3391289],[44.3905208,33.339136],[44.3904546,33.3391874],[44.3904521,33.3391832],[44.390398,33.3392053],[44.3903498,33.339123]]]}},{"type":"Feature","properties":{"id":"B0199","area_m2":724},"geometry":{"type":"Polygon","coordinates":[[[44.3921227,33.3409114],[44.3922091,33.3409446],[44.3921913,33.3409769],[44.3921404,33.3409573],[44.3920997,33.3410313],[44.392144,33.3410483],[44.3920962,33.3411353],[44.3922092,33.3411786],[44.3922554,33.3410945],[44.392294,33.3411093],[44.3923942,33.3409269],[44.3923933,33.3409266],[44.3924218,33.3408747],[44.3921914,33.3407864],[44.3921227,33.3409114]]]}},{"type":"Feature","properties":{"id":"B0200","area_m2":398},"geometry":{"type":"Polygon","coordinates":[[[44.3920079,33.3406407],[44.3919572,33.3408377],[44.392047,33.3408538],[44.3920426,33.340871],[44.3921272,33.3408861],[44.3921465,33.3408112],[44.3920798,33.3407992],[44.3920848,33.3407799],[44.3921771,33.3407965],[44.3921859,33.3407622],[44.3922346,33.340771],[44.3922484,33.3407174],[44.3920971,33.3406903],[44.3921054,33.3406582],[44.3920079,33.3406407]]]}},{"type":"Feature","properties":{"id":"B0202","area_m2":219},"geometry":{"type":"Polygon","coordinates":[[[44.3913325,33.3399339],[44.3912249,33.3400368],[44.391342,33.3401223],[44.3914497,33.3400194],[44.3913325,33.3399339]]]}},{"type":"Feature","properties":{"id":"B0203","area_m2":105},"geometry":{"type":"Polygon","coordinates":[[[44.3915378,33.340113],[44.3914286,33.3400503],[44.3913647,33.3401278],[44.3914139,33.3401561],[44.3914352,33.3401302],[44.3914952,33.3401647],[44.3915378,33.340113]]]}},{"type":"Feature","properties":{"id":"B0204","area_m2":305},"geometry":{"type":"Polygon","coordinates":[[[44.3918306,33.3405165],[44.3919336,33.3403751],[44.3917808,33.3402975],[44.3916779,33.3404389],[44.3918306,33.3405165]]]}},{"type":"Feature","properties":{"id":"B0205","area_m2":249},"geometry":{"type":"Polygon","coordinates":[[[44.3910277,33.3396224],[44.3909554,33.3395595],[44.391,33.3395237],[44.3909155,33.3394504],[44.3908389,33.3395119],[44.3908965,33.339562],[44.3908394,33.3396079],[44.3909386,33.339694],[44.3910277,33.3396224]]]}},{"type":"Feature","properties":{"id":"B0206","area_m2":296},"geometry":{"type":"Polygon","coordinates":[[[44.3914224,33.3398459],[44.3913294,33.3397804],[44.391143,33.339965],[44.3912214,33.3400202],[44.3912498,33.339992],[44.3912645,33.3400023],[44.3914224,33.3398459]]]}},{"type":"Feature","properties":{"id":"B0208","area_m2":92},"geometry":{"type":"Polygon","coordinates":[[[44.3910071,33.339707],[44.3910956,33.339707],[44.3910956,33.3397272],[44.3911412,33.3397272],[44.3911412,33.3396599],[44.3910769,33.3396599],[44.3910769,33.3396353],[44.3910071,33.3396353],[44.3910071,33.339707]]]}},{"type":"Feature","properties":{"id":"B0209","area_m2":52},"geometry":{"type":"Polygon","coordinates":[[[44.3913906,33.3399122],[44.3913571,33.3399418],[44.3914479,33.3400134],[44.3914813,33.3399838],[44.3913906,33.3399122]]]}},{"type":"Feature","properties":{"id":"B0210","area_m2":38},"geometry":{"type":"Polygon","coordinates":[[[44.3923377,33.3407629],[44.3922526,33.3407438],[44.3922395,33.3407845],[44.3923246,33.3408035],[44.3923377,33.3407629]]]}},{"type":"Feature","properties":{"id":"B0212","area_m2":44},"geometry":{"type":"Polygon","coordinates":[[[44.390087,33.3386327],[44.3899921,33.3387076],[44.3900188,33.3387313],[44.3901137,33.3386564],[44.390087,33.3386327]]]}},{"type":"Feature","properties":{"id":"B0214","area_m2":99},"geometry":{"type":"Polygon","coordinates":[[[44.3915015,33.3399561],[44.391436,33.3400529],[44.3915113,33.3400884],[44.3915767,33.3399916],[44.3915015,33.3399561]]]}},{"type":"Feature","properties":{"id":"B0216","area_m2":77},"geometry":{"type":"Polygon","coordinates":[[[44.391097,33.3395631],[44.3910321,33.339505],[44.3909633,33.3395586],[44.3910282,33.3396167],[44.391097,33.3395631]]]}},{"type":"Feature","properties":{"id":"B0217","area_m2":25},"geometry":{"type":"Polygon","coordinates":[[[44.3911526,33.3396317],[44.3911214,33.3395981],[44.3910762,33.3396274],[44.3911074,33.339661],[44.3911526,33.3396317]]]}},{"type":"Feature","properties":{"id":"B0218","area_m2":189},"geometry":{"type":"Polygon","coordinates":[[[44.3917752,33.3401288],[44.3916241,33.3400387],[44.3915556,33.3401189],[44.3917068,33.340209],[44.3917752,33.3401288]]]}},{"type":"Feature","properties":{"id":"B0219","area_m2":65},"geometry":{"type":"Polygon","coordinates":[[[44.3912362,33.3397225],[44.3912042,33.3397436],[44.3912668,33.33981],[44.3913661,33.3397446],[44.3913413,33.3397183],[44.391274,33.3397626],[44.3912362,33.3397225]]]}},{"type":"Feature","properties":{"id":"B0220","area_m2":22},"geometry":{"type":"Polygon","coordinates":[[[44.3901272,33.3387269],[44.3901468,33.3387501],[44.3902095,33.3387132],[44.3901899,33.33869],[44.3901272,33.3387269]]]}},{"type":"Feature","properties":{"id":"B0222","area_m2":124},"geometry":{"type":"Polygon","coordinates":[[[44.3914627,33.3398314],[44.3913878,33.3398978],[44.3914835,33.3399732],[44.3915584,33.3399067],[44.3914627,33.3398314]]]}},{"type":"Feature","properties":{"id":"B0223","area_m2":1134},"geometry":{"type":"Polygon","coordinates":[[[44.3918447,33.3405373],[44.3922826,33.3407076],[44.3923708,33.3405491],[44.3922341,33.340496],[44.3921654,33.3406193],[44.3921689,33.3405456],[44.3920838,33.3405125],[44.3921571,33.3403809],[44.3920872,33.3403538],[44.3920727,33.3403307],[44.3921456,33.340333],[44.39215,33.3402392],[44.3920831,33.3402132],[44.3920497,33.3402733],[44.3920255,33.3402839],[44.3920297,33.3401947],[44.3919255,33.3401542],[44.3919071,33.3401874],[44.3919509,33.3402044],[44.39191,33.3402223],[44.3919399,33.34027],[44.3919151,33.3403145],[44.3919553,33.3403787],[44.3920728,33.3404244],[44.3920164,33.3405257],[44.3919613,33.3405043],[44.3920081,33.3404202],[44.391999,33.3404056],[44.3919324,33.3403798],[44.3918447,33.3405373]]]}},{"type":"Feature","properties":{"id":"B0224","area_m2":27},"geometry":{"type":"Polygon","coordinates":[[[44.3913349,33.3397784],[44.3913991,33.3398204],[44.3914226,33.3397954],[44.3913583,33.3397534],[44.3913349,33.3397784]]]}},{"type":"Feature","properties":{"id":"B0225","area_m2":17},"geometry":{"type":"Polygon","coordinates":[[[44.3905454,33.3390321],[44.3905662,33.3390607],[44.390608,33.3390394],[44.3905871,33.3390108],[44.3905454,33.3390321]]]}},{"type":"Feature","properties":{"id":"B0227","area_m2":177},"geometry":{"type":"Polygon","coordinates":[[[44.3911954,33.3396385],[44.3911667,33.3396689],[44.3912307,33.339711],[44.3913232,33.3396128],[44.3912179,33.3395435],[44.3911846,33.3395787],[44.3911393,33.3395489],[44.3911087,33.3395814],[44.3911954,33.3396385]]]}},{"type":"Feature","properties":{"id":"B0228","area_m2":197},"geometry":{"type":"Polygon","coordinates":[[[44.3916944,33.3400688],[44.3917665,33.3399883],[44.3916356,33.3399067],[44.3915778,33.3399714],[44.3916174,33.3399961],[44.3915994,33.3400162],[44.3915828,33.3400058],[44.391512,33.3400849],[44.3915407,33.3401028],[44.3916153,33.3400194],[44.3916944,33.3400688]]]}},{"type":"Feature","properties":{"id":"B0229","area_m2":41},"geometry":{"type":"Polygon","coordinates":[[[44.3916943,33.3400793],[44.3917788,33.3401288],[44.3918053,33.3400973],[44.3917207,33.3400478],[44.3916943,33.3400793]]]}},{"type":"Feature","properties":{"id":"B0230","area_m2":112},"geometry":{"type":"Polygon","coordinates":[[[44.3921044,33.3405108],[44.3922006,33.3405413],[44.3922251,33.3404873],[44.3922822,33.3405054],[44.3922951,33.3404771],[44.3921417,33.3404285],[44.3921044,33.3405108]]]}},{"type":"Feature","properties":{"id":"B0232","area_m2":21},"geometry":{"type":"Polygon","coordinates":[[[44.3913869,33.3397603],[44.3914179,33.3397944],[44.3914554,33.3397707],[44.3914244,33.3397366],[44.3913869,33.3397603]]]}},{"type":"Feature","properties":{"id":"B0233","area_m2":280},"geometry":{"type":"Polygon","coordinates":[[[44.3909573,33.3394862],[44.3910094,33.3395234],[44.3910306,33.3395028],[44.3911157,33.3395636],[44.3911978,33.3394835],[44.3911009,33.3394141],[44.3911844,33.3393327],[44.3911581,33.3393139],[44.3911342,33.3393371],[44.3911033,33.339315],[44.3910648,33.3393525],[44.3910819,33.3393647],[44.3909573,33.3394862]]]}},{"type":"Feature","properties":{"id":"B0234","area_m2":25},"geometry":{"type":"Polygon","coordinates":[[[44.3908067,33.339126],[44.3907474,33.3391493],[44.3907661,33.3391823],[44.3908253,33.339159],[44.3908067,33.339126]]]}},{"type":"Feature","properties":{"id":"B0235","area_m2":175},"geometry":{"type":"Polygon","coordinates":[[[44.3912806,33.3397542],[44.391339,33.3397084],[44.3913885,33.3397524],[44.3914185,33.3397289],[44.3914653,33.3397706],[44.3915066,33.3397382],[44.3913741,33.3396203],[44.3912445,33.3397221],[44.3912806,33.3397542]]]}},{"type":"Feature","properties":{"id":"B0236","area_m2":163},"geometry":{"type":"Polygon","coordinates":[[[44.3923817,33.3405235],[44.3923075,33.3407203],[44.3923807,33.3407396],[44.3924549,33.3405428],[44.3923817,33.3405235]]]}},{"type":"Feature","properties":{"id":"B0238","area_m2":13},"geometry":{"type":"Polygon","coordinates":[[[44.3907994,33.3391234],[44.3907812,33.3390944],[44.3907463,33.3391098],[44.3907645,33.3391388],[44.3907994,33.3391234]]]}},{"type":"Feature","properties":{"id":"B0239","area_m2":19},"geometry":{"type":"Polygon","coordinates":[[[44.3904907,33.3388129],[44.3904415,33.3388358],[44.3904608,33.3388649],[44.39051,33.3388421],[44.3904907,33.3388129]]]}},{"type":"Feature","properties":{"id":"B0240","area_m2":22},"geometry":{"type":"Polygon","coordinates":[[[44.3916435,33.3398718],[44.3916131,33.3398518],[44.3915727,33.3398947],[44.3916031,33.3399147],[44.3916435,33.3398718]]]}},{"type":"Feature","properties":{"id":"B0241","area_m2":208},"geometry":{"type":"Polygon","coordinates":[[[44.3915866,33.3397073],[44.3914574,33.3398058],[44.3915501,33.3398908],[44.3916794,33.3397922],[44.3915866,33.3397073]]]}},{"type":"Feature","properties":{"id":"B0242","area_m2":29},"geometry":{"type":"Polygon","coordinates":[[[44.3908634,33.3390914],[44.390811,33.3391123],[44.390836,33.3391561],[44.3908885,33.3391352],[44.3908634,33.3390914]]]}},{"type":"Feature","properties":{"id":"B0243","area_m2":116},"geometry":{"type":"Polygon","coordinates":[[[44.3906718,33.3390106],[44.3907132,33.3390881],[44.3908339,33.3390431],[44.3907925,33.3389656],[44.3906718,33.3390106]]]}},{"type":"Feature","properties":{"id":"B0245","area_m2":17},"geometry":{"type":"Polygon","coordinates":[[[44.3917505,33.3399195],[44.3917067,33.3398961],[44.391686,33.3399232],[44.3917298,33.3399466],[44.3917505,33.3399195]]]}},{"type":"Feature","properties":{"id":"B0246","area_m2":29},"geometry":{"type":"Polygon","coordinates":[[[44.3914158,33.3395955],[44.391368,33.3395594],[44.3913326,33.3395922],[44.3913804,33.3396282],[44.3914158,33.3395955]]]}},{"type":"Feature","properties":{"id":"B0247","area_m2":55},"geometry":{"type":"Polygon","coordinates":[[[44.3906413,33.3389704],[44.3906663,33.3390111],[44.3907703,33.3389665],[44.3907452,33.3389257],[44.3906413,33.3389704]]]}},{"type":"Feature","properties":{"id":"B0248","area_m2":94},"geometry":{"type":"Polygon","coordinates":[[[44.3911239,33.3394026],[44.3912102,33.3394795],[44.391273,33.3394304],[44.3911867,33.3393535],[44.3911239,33.3394026]]]}},{"type":"Feature","properties":{"id":"B0250","area_m2":118},"geometry":{"type":"Polygon","coordinates":[[[44.3913063,33.3394348],[44.3912247,33.3395086],[44.3913087,33.3395734],[44.3913903,33.3394996],[44.3913063,33.3394348]]]}},{"type":"Feature","properties":{"id":"B0251","area_m2":22},"geometry":{"type":"Polygon","coordinates":[[[44.3924448,33.3406019],[44.3924894,33.3406074],[44.3924978,33.3405604],[44.3924531,33.3405549],[44.3924448,33.3406019]]]}},{"type":"Feature","properties":{"id":"B0253","area_m2":61},"geometry":{"type":"Polygon","coordinates":[[[44.3921439,33.3403488],[44.3921956,33.3403639],[44.3922386,33.3402612],[44.392187,33.3402461],[44.3921439,33.3403488]]]}},{"type":"Feature","properties":{"id":"B0254","area_m2":17},"geometry":{"type":"Polygon","coordinates":[[[44.3911323,33.3393096],[44.391122,33.339263],[44.3910883,33.3392682],[44.3910986,33.3393148],[44.3911323,33.3393096]]]}},{"type":"Feature","properties":{"id":"B0255","area_m2":191},"geometry":{"type":"Polygon","coordinates":[[[44.3922525,33.3402743],[44.3921791,33.3404214],[44.3922866,33.3404588],[44.3923599,33.3403117],[44.3922525,33.3402743]]]}},{"type":"Feature","properties":{"id":"B0256","area_m2":33},"geometry":{"type":"Polygon","coordinates":[[[44.3914597,33.3395553],[44.3914054,33.3395198],[44.3913709,33.3395567],[44.3914252,33.3395922],[44.3914597,33.3395553]]]}},{"type":"Feature","properties":{"id":"B0257","area_m2":117},"geometry":{"type":"Polygon","coordinates":[[[44.3917714,33.3398801],[44.391814,33.3398454],[44.3917323,33.3397753],[44.3916347,33.3398549],[44.391695,33.3399065],[44.39175,33.3398617],[44.3917714,33.3398801]]]}},{"type":"Feature","properties":{"id":"B0258","area_m2":431},"geometry":{"type":"Polygon","coordinates":[[[44.392065,33.3398379],[44.391999,33.3398076],[44.3919441,33.3398913],[44.3919008,33.3398715],[44.3918845,33.3398964],[44.3918123,33.3398634],[44.3917919,33.3398944],[44.3917734,33.3398859],[44.3917248,33.33996],[44.3917743,33.3399827],[44.3917291,33.3400516],[44.3918095,33.3400884],[44.3918457,33.3400333],[44.3918684,33.3400437],[44.3919113,33.3399782],[44.3919588,33.3399999],[44.392065,33.3398379]]]}},{"type":"Feature","properties":{"id":"B0259","area_m2":29},"geometry":{"type":"Polygon","coordinates":[[[44.3904268,33.3385785],[44.3904456,33.3386418],[44.3904876,33.338633],[44.3904687,33.3385698],[44.3904268,33.3385785]]]}},{"type":"Feature","properties":{"id":"B0260","area_m2":25},"geometry":{"type":"Polygon","coordinates":[[[44.390949,33.339104],[44.3909699,33.3391306],[44.3910328,33.3390959],[44.3910119,33.3390694],[44.390949,33.339104]]]}},{"type":"Feature","properties":{"id":"B0261","area_m2":321},"geometry":{"type":"Polygon","coordinates":[[[44.3904098,33.3387943],[44.3904283,33.3388274],[44.3905097,33.3387956],[44.3905365,33.3388434],[44.3907808,33.3387479],[44.3907489,33.3386909],[44.3908787,33.3386402],[44.3908653,33.3386163],[44.3904098,33.3387943]]]}},{"type":"Feature","properties":{"id":"B0262","area_m2":11},"geometry":{"type":"Polygon","coordinates":[[[44.3905417,33.3386542],[44.3905633,33.3386957],[44.3905858,33.3386875],[44.3905643,33.338646],[44.3905417,33.3386542]]]}},{"type":"Feature","properties":{"id":"B0263","area_m2":56},"geometry":{"type":"Polygon","coordinates":[[[44.3905041,33.3385346],[44.3904753,33.3384977],[44.3903718,33.3385541],[44.3904007,33.338591],[44.3905041,33.3385346]]]}},{"type":"Feature","properties":{"id":"B0264","area_m2":45},"geometry":{"type":"Polygon","coordinates":[[[44.3924318,33.3403404],[44.3923755,33.3403174],[44.3923391,33.3403797],[44.3923954,33.3404027],[44.3924318,33.3403404]]]}},{"type":"Feature","properties":{"id":"B0265","area_m2":304},"geometry":{"type":"Polygon","coordinates":[[[44.3924479,33.3403471],[44.3924197,33.3404349],[44.3923747,33.3404248],[44.3923535,33.3404908],[44.3925578,33.3405365],[44.3926071,33.3403828],[44.3924479,33.3403471]]]}},{"type":"Feature","properties":{"id":"B0266","area_m2":566},"geometry":{"type":"Polygon","coordinates":[[[44.3923332,33.3400962],[44.3921639,33.3400431],[44.3921494,33.3400754],[44.3921026,33.340128],[44.3921628,33.339994],[44.3921357,33.3400244],[44.392158,33.3399749],[44.3921116,33.3399461],[44.3919549,33.3401222],[44.3920134,33.3401585],[44.3920717,33.3401768],[44.3921228,33.3402085],[44.392263,33.3402525],[44.3923332,33.3400962]]]}},{"type":"Feature","properties":{"id":"B0267","area_m2":41},"geometry":{"type":"Polygon","coordinates":[[[44.3905702,33.3385909],[44.3905239,33.3385304],[44.3904775,33.3385552],[44.3905237,33.3386157],[44.3905702,33.3385909]]]}},{"type":"Feature","properties":{"id":"B0268","area_m2":490},"geometry":{"type":"Polygon","coordinates":[[[44.3910122,33.3388536],[44.3909319,33.3387296],[44.3907928,33.3387924],[44.3907704,33.3387577],[44.3906051,33.3388324],[44.3906444,33.3388931],[44.3906839,33.3388753],[44.3907024,33.3389039],[44.3907431,33.3388855],[44.390788,33.3389549],[44.3910122,33.3388536]]]}},{"type":"Feature","properties":{"id":"B0269","area_m2":39},"geometry":{"type":"Polygon","coordinates":[[[44.3923695,33.3402262],[44.3922934,33.3402069],[44.392277,33.340252],[44.3923531,33.3402713],[44.3923695,33.3402262]]]}},{"type":"Feature","properties":{"id":"B0271","area_m2":55},"geometry":{"type":"Polygon","coordinates":[[[44.3906835,33.3386555],[44.3906598,33.3386064],[44.3905666,33.3386377],[44.3905903,33.3386869],[44.3906835,33.3386555]]]}},{"type":"Feature","properties":{"id":"B0272","area_m2":515},"geometry":{"type":"Polygon","coordinates":[[[44.3911788,33.3389702],[44.391135,33.3388907],[44.3910952,33.338906],[44.3910534,33.3388302],[44.3910113,33.3388463],[44.3910246,33.3388704],[44.3907966,33.338958],[44.3908821,33.3391134],[44.3910415,33.3390521],[44.3909967,33.3389707],[44.3910365,33.3389554],[44.3910681,33.3390127],[44.3911788,33.3389702]]]}},{"type":"Feature","properties":{"id":"B0273","area_m2":900},"geometry":{"type":"Polygon","coordinates":[[[44.3925066,33.340631],[44.3927382,33.3407107],[44.3927675,33.3406513],[44.3929325,33.3407082],[44.3930034,33.3405645],[44.3928544,33.3405132],[44.3928619,33.3404979],[44.3926143,33.3404126],[44.3925066,33.340631]]]}},{"type":"Feature","properties":{"id":"B0274","area_m2":27},"geometry":{"type":"Polygon","coordinates":[[[44.3905929,33.3385078],[44.3905349,33.338532],[44.3905568,33.3385688],[44.3906148,33.3385446],[44.3905929,33.3385078]]]}},{"type":"Feature","properties":{"id":"B0275","area_m2":40},"geometry":{"type":"Polygon","coordinates":[[[44.3919924,33.3397859],[44.3919008,33.3398352],[44.391924,33.3398653],[44.3920156,33.3398159],[44.3919924,33.3397859]]]}},{"type":"Feature","properties":{"id":"B0276","area_m2":49},"geometry":{"type":"Polygon","coordinates":[[[44.3911969,33.33918],[44.3912889,33.3391833],[44.3912915,33.3391319],[44.3911995,33.3391286],[44.3911969,33.33918]]]}},{"type":"Feature","properties":{"id":"B0277","area_m2":63},"geometry":{"type":"Polygon","coordinates":[[[44.3910654,33.3390058],[44.3910724,33.3390612],[44.3911822,33.3390515],[44.3911751,33.3389961],[44.3910654,33.3390058]]]}},{"type":"Feature","properties":{"id":"B0278","area_m2":11},"geometry":{"type":"Polygon","coordinates":[[[44.3912195,33.3390637],[44.3912156,33.3390902],[44.3912553,33.3390942],[44.3912591,33.3390677],[44.3912195,33.3390637]]]}},{"type":"Feature","properties":{"id":"B0279","area_m2":38},"geometry":{"type":"Polygon","coordinates":[[[44.3918064,33.3395858],[44.3917768,33.3396189],[44.3918481,33.3396633],[44.3918777,33.3396302],[44.3918064,33.3395858]]]}},{"type":"Feature","properties":{"id":"B0280","area_m2":37},"geometry":{"type":"Polygon","coordinates":[[[44.3917926,33.3395094],[44.3917474,33.3394816],[44.3917026,33.3395324],[44.3917478,33.3395603],[44.3917926,33.3395094]]]}},{"type":"Feature","properties":{"id":"B0281","area_m2":36},"geometry":{"type":"Polygon","coordinates":[[[44.3906094,33.3384818],[44.3906201,33.3385247],[44.3906972,33.3385113],[44.3906865,33.3384684],[44.3906094,33.3384818]]]}},{"type":"Feature","properties":{"id":"B0282","area_m2":125},"geometry":{"type":"Polygon","coordinates":[[[44.3904249,33.3382347],[44.3902442,33.3380737],[44.3902042,33.338105],[44.3903849,33.338266],[44.3904249,33.3382347]]]}},{"type":"Feature","properties":{"id":"B0284","area_m2":102},"geometry":{"type":"Polygon","coordinates":[[[44.3922053,33.3398608],[44.392132,33.3399558],[44.3922059,33.3399956],[44.3922792,33.3399006],[44.3922053,33.3398608]]]}},{"type":"Feature","properties":{"id":"B0285","area_m2":198},"geometry":{"type":"Polygon","coordinates":[[[44.3918478,33.3396704],[44.3920859,33.3398155],[44.3921318,33.3397628],[44.3918938,33.3396178],[44.3918478,33.3396704]]]}},{"type":"Feature","properties":{"id":"B0286","area_m2":305},"geometry":{"type":"Polygon","coordinates":[[[44.3922932,33.3401963],[44.3923734,33.3402239],[44.3924736,33.3400208],[44.3923841,33.33999],[44.3924106,33.3399364],[44.3923532,33.3399167],[44.3922833,33.3400584],[44.3923498,33.3400813],[44.3922932,33.3401963]]]}},{"type":"Feature","properties":{"id":"B0287","area_m2":32},"geometry":{"type":"Polygon","coordinates":[[[44.3913274,33.339034],[44.3912809,33.339071],[44.3913205,33.3391057],[44.3913669,33.3390688],[44.3913274,33.339034]]]}},{"type":"Feature","properties":{"id":"B0288","area_m2":274},"geometry":{"type":"Polygon","coordinates":[[[44.3924039,33.3401873],[44.3926217,33.3402624],[44.3926624,33.34018],[44.3924996,33.340124],[44.3925422,33.3400378],[44.3924871,33.3400188],[44.3924039,33.3401873]]]}},{"type":"Feature","properties":{"id":"B0290","area_m2":40},"geometry":{"type":"Polygon","coordinates":[[[44.3909254,33.3386537],[44.3909398,33.3387106],[44.3910055,33.338699],[44.3909911,33.3386421],[44.3909254,33.3386537]]]}},{"type":"Feature","properties":{"id":"B0292","area_m2":75},"geometry":{"type":"Polygon","coordinates":[[[44.3921138,33.3396469],[44.3920462,33.3397126],[44.3921094,33.339758],[44.392177,33.3396923],[44.3921138,33.3396469]]]}},{"type":"Feature","properties":{"id":"B0293","area_m2":994},"geometry":{"type":"Polygon","coordinates":[[[44.392091,33.3394539],[44.3919358,33.3393078],[44.3919418,33.3393033],[44.3918513,33.3392181],[44.3916937,33.3393349],[44.3916944,33.3393355],[44.3915308,33.3394568],[44.391606,33.3395276],[44.3916675,33.339482],[44.3916249,33.3394419],[44.3916804,33.3394007],[44.3917963,33.3395098],[44.3917798,33.339522],[44.3918764,33.339613],[44.392091,33.3394539]]]}},{"type":"Feature","properties":{"id":"B0295","area_m2":174},"geometry":{"type":"Polygon","coordinates":[[[44.3924803,33.3398614],[44.3923543,33.3398067],[44.3923225,33.3398579],[44.3922696,33.339835],[44.3922444,33.3398756],[44.3922859,33.3398936],[44.3922497,33.3399518],[44.3922949,33.3399714],[44.3923339,33.3399087],[44.392355,33.3399178],[44.392378,33.3398808],[44.3924491,33.3399116],[44.3924803,33.3398614]]]}},{"type":"Feature","properties":{"id":"B0296","area_m2":174},"geometry":{"type":"Polygon","coordinates":[[[44.3920837,33.3394994],[44.3919539,33.3396151],[44.3920473,33.3396882],[44.3921423,33.3396035],[44.3920832,33.3395572],[44.392118,33.3395262],[44.3920837,33.3394994]]]}},{"type":"Feature","properties":{"id":"B0297","area_m2":75},"geometry":{"type":"Polygon","coordinates":[[[44.3904408,33.3381343],[44.3905657,33.3382083],[44.3905986,33.3381696],[44.3904737,33.3380955],[44.3904408,33.3381343]]]}},{"type":"Feature","properties":{"id":"B0298","area_m2":59},"geometry":{"type":"Polygon","coordinates":[[[44.3927145,33.340259],[44.392812,33.340301],[44.3928404,33.3402549],[44.3927429,33.340213],[44.3927145,33.340259]]]}},{"type":"Feature","properties":{"id":"B0299","area_m2":21},"geometry":{"type":"Polygon","coordinates":[[[44.3910601,33.338628],[44.3910291,33.3385729],[44.3909983,33.338585],[44.3910293,33.3386401],[44.3910601,33.338628]]]}},{"type":"Feature","properties":{"id":"B0300","area_m2":110},"geometry":{"type":"Polygon","coordinates":[[[44.3925479,33.339917],[44.3924698,33.3398809],[44.3924006,33.3399857],[44.3924788,33.3400218],[44.3925479,33.339917]]]}},{"type":"Feature","properties":{"id":"B0301","area_m2":53},"geometry":{"type":"Polygon","coordinates":[[[44.3909634,33.3384688],[44.3908782,33.3385228],[44.3909131,33.3385612],[44.3909983,33.3385073],[44.3909634,33.3384688]]]}},{"type":"Feature","properties":{"id":"B0302","area_m2":574},"geometry":{"type":"Polygon","coordinates":[[[44.3916548,33.3390222],[44.3915245,33.3389039],[44.3915681,33.3388704],[44.391524,33.3388304],[44.3914418,33.3388936],[44.3914143,33.3388687],[44.3913316,33.3389324],[44.3913924,33.3389876],[44.3913416,33.3390267],[44.3913797,33.3390612],[44.3913332,33.339097],[44.3913653,33.3391261],[44.3914233,33.3390814],[44.3914942,33.3391457],[44.3916548,33.3390222]]]}},{"type":"Feature","properties":{"id":"B0303","area_m2":60},"geometry":{"type":"Polygon","coordinates":[[[44.3912706,33.3387274],[44.3912303,33.3386633],[44.3911588,33.3386947],[44.3911991,33.3387588],[44.3912706,33.3387274]]]}},{"type":"Feature","properties":{"id":"B0304","area_m2":347},"geometry":{"type":"Polygon","coordinates":[[[44.3925857,33.3399413],[44.3925141,33.3400871],[44.3927048,33.3401524],[44.3927405,33.3400795],[44.3927543,33.3400842],[44.3927901,33.3400113],[44.3925857,33.3399413]]]}},{"type":"Feature","properties":{"id":"B0305","area_m2":148},"geometry":{"type":"Polygon","coordinates":[[[44.3921414,33.3396555],[44.3922666,33.3397047],[44.3923192,33.3396111],[44.392194,33.3395619],[44.3921414,33.3396555]]]}},{"type":"Feature","properties":{"id":"B0306","area_m2":456},"geometry":{"type":"Polygon","coordinates":[[[44.3903358,33.3379593],[44.3905921,33.3381877],[44.3906998,33.3381034],[44.390487,33.3379138],[44.3904593,33.3379355],[44.3904158,33.3378967],[44.3903358,33.3379593]]]}},{"type":"Feature","properties":{"id":"B0308","area_m2":97},"geometry":{"type":"Polygon","coordinates":[[[44.3922399,33.3395086],[44.3921726,33.3394572],[44.3921205,33.3395049],[44.3921419,33.3395213],[44.3920965,33.3395628],[44.3921424,33.3395978],[44.3922399,33.3395086]]]}},{"type":"Feature","properties":{"id":"B0309","area_m2":322},"geometry":{"type":"Polygon","coordinates":[[[44.3912305,33.3383703],[44.3911895,33.3383214],[44.3910468,33.338405],[44.3910241,33.338378],[44.3909097,33.338445],[44.3908776,33.3384067],[44.3907852,33.3384609],[44.3908425,33.3385292],[44.3909576,33.3384618],[44.3909961,33.3385076],[44.3912305,33.3383703]]]}},{"type":"Feature","properties":{"id":"B0310","area_m2":257},"geometry":{"type":"Polygon","coordinates":[[[44.3928747,33.340194],[44.3928097,33.3403182],[44.3928705,33.3403404],[44.3930034,33.3400864],[44.3929313,33.3400601],[44.3929057,33.340109],[44.3928562,33.3400909],[44.3928139,33.3401718],[44.3928747,33.340194]]]}},{"type":"Feature","properties":{"id":"B0311","area_m2":22},"geometry":{"type":"Polygon","coordinates":[[[44.3904146,33.33788],[44.3904375,33.3379258],[44.3904763,33.3379122],[44.3904534,33.3378665],[44.3904146,33.33788]]]}},{"type":"Feature","properties":{"id":"B0312","area_m2":119},"geometry":{"type":"Polygon","coordinates":[[[44.3928783,33.3400416],[44.3928079,33.3400132],[44.3927307,33.3401465],[44.3928011,33.3401749],[44.3928783,33.3400416]]]}},{"type":"Feature","properties":{"id":"B0313","area_m2":26},"geometry":{"type":"Polygon","coordinates":[[[44.3910243,33.3383681],[44.3909965,33.3383404],[44.3909421,33.3383786],[44.3909698,33.3384062],[44.3910243,33.3383681]]]}},{"type":"Feature","properties":{"id":"B0314","area_m2":229},"geometry":{"type":"Polygon","coordinates":[[[44.3924998,33.3398591],[44.3926306,33.3399153],[44.392713,33.3397813],[44.3925822,33.3397252],[44.3924998,33.3398591]]]}},{"type":"Feature","properties":{"id":"B0315","area_m2":16},"geometry":{"type":"Polygon","coordinates":[[[44.3928916,33.3400421],[44.3928698,33.3400794],[44.3929045,33.3400935],[44.3929262,33.3400563],[44.3928916,33.3400421]]]}},{"type":"Feature","properties":{"id":"B0317","area_m2":80},"geometry":{"type":"Polygon","coordinates":[[[44.3911318,33.3383418],[44.3910643,33.3382801],[44.3909956,33.3383325],[44.3910631,33.3383942],[44.3911318,33.3383418]]]}},{"type":"Feature","properties":{"id":"B0318","area_m2":46},"geometry":{"type":"Polygon","coordinates":[[[44.3910237,33.3382736],[44.3909866,33.3382104],[44.3909295,33.3382337],[44.3909666,33.338297],[44.3910237,33.3382736]]]}},{"type":"Feature","properties":{"id":"B0319","area_m2":89},"geometry":{"type":"Polygon","coordinates":[[[44.3913345,33.3385054],[44.3912359,33.338565],[44.3912856,33.3386224],[44.3913842,33.3385628],[44.3913345,33.3385054]]]}},{"type":"Feature","properties":{"id":"B0320","area_m2":51},"geometry":{"type":"Polygon","coordinates":[[[44.3923211,33.3394674],[44.3922558,33.3394063],[44.392211,33.3394396],[44.3922762,33.3395008],[44.3923211,33.3394674]]]}},{"type":"Feature","properties":{"id":"B0321","area_m2":16},"geometry":{"type":"Polygon","coordinates":[[[44.3908748,33.3381828],[44.3908941,33.3382042],[44.3909392,33.3381757],[44.3909198,33.3381543],[44.3908748,33.3381828]]]}},{"type":"Feature","properties":{"id":"B0322","area_m2":35},"geometry":{"type":"Polygon","coordinates":[[[44.3908776,33.3381056],[44.3908261,33.3381353],[44.3908631,33.33818],[44.3909147,33.3381502],[44.3908776,33.3381056]]]}},{"type":"Feature","properties":{"id":"B0323","area_m2":299},"geometry":{"type":"Polygon","coordinates":[[[44.3910363,33.3385669],[44.3910769,33.3386186],[44.3913693,33.3384582],[44.3914001,33.3384974],[44.3914563,33.3384665],[44.391385,33.3383757],[44.3910363,33.3385669]]]}},{"type":"Feature","properties":{"id":"B0324","area_m2":25},"geometry":{"type":"Polygon","coordinates":[[[44.3909008,33.3382066],[44.3909283,33.3382351],[44.3909803,33.3382001],[44.3909528,33.3381716],[44.3909008,33.3382066]]]}},{"type":"Feature","properties":{"id":"B0325","area_m2":29},"geometry":{"type":"Polygon","coordinates":[[[44.3912163,33.3383991],[44.3911561,33.3384218],[44.3911772,33.3384609],[44.3912374,33.3384383],[44.3912163,33.3383991]]]}},{"type":"Feature","properties":{"id":"B0326","area_m2":554},"geometry":{"type":"Polygon","coordinates":[[[44.3911472,33.3381049],[44.3911128,33.3381442],[44.3910601,33.3381746],[44.3910827,33.3382019],[44.3910118,33.3382428],[44.3910357,33.3382716],[44.3909768,33.3383056],[44.3909505,33.3382737],[44.3908162,33.3383512],[44.3907766,33.338327],[44.3907478,33.3383436],[44.3907154,33.3383806],[44.3907638,33.3384391],[44.3907775,33.3384475],[44.3910758,33.3382754],[44.3910761,33.3382751],[44.3911301,33.3383404],[44.3911737,33.3383152],[44.3911411,33.3382758],[44.3912111,33.3382354],[44.3912515,33.3381892],[44.3912651,33.3381975],[44.3913726,33.3381354],[44.3913034,33.3380932],[44.3912829,33.3381166],[44.3911976,33.3381658],[44.3911472,33.3381049]]]}},{"type":"Feature","properties":{"id":"B0327","area_m2":807},"geometry":{"type":"Polygon","coordinates":[[[44.3925739,33.339524],[44.3923405,33.3397585],[44.3924779,33.3398539],[44.3925438,33.3397877],[44.3925095,33.3397639],[44.3925899,33.3396831],[44.3928167,33.3398406],[44.3929037,33.3397532],[44.3925739,33.339524]]]}},{"type":"Feature","properties":{"id":"B0329","area_m2":33},"geometry":{"type":"Polygon","coordinates":[[[44.3909815,33.3382033],[44.3910048,33.3382369],[44.3910752,33.3382029],[44.3910519,33.3381693],[44.3909815,33.3382033]]]}},{"type":"Feature","properties":{"id":"B0330","area_m2":787},"geometry":{"type":"Polygon","coordinates":[[[44.3913223,33.3386769],[44.3913543,33.3387276],[44.3913504,33.3387333],[44.3914291,33.3387713],[44.3914667,33.3388309],[44.3915724,33.3387843],[44.3915531,33.3387536],[44.3915859,33.3387392],[44.3916084,33.3387748],[44.3916629,33.3388011],[44.3917442,33.3386835],[44.3917326,33.3386779],[44.391674,33.3387037],[44.3916602,33.3387236],[44.391626,33.3387071],[44.3916507,33.3386714],[44.3916962,33.3386513],[44.39165,33.3386291],[44.3915601,33.3386687],[44.3915804,33.3387008],[44.3915154,33.3386694],[44.3916502,33.33861],[44.3915766,33.3384934],[44.3914859,33.3385333],[44.3915377,33.3384584],[44.3914995,33.33844],[44.3914137,33.3385641],[44.3914363,33.3386],[44.3913488,33.3386385],[44.3913223,33.3386769]]]}},{"type":"Feature","properties":{"id":"B0331","area_m2":60},"geometry":{"type":"Polygon","coordinates":[[[44.3921488,33.3391555],[44.3921094,33.3391201],[44.3920216,33.3391883],[44.392061,33.3392237],[44.3921488,33.3391555]]]}},{"type":"Feature","properties":{"id":"B0332","area_m2":21},"geometry":{"type":"Polygon","coordinates":[[[44.3914082,33.3384986],[44.3913634,33.3385208],[44.3913876,33.3385548],[44.3914324,33.3385326],[44.3914082,33.3384986]]]}},{"type":"Feature","properties":{"id":"B0334","area_m2":748},"geometry":{"type":"Polygon","coordinates":[[[44.3926437,33.3399113],[44.3929997,33.3400668],[44.3930768,33.3399436],[44.3929946,33.3399077],[44.3930497,33.3398197],[44.3929001,33.3397544],[44.3928446,33.3398431],[44.3927203,33.3397889],[44.3926437,33.3399113]]]}},{"type":"Feature","properties":{"id":"B0335","area_m2":16},"geometry":{"type":"Polygon","coordinates":[[[44.3913316,33.3384871],[44.3913578,33.3385141],[44.3913934,33.33849],[44.3913671,33.338463],[44.3913316,33.3384871]]]}},{"type":"Feature","properties":{"id":"B0336","area_m2":690},"geometry":{"type":"Polygon","coordinates":[[[44.3908791,33.3377629],[44.3907713,33.3376468],[44.3905678,33.3377788],[44.3905704,33.3377816],[44.3904684,33.3378478],[44.3907029,33.3381001],[44.3907507,33.3380691],[44.3907988,33.3381208],[44.3908597,33.3380813],[44.3907993,33.3380163],[44.3907384,33.3380558],[44.3905799,33.3378853],[44.3906702,33.3378267],[44.3907118,33.3378714],[44.3908791,33.3377629]]]}},{"type":"Feature","properties":{"id":"B0337","area_m2":10},"geometry":{"type":"Polygon","coordinates":[[[44.3930204,33.3400523],[44.3930564,33.3400717],[44.393071,33.3400527],[44.393035,33.3400333],[44.3930204,33.3400523]]]}},{"type":"Feature","properties":{"id":"B0338","area_m2":18},"geometry":{"type":"Polygon","coordinates":[[[44.3912852,33.3383601],[44.3912247,33.3383787],[44.3912359,33.3384043],[44.3912964,33.3383858],[44.3912852,33.3383601]]]}},{"type":"Feature","properties":{"id":"B0339","area_m2":111},"geometry":{"type":"Polygon","coordinates":[[[44.3910369,33.3380113],[44.39088,33.3380969],[44.3909174,33.3381448],[44.3910744,33.3380593],[44.3910369,33.3380113]]]}},{"type":"Feature","properties":{"id":"B0340","area_m2":61},"geometry":{"type":"Polygon","coordinates":[[[44.3917907,33.3389067],[44.3918298,33.338945],[44.3919189,33.3388815],[44.3918797,33.3388432],[44.3917907,33.3389067]]]}},{"type":"Feature","properties":{"id":"B0341","area_m2":86},"geometry":{"type":"Polygon","coordinates":[[[44.3911252,33.3380635],[44.390961,33.3381663],[44.39099,33.3381986],[44.3911542,33.3380958],[44.3911252,33.3380635]]]}},{"type":"Feature","properties":{"id":"B0342","area_m2":93},"geometry":{"type":"Polygon","coordinates":[[[44.3931082,33.3399913],[44.3930601,33.3400836],[44.3931421,33.3401135],[44.3931902,33.3400211],[44.3931082,33.3399913]]]}},{"type":"Feature","properties":{"id":"B0343","area_m2":84},"geometry":{"type":"Polygon","coordinates":[[[44.3911942,33.3383141],[44.3912288,33.3383614],[44.3913545,33.3382972],[44.3913199,33.3382499],[44.3911942,33.3383141]]]}},{"type":"Feature","properties":{"id":"B0344","area_m2":77},"geometry":{"type":"Polygon","coordinates":[[[44.3911257,33.3380579],[44.3911585,33.3380945],[44.3911885,33.3380758],[44.3911389,33.3380205],[44.3909422,33.3381435],[44.3909589,33.3381622],[44.3911257,33.3380579]]]}},{"type":"Feature","properties":{"id":"B0346","area_m2":112},"geometry":{"type":"Polygon","coordinates":[[[44.3927446,33.3395439],[44.3926525,33.3394593],[44.3925821,33.3395128],[44.3926742,33.3395974],[44.3927446,33.3395439]]]}},{"type":"Feature","properties":{"id":"B0347","area_m2":150},"geometry":{"type":"Polygon","coordinates":[[[44.3913847,33.3381407],[44.3911441,33.3382693],[44.391177,33.3383122],[44.3914176,33.3381836],[44.3913847,33.3381407]]]}},{"type":"Feature","properties":{"id":"B0348","area_m2":120},"geometry":{"type":"Polygon","coordinates":[[[44.3928684,33.3396505],[44.3927506,33.3395451],[44.3926919,33.3395909],[44.3928096,33.3396963],[44.3928684,33.3396505]]]}},{"type":"Feature","properties":{"id":"B0349","area_m2":29},"geometry":{"type":"Polygon","coordinates":[[[44.391447,33.3383971],[44.3914922,33.3384403],[44.3915288,33.3384137],[44.3914836,33.3383704],[44.391447,33.3383971]]]}},{"type":"Feature","properties":{"id":"B0350","area_m2":61},"geometry":{"type":"Polygon","coordinates":[[[44.3908553,33.3377806],[44.3909642,33.3378961],[44.3909956,33.3378754],[44.3908868,33.33776],[44.3908553,33.3377806]]]}},{"type":"Feature","properties":{"id":"B0352","area_m2":88},"geometry":{"type":"Polygon","coordinates":[[[44.3911525,33.3381085],[44.3912085,33.3381604],[44.3912992,33.3380919],[44.3912432,33.3380401],[44.3911525,33.3381085]]]}},{"type":"Feature","properties":{"id":"B0353","area_m2":127},"geometry":{"type":"Polygon","coordinates":[[[44.3931375,33.3399152],[44.3931706,33.3399768],[44.3931549,33.3399826],[44.393178,33.3400256],[44.3933119,33.3399753],[44.3932769,33.3399101],[44.3932062,33.3399365],[44.3931852,33.3398974],[44.3931375,33.3399152]]]}},{"type":"Feature","properties":{"id":"B0354","area_m2":30},"geometry":{"type":"Polygon","coordinates":[[[44.3914521,33.3382895],[44.3914234,33.338316],[44.3914839,33.3383617],[44.3915127,33.3383352],[44.3914521,33.3382895]]]}},{"type":"Feature","properties":{"id":"B0356","area_m2":79},"geometry":{"type":"Polygon","coordinates":[[[44.3913168,33.3382415],[44.3913596,33.338288],[44.3914631,33.3382215],[44.3914204,33.338175],[44.3913168,33.3382415]]]}},{"type":"Feature","properties":{"id":"B0357","area_m2":143},"geometry":{"type":"Polygon","coordinates":[[[44.3911807,33.3379328],[44.3910405,33.3380047],[44.3910728,33.3380487],[44.3911449,33.3380117],[44.3911868,33.3380686],[44.3912549,33.3380336],[44.3911807,33.3379328]]]}},{"type":"Feature","properties":{"id":"B0358","area_m2":27},"geometry":{"type":"Polygon","coordinates":[[[44.3929139,33.3395753],[44.3928778,33.3396152],[44.3929187,33.3396411],[44.3929549,33.3396012],[44.3929139,33.3395753]]]}},{"type":"Feature","properties":{"id":"B0359","area_m2":385},"geometry":{"type":"Polygon","coordinates":[[[44.3930032,33.3397885],[44.3930698,33.3398587],[44.3931127,33.3398304],[44.3931479,33.3398676],[44.3933541,33.3397313],[44.3932849,33.3396583],[44.3932195,33.3397015],[44.3931869,33.339667],[44.3930032,33.3397885]]]}},{"type":"Feature","properties":{"id":"B0360","area_m2":610},"geometry":{"type":"Polygon","coordinates":[[[44.3926189,33.339421],[44.3928587,33.3396193],[44.392911,33.3395751],[44.3928135,33.3394945],[44.3929006,33.3394209],[44.3928713,33.3393966],[44.3929773,33.3393072],[44.3928778,33.339225],[44.3927652,33.3393201],[44.3927516,33.3393089],[44.3926189,33.339421]]]}},{"type":"Feature","properties":{"id":"B0361","area_m2":49},"geometry":{"type":"Polygon","coordinates":[[[44.3909758,33.337724],[44.391055,33.3378067],[44.39109,33.3377832],[44.3910108,33.3377006],[44.3909758,33.337724]]]}},{"type":"Feature","properties":{"id":"B0362","area_m2":67},"geometry":{"type":"Polygon","coordinates":[[[44.3908213,33.3376092],[44.3908788,33.3376556],[44.3909464,33.3375972],[44.390889,33.3375508],[44.3908213,33.3376092]]]}},{"type":"Feature","properties":{"id":"B0363","area_m2":300},"geometry":{"type":"Polygon","coordinates":[[[44.3931894,33.3395394],[44.3931496,33.3395608],[44.3931777,33.3395972],[44.393081,33.3396492],[44.3930639,33.3396271],[44.3929861,33.3396689],[44.3929983,33.3396847],[44.3929319,33.3397204],[44.3929796,33.3397822],[44.3931938,33.339667],[44.3932097,33.3396876],[44.3932761,33.3396519],[44.3931894,33.3395394]]]}},{"type":"Feature","properties":{"id":"B0364","area_m2":45},"geometry":{"type":"Polygon","coordinates":[[[44.3931461,33.3395618],[44.3930527,33.339606],[44.3930768,33.3396416],[44.3931702,33.3395974],[44.3931461,33.3395618]]]}},{"type":"Feature","properties":{"id":"B0365","area_m2":343},"geometry":{"type":"Polygon","coordinates":[[[44.3912328,33.3378966],[44.3911867,33.3378463],[44.3911598,33.3378532],[44.3911182,33.3378078],[44.3910745,33.3378191],[44.3910934,33.3378703],[44.3911075,33.3378857],[44.3911754,33.3378682],[44.3911276,33.3378988],[44.391158,33.3379321],[44.391256,33.3379069],[44.3912832,33.3379808],[44.3913091,33.3380091],[44.3913601,33.3379765],[44.3913953,33.3379675],[44.3914329,33.3379434],[44.3914109,33.3379194],[44.3914586,33.3378889],[44.391451,33.3378683],[44.3914165,33.3378306],[44.3913911,33.3378469],[44.3913683,33.337822],[44.3913367,33.3378301],[44.3912328,33.3378966]]]}},{"type":"Feature","properties":{"id":"B0366","area_m2":243},"geometry":{"type":"Polygon","coordinates":[[[44.3929622,33.3395125],[44.3931275,33.3394371],[44.3930851,33.3393722],[44.3928517,33.3394787],[44.3929227,33.3395875],[44.3929909,33.3395564],[44.3929622,33.3395125]]]}},{"type":"Feature","properties":{"id":"B0367","area_m2":38},"geometry":{"type":"Polygon","coordinates":[[[44.3930034,33.3395574],[44.3930888,33.339526],[44.3930701,33.3394903],[44.3929847,33.3395217],[44.3930034,33.3395574]]]}},{"type":"Feature","properties":{"id":"B0368","area_m2":264},"geometry":{"type":"Polygon","coordinates":[[[44.3913735,33.3380814],[44.3914847,33.338162],[44.3915128,33.338152],[44.3915028,33.3381325],[44.3915588,33.3380786],[44.3914719,33.3381095],[44.3914924,33.3380898],[44.3915463,33.3380706],[44.3915275,33.3380338],[44.3914981,33.3380621],[44.3914325,33.3380855],[44.3914621,33.338057],[44.3914993,33.3380437],[44.39148,33.3380058],[44.3915292,33.3379883],[44.3915452,33.3379728],[44.3914899,33.3379328],[44.3913941,33.3379669],[44.391421,33.3380195],[44.3913617,33.3379765],[44.3913231,33.3380137],[44.3913472,33.3380609],[44.3914227,33.338034],[44.3913735,33.3380814]]]}},{"type":"Feature","properties":{"id":"B0369","area_m2":208},"geometry":{"type":"Polygon","coordinates":[[[44.3925671,33.3391382],[44.3926986,33.3392241],[44.3927455,33.3391741],[44.3926995,33.339144],[44.3927242,33.3391176],[44.3925971,33.3390346],[44.3926205,33.3390095],[44.3926172,33.3390074],[44.3925652,33.339063],[44.3925385,33.3390456],[44.3924956,33.3390915],[44.3925388,33.3391197],[44.392574,33.3390822],[44.3926023,33.3391007],[44.3925671,33.3391382]]]}},{"type":"Feature","properties":{"id":"B0370","area_m2":57},"geometry":{"type":"Polygon","coordinates":[[[44.3912851,33.3378051],[44.3912061,33.3377364],[44.3911643,33.33777],[44.3912434,33.3378386],[44.3912851,33.3378051]]]}},{"type":"Feature","properties":{"id":"B0371","area_m2":79},"geometry":{"type":"Polygon","coordinates":[[[44.3926053,33.3390143],[44.392544,33.3389397],[44.392462,33.3389867],[44.3924963,33.3390285],[44.3925237,33.3390128],[44.3925507,33.3390456],[44.3926053,33.3390143]]]}},{"type":"Feature","properties":{"id":"B0372","area_m2":224},"geometry":{"type":"Polygon","coordinates":[[[44.3919869,33.3383932],[44.3918814,33.3382777],[44.3917628,33.3383534],[44.3918683,33.3384688],[44.3919869,33.3383932]]]}},{"type":"Feature","properties":{"id":"B0373","area_m2":154},"geometry":{"type":"Polygon","coordinates":[[[44.3922986,33.3389136],[44.3923145,33.3389325],[44.3924027,33.3388809],[44.3924738,33.3389659],[44.3925315,33.3389322],[44.3925542,33.3389593],[44.3925722,33.3389488],[44.3924626,33.3388178],[44.3922986,33.3389136]]]}},{"type":"Feature","properties":{"id":"B0375","area_m2":71},"geometry":{"type":"Polygon","coordinates":[[[44.3930717,33.3394798],[44.3930981,33.3395268],[44.3931201,33.3395182],[44.3931412,33.3395556],[44.3931953,33.3395344],[44.3931478,33.33945],[44.3930717,33.3394798]]]}},{"type":"Feature","properties":{"id":"B0377","area_m2":460},"geometry":{"type":"Polygon","coordinates":[[[44.3934186,33.3397834],[44.3934929,33.3399629],[44.3935235,33.3399669],[44.3935161,33.3400062],[44.3935521,33.3399958],[44.3935679,33.3400339],[44.3936067,33.3400226],[44.3937106,33.3400363],[44.3937207,33.3399829],[44.3935933,33.3399662],[44.3935984,33.3399392],[44.3935855,33.339908],[44.3935995,33.3398335],[44.3936466,33.3398396],[44.3936622,33.3397565],[44.3935587,33.339743],[44.3934186,33.3397834]]]}},{"type":"Feature","properties":{"id":"B0378","area_m2":935},"geometry":{"type":"Polygon","coordinates":[[[44.3912225,33.3374528],[44.3912182,33.3374554],[44.391144,33.3373685],[44.3908907,33.3375196],[44.3910004,33.337648],[44.3910022,33.3376469],[44.3910472,33.3376996],[44.3910809,33.3376795],[44.3911342,33.3377418],[44.3913563,33.3376094],[44.3912225,33.3374528]]]}},{"type":"Feature","properties":{"id":"B0380","area_m2":130},"geometry":{"type":"Polygon","coordinates":[[[44.3912567,33.3377576],[44.3913024,33.3378057],[44.3914636,33.3376987],[44.3914179,33.3376506],[44.3912567,33.3377576]]]}},{"type":"Feature","properties":{"id":"B0381","area_m2":77},"geometry":{"type":"Polygon","coordinates":[[[44.3928327,33.33908],[44.3928776,33.3390498],[44.3928493,33.3390205],[44.3927492,33.339088],[44.3928056,33.3391463],[44.3928608,33.3391091],[44.3928327,33.33908]]]}},{"type":"Feature","properties":{"id":"B0382","area_m2":51},"geometry":{"type":"Polygon","coordinates":[[[44.3926186,33.3389696],[44.3926736,33.3389766],[44.3926896,33.338889],[44.3926345,33.338882],[44.3926186,33.3389696]]]}},{"type":"Feature","properties":{"id":"B0383","area_m2":234},"geometry":{"type":"Polygon","coordinates":[[[44.3916103,33.3378525],[44.3914745,33.337716],[44.3913761,33.3377842],[44.3915119,33.3379208],[44.3916103,33.3378525]]]}},{"type":"Feature","properties":{"id":"B0386","area_m2":24},"geometry":{"type":"Polygon","coordinates":[[[44.3921346,33.3382937],[44.3921012,33.338263],[44.3920595,33.3382947],[44.3920929,33.3383254],[44.3921346,33.3382937]]]}},{"type":"Feature","properties":{"id":"B0387","area_m2":51},"geometry":{"type":"Polygon","coordinates":[[[44.3921467,33.3382963],[44.3921011,33.3383256],[44.3921639,33.3383939],[44.3922095,33.3383647],[44.3921467,33.3382963]]]}},{"type":"Feature","properties":{"id":"B0388","area_m2":106},"geometry":{"type":"Polygon","coordinates":[[[44.3936015,33.3397],[44.3936225,33.3396117],[44.3935555,33.3396005],[44.3935288,33.3397126],[44.3936965,33.3397405],[44.3937021,33.3397168],[44.3936015,33.3397]]]}},{"type":"Feature","properties":{"id":"B0389","area_m2":27},"geometry":{"type":"Polygon","coordinates":[[[44.3915632,33.3377291],[44.3915294,33.3376881],[44.3914858,33.3377132],[44.3915196,33.3377542],[44.3915632,33.3377291]]]}},{"type":"Feature","properties":{"id":"B0390","area_m2":47},"geometry":{"type":"Polygon","coordinates":[[[44.3923723,33.3384265],[44.3923444,33.3383862],[44.3922599,33.338427],[44.3922878,33.3384673],[44.3923723,33.3384265]]]}},{"type":"Feature","properties":{"id":"B0391","area_m2":1625},"geometry":{"type":"Polygon","coordinates":[[[44.3935429,33.339366],[44.3934615,33.3393224],[44.3933692,33.3393448],[44.3933585,33.3393141],[44.3933257,33.3392965],[44.3931451,33.3392634],[44.3931721,33.339341],[44.3932088,33.3393321],[44.393202,33.3393579],[44.3932423,33.3394735],[44.3933746,33.3395446],[44.3933619,33.339593],[44.3932528,33.3396195],[44.3933928,33.3396946],[44.393379,33.3397126],[44.3933996,33.3397721],[44.3935506,33.3397355],[44.3935038,33.3397103],[44.3935559,33.3395117],[44.3935824,33.3395878],[44.3936427,33.3395988],[44.3936812,33.3395895],[44.3938364,33.3396729],[44.3939213,33.3396523],[44.3939296,33.3396207],[44.3938944,33.3396018],[44.3939158,33.3395202],[44.3935594,33.3394549],[44.3935452,33.3394733],[44.3935344,33.339442],[44.3935584,33.3394108],[44.3935429,33.339366]]]}},{"type":"Feature","properties":{"id":"B0392","area_m2":110},"geometry":{"type":"Polygon","coordinates":[[[44.3923013,33.3383594],[44.3922456,33.3382491],[44.3921637,33.338278],[44.3922194,33.3383883],[44.3923013,33.3383594]]]}},{"type":"Feature","properties":{"id":"B0393","area_m2":300},"geometry":{"type":"Polygon","coordinates":[[[44.3929443,33.338857],[44.3929109,33.338815],[44.3929482,33.3387944],[44.392905,33.3387399],[44.3927608,33.3388197],[44.3927887,33.3388549],[44.3927521,33.3388751],[44.3927373,33.3388564],[44.3926851,33.3388853],[44.3927185,33.3389274],[44.3926805,33.3389484],[44.3927107,33.3389864],[44.3929443,33.338857]]]}},{"type":"Feature","properties":{"id":"B0395","area_m2":224},"geometry":{"type":"Polygon","coordinates":[[[44.3916184,33.3377303],[44.3917324,33.3378666],[44.3917343,33.3378656],[44.3917569,33.3378927],[44.3918182,33.3378569],[44.3917767,33.3378072],[44.3918145,33.3377851],[44.3917194,33.3376714],[44.3916184,33.3377303]]]}},{"type":"Feature","properties":{"id":"B0396","area_m2":129},"geometry":{"type":"Polygon","coordinates":[[[44.391516,33.3376416],[44.3915942,33.3377274],[44.3916866,33.3376686],[44.3916085,33.3375828],[44.391516,33.3376416]]]}},{"type":"Feature","properties":{"id":"B0397","area_m2":67},"geometry":{"type":"Polygon","coordinates":[[[44.3932899,33.3391489],[44.3932354,33.3391053],[44.3931644,33.3391672],[44.3932189,33.3392108],[44.3932899,33.3391489]]]}},{"type":"Feature","properties":{"id":"B0398","area_m2":18},"geometry":{"type":"Polygon","coordinates":[[[44.3911424,33.3371472],[44.3911221,33.3371195],[44.3910772,33.3371424],[44.3910975,33.3371701],[44.3911424,33.3371472]]]}},{"type":"Feature","properties":{"id":"B0399","area_m2":1133},"geometry":{"type":"Polygon","coordinates":[[[44.3925748,33.3384204],[44.3923474,33.3381135],[44.392335,33.33812],[44.3922281,33.3379758],[44.3921708,33.3380055],[44.3921533,33.3379819],[44.3920982,33.3380104],[44.3920694,33.3379715],[44.3921179,33.3379465],[44.3920849,33.337902],[44.3919996,33.3379461],[44.392041,33.3380019],[44.3920041,33.338021],[44.3921206,33.3381781],[44.3922292,33.3381219],[44.3922592,33.3381624],[44.3922076,33.3381891],[44.3924045,33.3384548],[44.392299,33.3385093],[44.3923278,33.3385482],[44.3925748,33.3384204]]]}},{"type":"Feature","properties":{"id":"B0400","area_m2":981},"geometry":{"type":"Polygon","coordinates":[[[44.391209,33.3373416],[44.3914378,33.3375927],[44.3916671,33.3374469],[44.391625,33.3374008],[44.3916522,33.3373835],[44.3914893,33.3372047],[44.3914095,33.3372555],[44.3914063,33.337252],[44.3913427,33.3372924],[44.3913091,33.3372555],[44.3912701,33.3372803],[44.391283,33.3372945],[44.391209,33.3373416]]]}},{"type":"Feature","properties":{"id":"B0401","area_m2":84},"geometry":{"type":"Polygon","coordinates":[[[44.3919251,33.3377874],[44.391828,33.3376765],[44.3917801,33.3377058],[44.3918772,33.3378167],[44.3919251,33.3377874]]]}},{"type":"Feature","properties":{"id":"B0402","area_m2":97},"geometry":{"type":"Polygon","coordinates":[[[44.391814,33.3376682],[44.3917364,33.3375677],[44.391653,33.3376126],[44.3917031,33.3376775],[44.3917516,33.3376514],[44.3917791,33.337687],[44.391814,33.3376682]]]}},{"type":"Feature","properties":{"id":"B0403","area_m2":40},"geometry":{"type":"Polygon","coordinates":[[[44.3913077,33.3372522],[44.3913289,33.3372757],[44.3914346,33.3372088],[44.3914134,33.3371853],[44.3913077,33.3372522]]]}},{"type":"Feature","properties":{"id":"B0404","area_m2":76},"geometry":{"type":"Polygon","coordinates":[[[44.3921695,33.3379959],[44.39221,33.337973],[44.3921353,33.3378807],[44.392093,33.3379046],[44.3921253,33.3379446],[44.392083,33.3379685],[44.3921054,33.3379962],[44.3921496,33.3379713],[44.3921695,33.3379959]]]}},{"type":"Feature","properties":{"id":"B0406","area_m2":22},"geometry":{"type":"Polygon","coordinates":[[[44.3919156,33.3377543],[44.3919374,33.337781],[44.3919912,33.3377503],[44.3919694,33.3377236],[44.3919156,33.3377543]]]}},{"type":"Feature","properties":{"id":"B0407","area_m2":93},"geometry":{"type":"Polygon","coordinates":[[[44.3933851,33.3392029],[44.3935967,33.3392097],[44.3935986,33.3391672],[44.3933871,33.3391604],[44.3933851,33.3392029]]]}},{"type":"Feature","properties":{"id":"B0408","area_m2":155},"geometry":{"type":"Polygon","coordinates":[[[44.3916982,33.337518],[44.3916893,33.3375077],[44.3916261,33.337546],[44.391663,33.3375886],[44.3917281,33.3375492],[44.3918058,33.3376387],[44.3918638,33.3376036],[44.391758,33.3374818],[44.3916982,33.337518]]]}},{"type":"Feature","properties":{"id":"B0409","area_m2":130},"geometry":{"type":"Polygon","coordinates":[[[44.3918893,33.3375981],[44.3918112,33.3376438],[44.391902,33.337752],[44.3919801,33.3377062],[44.3918893,33.3375981]]]}},{"type":"Feature","properties":{"id":"B0410","area_m2":351},"geometry":{"type":"Polygon","coordinates":[[[44.3921558,33.3377907],[44.3921916,33.3378286],[44.3922536,33.3377879],[44.3921858,33.337716],[44.392108,33.3377672],[44.3920363,33.3376911],[44.39198,33.3377282],[44.3920009,33.3377503],[44.3919479,33.3377852],[44.391974,33.3378128],[44.3918879,33.3378695],[44.3919447,33.3379297],[44.3921558,33.3377907]]]}},{"type":"Feature","properties":{"id":"B0411","area_m2":66},"geometry":{"type":"Polygon","coordinates":[[[44.3926854,33.3383102],[44.3926155,33.3383424],[44.392662,33.3384129],[44.3927319,33.3383807],[44.3926854,33.3383102]]]}},{"type":"Feature","properties":{"id":"B0412","area_m2":274},"geometry":{"type":"Polygon","coordinates":[[[44.3929965,33.3384702],[44.3929156,33.3383883],[44.3927082,33.3385313],[44.3927675,33.3385913],[44.3928217,33.3385539],[44.3928433,33.3385758],[44.3929965,33.3384702]]]}},{"type":"Feature","properties":{"id":"B0413","area_m2":43},"geometry":{"type":"Polygon","coordinates":[[[44.3930285,33.3387022],[44.3930846,33.3387433],[44.3931291,33.3387009],[44.393073,33.3386598],[44.3930285,33.3387022]]]}},{"type":"Feature","properties":{"id":"B0414","area_m2":75},"geometry":{"type":"Polygon","coordinates":[[[44.3922768,33.3379709],[44.3923602,33.338062],[44.3924103,33.33803],[44.3923268,33.3379389],[44.3922768,33.3379709]]]}},{"type":"Feature","properties":{"id":"B0415","area_m2":37},"geometry":{"type":"Polygon","coordinates":[[[44.3923848,33.3380715],[44.3924119,33.338116],[44.3924758,33.3380888],[44.3924486,33.3380443],[44.3923848,33.3380715]]]}},{"type":"Feature","properties":{"id":"B0416","area_m2":166},"geometry":{"type":"Polygon","coordinates":[[[44.3940059,33.3395116],[44.3940372,33.3394485],[44.393868,33.3393898],[44.3938109,33.3395045],[44.3938704,33.3395251],[44.3938961,33.3394735],[44.3940059,33.3395116]]]}},{"type":"Feature","properties":{"id":"B0417","area_m2":94},"geometry":{"type":"Polygon","coordinates":[[[44.392042,33.3376922],[44.3918084,33.3374668],[44.3917854,33.3374835],[44.392019,33.3377089],[44.392042,33.3376922]]]}},{"type":"Feature","properties":{"id":"B0418","area_m2":111},"geometry":{"type":"Polygon","coordinates":[[[44.3934111,33.3391237],[44.3934358,33.3391584],[44.3936642,33.3390447],[44.3936394,33.33901],[44.3934111,33.3391237]]]}},{"type":"Feature","properties":{"id":"B0421","area_m2":276},"geometry":{"type":"Polygon","coordinates":[[[44.3935481,33.3389343],[44.393339,33.3390445],[44.3933952,33.3391189],[44.3936637,33.3389773],[44.3936185,33.3389173],[44.393559,33.3389487],[44.3935481,33.3389343]]]}},{"type":"Feature","properties":{"id":"B0423","area_m2":254},"geometry":{"type":"Polygon","coordinates":[[[44.3927576,33.3382227],[44.3926616,33.338275],[44.3927954,33.3384463],[44.3929121,33.3383828],[44.3928802,33.3383419],[44.3928595,33.3383532],[44.3927576,33.3382227]]]}},{"type":"Feature","properties":{"id":"B0424","area_m2":32},"geometry":{"type":"Polygon","coordinates":[[[44.3921454,33.3376771],[44.3921059,33.3376338],[44.3920601,33.3376629],[44.3920996,33.3377063],[44.3921454,33.3376771]]]}},{"type":"Feature","properties":{"id":"B0425","area_m2":104},"geometry":{"type":"Polygon","coordinates":[[[44.3913395,33.3369958],[44.391404,33.3370576],[44.391497,33.3369899],[44.3914325,33.3369281],[44.3913395,33.3369958]]]}},{"type":"Feature","properties":{"id":"B0426","area_m2":202},"geometry":{"type":"Polygon","coordinates":[[[44.3939433,33.3392298],[44.3938359,33.3392054],[44.3938524,33.3391545],[44.393751,33.3391315],[44.393714,33.339245],[44.3939229,33.3392924],[44.3939433,33.3392298]]]}},{"type":"Feature","properties":{"id":"B0428","area_m2":78},"geometry":{"type":"Polygon","coordinates":[[[44.3915757,33.3370281],[44.3914797,33.337008],[44.3914636,33.3370617],[44.3915166,33.3370728],[44.391503,33.3371182],[44.3915459,33.3371272],[44.3915757,33.3370281]]]}},{"type":"Feature","properties":{"id":"B0429","area_m2":67},"geometry":{"type":"Polygon","coordinates":[[[44.3915808,33.3370656],[44.3915318,33.3371036],[44.3916114,33.3371751],[44.3916603,33.3371372],[44.3915808,33.3370656]]]}},{"type":"Feature","properties":{"id":"B0430","area_m2":406},"geometry":{"type":"Polygon","coordinates":[[[44.3923927,33.337965],[44.3925578,33.3381601],[44.3926436,33.3381094],[44.3925425,33.3379899],[44.3926015,33.337955],[44.3926236,33.3379811],[44.3926897,33.337942],[44.3926462,33.3378905],[44.3926122,33.3379106],[44.3925698,33.3378604],[44.3923927,33.337965]]]}},{"type":"Feature","properties":{"id":"B0431","area_m2":38},"geometry":{"type":"Polygon","coordinates":[[[44.3939828,33.3393533],[44.393974,33.33939],[44.3940711,33.3394061],[44.3940799,33.3393695],[44.3939828,33.3393533]]]}},{"type":"Feature","properties":{"id":"B0432","area_m2":159},"geometry":{"type":"Polygon","coordinates":[[[44.3929682,33.3383495],[44.3928533,33.3381914],[44.3927819,33.3382276],[44.3928968,33.3383857],[44.3929682,33.3383495]]]}},{"type":"Feature","properties":{"id":"B0435","area_m2":119},"geometry":{"type":"Polygon","coordinates":[[[44.3924118,33.3377357],[44.3923672,33.3376741],[44.3923044,33.3377058],[44.3922901,33.3376861],[44.3922343,33.3377143],[44.3922931,33.3377956],[44.3924118,33.3377357]]]}},{"type":"Feature","properties":{"id":"B0437","area_m2":172},"geometry":{"type":"Polygon","coordinates":[[[44.3927016,33.3379639],[44.3925837,33.3380215],[44.3926574,33.3381267],[44.3927753,33.3380691],[44.3927016,33.3379639]]]}},{"type":"Feature","properties":{"id":"B0439","area_m2":415},"geometry":{"type":"Polygon","coordinates":[[[44.3916324,33.3372826],[44.3919527,33.3371275],[44.3918875,33.3370335],[44.3915672,33.3371887],[44.3916324,33.3372826]]]}},{"type":"Feature","properties":{"id":"B0440","area_m2":492},"geometry":{"type":"Polygon","coordinates":[[[44.3924779,33.3376504],[44.3924304,33.3376792],[44.3924049,33.3376498],[44.3923688,33.3376717],[44.3924542,33.3377701],[44.3922864,33.3378717],[44.3923641,33.3379613],[44.3925575,33.3378442],[44.3925856,33.3378765],[44.3926436,33.3378414],[44.3924779,33.3376504]]]}},{"type":"Feature","properties":{"id":"B0441","area_m2":102},"geometry":{"type":"Polygon","coordinates":[[[44.391712,33.3370131],[44.3916091,33.3369658],[44.3915604,33.3370397],[44.3916633,33.3370871],[44.391712,33.3370131]]]}},{"type":"Feature","properties":{"id":"B0442","area_m2":229},"geometry":{"type":"Polygon","coordinates":[[[44.3937549,33.339125],[44.3939676,33.3392074],[44.3940154,33.3391215],[44.3938026,33.339039],[44.3937549,33.339125]]]}},{"type":"Feature","properties":{"id":"B0443","area_m2":123},"geometry":{"type":"Polygon","coordinates":[[[44.3931685,33.3383438],[44.3931113,33.3382775],[44.392993,33.3383487],[44.3930503,33.3384151],[44.3931685,33.3383438]]]}},{"type":"Feature","properties":{"id":"B0444","area_m2":26},"geometry":{"type":"Polygon","coordinates":[[[44.3922463,33.3376054],[44.3922678,33.3376327],[44.3923333,33.3375967],[44.3923119,33.3375694],[44.3922463,33.3376054]]]}},{"type":"Feature","properties":{"id":"B0445","area_m2":75},"geometry":{"type":"Polygon","coordinates":[[[44.3928728,33.3381851],[44.3929171,33.3382552],[44.3929977,33.3382197],[44.3929534,33.3381496],[44.3928728,33.3381851]]]}},{"type":"Feature","properties":{"id":"B0447","area_m2":749},"geometry":{"type":"Polygon","coordinates":[[[44.3931904,33.3385376],[44.3930612,33.3386079],[44.3931054,33.3386645],[44.3934097,33.3384989],[44.3933699,33.3384479],[44.3934046,33.3384291],[44.3933101,33.3383079],[44.39328,33.3383243],[44.3932057,33.338229],[44.3931586,33.3382546],[44.3931733,33.3382735],[44.3931338,33.338295],[44.3931787,33.3383525],[44.3930856,33.3384032],[44.3931904,33.3385376]]]}},{"type":"Feature","properties":{"id":"B0451","area_m2":473},"geometry":{"type":"Polygon","coordinates":[[[44.3942148,33.3393335],[44.3942802,33.3392346],[44.3942466,33.3392191],[44.3942811,33.3391669],[44.394169,33.3391151],[44.3941144,33.3391975],[44.3940541,33.3391696],[44.393961,33.3393103],[44.3940048,33.3393306],[44.3940287,33.3392945],[44.3940492,33.339304],[44.3940265,33.3393383],[44.3941415,33.3393915],[44.3941631,33.3393589],[44.3941282,33.3393428],[44.3941532,33.339305],[44.3942148,33.3393335]]]}},{"type":"Feature","properties":{"id":"B0452","area_m2":53},"geometry":{"type":"Polygon","coordinates":[[[44.3931035,33.3381869],[44.3930193,33.3382297],[44.3930515,33.3382739],[44.3931356,33.3382311],[44.3931035,33.3381869]]]}},{"type":"Feature","properties":{"id":"B0453","area_m2":2061},"geometry":{"type":"Polygon","coordinates":[[[44.3918472,33.3374558],[44.3920208,33.3376734],[44.3921875,33.3375805],[44.3922305,33.3375735],[44.3922234,33.3375433],[44.3922418,33.3375402],[44.3922783,33.337586],[44.3923414,33.3375508],[44.3923823,33.337602],[44.3926181,33.3374706],[44.3924347,33.3372409],[44.3923968,33.3372471],[44.3923606,33.3372018],[44.3923086,33.3372307],[44.3922826,33.3371982],[44.3921844,33.3372529],[44.39223,33.3372454],[44.3921681,33.3372799],[44.392268,33.337405],[44.3923156,33.3373971],[44.3922597,33.3374283],[44.3921805,33.337329],[44.3921362,33.3373537],[44.3920791,33.3373631],[44.3921718,33.3373114],[44.3921322,33.3372618],[44.3920617,33.337301],[44.3920668,33.3373225],[44.3920106,33.3373317],[44.3918403,33.3374266],[44.3918472,33.3374558]]]}},{"type":"Feature","properties":{"id":"B0455","area_m2":429},"geometry":{"type":"Polygon","coordinates":[[[44.3918718,33.3368784],[44.3918111,33.3368097],[44.3918008,33.3367836],[44.3917212,33.3368054],[44.391539,33.3369177],[44.3915903,33.3369757],[44.3916135,33.3369694],[44.3916894,33.3369226],[44.3917252,33.3369632],[44.3916939,33.3369825],[44.3917109,33.3370259],[44.3917302,33.3370478],[44.3917486,33.3370945],[44.3918241,33.3370479],[44.3918057,33.337001],[44.3917512,33.3369393],[44.3918324,33.3368892],[44.3918718,33.3368784]]]}},{"type":"Feature","properties":{"id":"B0456","area_m2":615},"geometry":{"type":"Polygon","coordinates":[[[44.3930641,33.3380169],[44.3929068,33.3378084],[44.3927168,33.3379085],[44.3927973,33.3380152],[44.3927677,33.3380308],[44.3928445,33.3381325],[44.3930641,33.3380169]]]}},{"type":"Feature","properties":{"id":"B0457","area_m2":100},"geometry":{"type":"Polygon","coordinates":[[[44.3930206,33.3380739],[44.3930644,33.3381775],[44.3931479,33.3381529],[44.393104,33.3380493],[44.3930206,33.3380739]]]}},{"type":"Feature","properties":{"id":"B0459","area_m2":594},"geometry":{"type":"Polygon","coordinates":[[[44.3926483,33.3375997],[44.3925566,33.3376447],[44.3926059,33.3377146],[44.39257,33.3377323],[44.3926005,33.3377755],[44.3926136,33.3377691],[44.3927003,33.3378923],[44.3929084,33.3377901],[44.3928017,33.3376385],[44.3927738,33.3376523],[44.3927469,33.337614],[44.3926811,33.3376463],[44.3926483,33.3375997]]]}},{"type":"Feature","properties":{"id":"B0460","area_m2":18},"geometry":{"type":"Polygon","coordinates":[[[44.392082,33.3370974],[44.3920593,33.3370474],[44.3920288,33.337057],[44.3920515,33.3371071],[44.392082,33.3370974]]]}},{"type":"Feature","properties":{"id":"B0464","area_m2":21},"geometry":{"type":"Polygon","coordinates":[[[44.3925719,33.3375744],[44.3925903,33.3375981],[44.3926507,33.3375653],[44.3926323,33.3375417],[44.3925719,33.3375744]]]}},{"type":"Feature","properties":{"id":"B0465","area_m2":64},"geometry":{"type":"Polygon","coordinates":[[[44.3943549,33.3391393],[44.3943023,33.3390831],[44.394234,33.3391276],[44.3942865,33.3391839],[44.3943549,33.3391393]]]}},{"type":"Feature","properties":{"id":"B0466","area_m2":29},"geometry":{"type":"Polygon","coordinates":[[[44.394258,33.3390505],[44.3942025,33.3390984],[44.3942329,33.339123],[44.3942884,33.3390751],[44.394258,33.3390505]]]}},{"type":"Feature","properties":{"id":"B0467","area_m2":1041},"geometry":{"type":"Polygon","coordinates":[[[44.3938102,33.3389367],[44.3939107,33.338973],[44.3938762,33.3389897],[44.3939335,33.3390104],[44.393948,33.3390313],[44.3940774,33.3390782],[44.3942536,33.3387386],[44.3942041,33.3386669],[44.3941771,33.3386572],[44.3938811,33.3388],[44.3938102,33.3389367]]]}},{"type":"Feature","properties":{"id":"B0469","area_m2":391},"geometry":{"type":"Polygon","coordinates":[[[44.3937562,33.3387017],[44.3938367,33.3388086],[44.3940904,33.3386753],[44.3940098,33.3385684],[44.3937562,33.3387017]]]}},{"type":"Feature","properties":{"id":"B0471","area_m2":33},"geometry":{"type":"Polygon","coordinates":[[[44.3942873,33.3389484],[44.3942444,33.338964],[44.3942773,33.3390274],[44.3943202,33.3390118],[44.3942873,33.3389484]]]}},{"type":"Feature","properties":{"id":"B0473","area_m2":26},"geometry":{"type":"Polygon","coordinates":[[[44.3930058,33.3377402],[44.3929675,33.3376961],[44.3929306,33.3377184],[44.3929688,33.3377625],[44.3930058,33.3377402]]]}},{"type":"Feature","properties":{"id":"B0475","area_m2":295},"geometry":{"type":"Polygon","coordinates":[[[44.3945386,33.33908],[44.3944832,33.3390023],[44.3945208,33.3389836],[44.3944842,33.3389323],[44.3942883,33.3390298],[44.3943673,33.3391406],[44.3944366,33.3391061],[44.3944495,33.3391243],[44.3945386,33.33908]]]}},{"type":"Feature","properties":{"id":"B0476","area_m2":621},"geometry":{"type":"Polygon","coordinates":[[[44.3938866,33.3383071],[44.3938031,33.3383431],[44.3938228,33.3383749],[44.3937104,33.3384233],[44.3937475,33.3384835],[44.3937306,33.3384908],[44.3937524,33.3385262],[44.3937024,33.3385477],[44.3937624,33.3386451],[44.3940253,33.338532],[44.3938866,33.3383071]]]}},{"type":"Feature","properties":{"id":"B0477","area_m2":87},"geometry":{"type":"Polygon","coordinates":[[[44.3923756,33.3370098],[44.3923226,33.3370347],[44.3923426,33.3370644],[44.392264,33.3371013],[44.3922887,33.337138],[44.3924203,33.3370762],[44.3923756,33.3370098]]]}},{"type":"Feature","properties":{"id":"B0478","area_m2":16},"geometry":{"type":"Polygon","coordinates":[[[44.3943058,33.338879],[44.3943414,33.3388948],[44.3943636,33.3388597],[44.3943279,33.338844],[44.3943058,33.338879]]]}},{"type":"Feature","properties":{"id":"B0479","area_m2":83},"geometry":{"type":"Polygon","coordinates":[[[44.3944709,33.3389114],[44.394437,33.3388652],[44.3943104,33.3389302],[44.3943444,33.3389764],[44.3944709,33.3389114]]]}},{"type":"Feature","properties":{"id":"B0480","area_m2":41},"geometry":{"type":"Polygon","coordinates":[[[44.3945791,33.3390796],[44.3945347,33.3389859],[44.3944976,33.3389982],[44.3945421,33.3390919],[44.3945791,33.3390796]]]}},{"type":"Feature","properties":{"id":"B0481","area_m2":12},"geometry":{"type":"Polygon","coordinates":[[[44.3945495,33.3390079],[44.3945662,33.3390425],[44.3945939,33.3390332],[44.3945771,33.3389985],[44.3945495,33.3390079]]]}},{"type":"Feature","properties":{"id":"B0482","area_m2":206},"geometry":{"type":"Polygon","coordinates":[[[44.3926629,33.3371618],[44.3925622,33.3370456],[44.3924495,33.3371137],[44.3925502,33.3372299],[44.3926629,33.3371618]]]}},{"type":"Feature","properties":{"id":"B0483","area_m2":84},"geometry":{"type":"Polygon","coordinates":[[[44.3923108,33.3369349],[44.39238,33.3370078],[44.3924482,33.3369626],[44.392379,33.3368897],[44.3923108,33.3369349]]]}},{"type":"Feature","properties":{"id":"B0484","area_m2":73},"geometry":{"type":"Polygon","coordinates":[[[44.3946602,33.3390687],[44.3946045,33.338953],[44.3945606,33.3389677],[44.3945934,33.339036],[44.3945718,33.3390432],[44.3945946,33.3390907],[44.3946602,33.3390687]]]}},{"type":"Feature","properties":{"id":"B0485","area_m2":28},"geometry":{"type":"Polygon","coordinates":[[[44.3930267,33.337506],[44.3929929,33.3374576],[44.3929508,33.337478],[44.3929847,33.3375265],[44.3930267,33.337506]]]}},{"type":"Feature","properties":{"id":"B0486","area_m2":32},"geometry":{"type":"Polygon","coordinates":[[[44.3929785,33.3374577],[44.3929228,33.337397],[44.3928907,33.3374176],[44.3929464,33.3374782],[44.3929785,33.3374577]]]}},{"type":"Feature","properties":{"id":"B0487","area_m2":117},"geometry":{"type":"Polygon","coordinates":[[[44.3923781,33.3370091],[44.392423,33.3370643],[44.3925633,33.3369847],[44.3925184,33.3369295],[44.3923781,33.3370091]]]}},{"type":"Feature","properties":{"id":"B0489","area_m2":240},"geometry":{"type":"Polygon","coordinates":[[[44.3943429,33.3388082],[44.3943555,33.3388015],[44.3943986,33.3388577],[44.3944557,33.3388272],[44.394376,33.3387233],[44.3943912,33.3387151],[44.3943011,33.3385975],[44.3942162,33.3386429],[44.3943429,33.3388082]]]}},{"type":"Feature","properties":{"id":"B0490","area_m2":60},"geometry":{"type":"Polygon","coordinates":[[[44.3922086,33.3366884],[44.3921619,33.3366354],[44.3920906,33.3366793],[44.3921372,33.3367323],[44.3922086,33.3366884]]]}},{"type":"Feature","properties":{"id":"B0491","area_m2":33},"geometry":{"type":"Polygon","coordinates":[[[44.3930297,33.3374975],[44.3930578,33.337536],[44.3931184,33.3375052],[44.3930903,33.3374666],[44.3930297,33.3374975]]]}},{"type":"Feature","properties":{"id":"B0492","area_m2":219},"geometry":{"type":"Polygon","coordinates":[[[44.394591,33.3387648],[44.3945554,33.3387843],[44.3945731,33.3388069],[44.3944773,33.3388592],[44.3945069,33.3388969],[44.394475,33.3389143],[44.3945217,33.3389739],[44.3946418,33.3389082],[44.3946307,33.3388941],[44.3946739,33.3388704],[44.394591,33.3387648]]]}},{"type":"Feature","properties":{"id":"B0494","area_m2":87},"geometry":{"type":"Polygon","coordinates":[[[44.3944581,33.338682],[44.3943921,33.3387178],[44.3944619,33.3388077],[44.3945279,33.3387719],[44.3944581,33.338682]]]}},{"type":"Feature","properties":{"id":"B0495","area_m2":1543},"geometry":{"type":"Polygon","coordinates":[[[44.3933772,33.3376161],[44.3931711,33.3373463],[44.3930158,33.3373726],[44.3929771,33.3373514],[44.392971,33.3373264],[44.3930445,33.3373139],[44.3930712,33.3372998],[44.3930086,33.3372179],[44.3929609,33.337226],[44.3929199,33.3372036],[44.3928298,33.3370856],[44.3927612,33.3371222],[44.3927308,33.3370824],[44.3926999,33.3370989],[44.3926304,33.3370608],[44.3926385,33.3370945],[44.3926228,33.3371146],[44.392815,33.3373662],[44.3928595,33.3373587],[44.3929366,33.3374009],[44.3929741,33.3374501],[44.3930312,33.3374196],[44.3929964,33.3374641],[44.3930368,33.3374862],[44.39313,33.3374364],[44.3931768,33.3374977],[44.3931246,33.3375066],[44.393067,33.3375373],[44.3930255,33.3375146],[44.3929935,33.3375316],[44.3931265,33.3377057],[44.3932477,33.3376851],[44.3933772,33.3376161]]]}},{"type":"Feature","properties":{"id":"B0496","area_m2":567},"geometry":{"type":"Polygon","coordinates":[[[44.3940095,33.3383727],[44.3940342,33.3384076],[44.3940103,33.3384194],[44.3941276,33.3385857],[44.3941575,33.338571],[44.3941821,33.3386059],[44.3943454,33.3385255],[44.3942726,33.3384224],[44.3942109,33.3384528],[44.3941863,33.3384179],[44.39424,33.3383914],[44.3941708,33.3382933],[44.3940095,33.3383727]]]}},{"type":"Feature","properties":{"id":"B0497","area_m2":2098},"geometry":{"type":"Polygon","coordinates":[[[44.3938926,33.3380121],[44.3935722,33.3375851],[44.3932303,33.3377642],[44.3935507,33.3381912],[44.3938926,33.3380121]]]}},{"type":"Feature","properties":{"id":"B0498","area_m2":36},"geometry":{"type":"Polygon","coordinates":[[[44.3946827,33.3388734],[44.3946375,33.338898],[44.3946792,33.3389515],[44.3947244,33.3389269],[44.3946827,33.3388734]]]}},{"type":"Feature","properties":{"id":"B0499","area_m2":159},"geometry":{"type":"Polygon","coordinates":[[[44.3944793,33.3386675],[44.3944327,33.338594],[44.3944389,33.3385913],[44.3944068,33.3385405],[44.3943062,33.338585],[44.394385,33.3387092],[44.3944793,33.3386675]]]}},{"type":"Feature","properties":{"id":"B0502","area_m2":81},"geometry":{"type":"Polygon","coordinates":[[[44.3926989,33.3370306],[44.3927494,33.3370095],[44.3927221,33.3369639],[44.3926191,33.337007],[44.3926642,33.3370822],[44.3927167,33.3370603],[44.3926989,33.3370306]]]}},{"type":"Feature","properties":{"id":"B0503","area_m2":44},"geometry":{"type":"Polygon","coordinates":[[[44.3941327,33.3382903],[44.3940912,33.3382406],[44.3940335,33.3382742],[44.394075,33.338324],[44.3941327,33.3382903]]]}},{"type":"Feature","properties":{"id":"B0504","area_m2":294},"geometry":{"type":"Polygon","coordinates":[[[44.3921182,33.3364746],[44.3921089,33.3364613],[44.3920569,33.3364866],[44.3921398,33.3366053],[44.3923198,33.3365174],[44.3922181,33.3363721],[44.3921781,33.3363916],[44.3922062,33.3364317],[44.3921182,33.3364746]]]}},{"type":"Feature","properties":{"id":"B0505","area_m2":17},"geometry":{"type":"Polygon","coordinates":[[[44.3930765,33.3373154],[44.3930956,33.3373546],[44.3931311,33.3373426],[44.393112,33.3373033],[44.3930765,33.3373154]]]}},{"type":"Feature","properties":{"id":"B0509","area_m2":669},"geometry":{"type":"Polygon","coordinates":[[[44.3949838,33.3388838],[44.3948693,33.3386858],[44.3947932,33.3387165],[44.3947739,33.3386831],[44.3946151,33.3387472],[44.394759,33.3389961],[44.3948517,33.3389587],[44.3948259,33.338914],[44.3948593,33.3389005],[44.3948751,33.3389277],[44.3949838,33.3388838]]]}},{"type":"Feature","properties":{"id":"B0512","area_m2":1697},"geometry":{"type":"Polygon","coordinates":[[[44.394762,33.3386383],[44.3942219,33.3380146],[44.394148,33.3380593],[44.3941722,33.3380872],[44.3941282,33.3381138],[44.3941626,33.3381535],[44.3941055,33.338188],[44.3944469,33.3385823],[44.3944229,33.3385967],[44.394563,33.3387586],[44.394762,33.3386383]]]}},{"type":"Feature","properties":{"id":"B0516","area_m2":292},"geometry":{"type":"Polygon","coordinates":[[[44.39248,33.3364538],[44.3924003,33.3363098],[44.3922289,33.336376],[44.3922698,33.3364499],[44.3922897,33.3364422],[44.3923285,33.3365123],[44.39248,33.3364538]]]}},{"type":"Feature","properties":{"id":"B0517","area_m2":2412},"geometry":{"type":"Polygon","coordinates":[[[44.394045,33.337623],[44.3940479,33.3375719],[44.3939865,33.3375381],[44.393937,33.3374682],[44.3939394,33.3374265],[44.3938292,33.337422],[44.3937908,33.3373678],[44.3936988,33.3374132],[44.393695,33.3374793],[44.3936543,33.3374777],[44.393689,33.3374338],[44.3936399,33.3374581],[44.3936386,33.3374802],[44.3935732,33.3374776],[44.3936807,33.3374244],[44.3935831,33.3372866],[44.3935455,33.3372659],[44.3932486,33.3374127],[44.393381,33.3375995],[44.3935866,33.3374979],[44.3935866,33.3374977],[44.3937772,33.3377666],[44.3938395,33.3377358],[44.3937971,33.3377895],[44.3938109,33.3378089],[44.3940218,33.3378174],[44.3940555,33.337836],[44.3942173,33.337631],[44.3942183,33.3376135],[44.3942431,33.3376012],[44.3942032,33.3375448],[44.394045,33.337623]]]}},{"type":"Feature","properties":{"id":"B0518","area_m2":169},"geometry":{"type":"Polygon","coordinates":[[[44.3926118,33.3364445],[44.3926901,33.3365693],[44.3927932,33.3365241],[44.3927148,33.3363993],[44.3926118,33.3364445]]]}},{"type":"Feature","properties":{"id":"B0519","area_m2":2441},"geometry":{"type":"Polygon","coordinates":[[[44.3936943,33.3371698],[44.3935128,33.336922],[44.3933969,33.3367638],[44.3933315,33.3367973],[44.3932646,33.336706],[44.3933281,33.3366735],[44.3932923,33.3366246],[44.3932513,33.3366456],[44.3932453,33.3366374],[44.3931701,33.3366759],[44.3933098,33.3368666],[44.3932777,33.336883],[44.3931846,33.3367559],[44.3931406,33.3367784],[44.3932779,33.3369659],[44.3930077,33.337104],[44.3931319,33.3372735],[44.3931484,33.3372651],[44.3932463,33.3373988],[44.3936943,33.3371698]]]}},{"type":"Feature","properties":{"id":"B0520","area_m2":21},"geometry":{"type":"Polygon","coordinates":[[[44.3928204,33.3365553],[44.3927999,33.3365185],[44.3927536,33.3365365],[44.3927741,33.3365733],[44.3928204,33.3365553]]]}},{"type":"Feature","properties":{"id":"B0521","area_m2":148},"geometry":{"type":"Polygon","coordinates":[[[44.3924098,33.3362609],[44.3924676,33.3363419],[44.3925983,33.3362769],[44.3925405,33.3361958],[44.3924098,33.3362609]]]}},{"type":"Feature","properties":{"id":"B0522","area_m2":3534},"geometry":{"type":"Polygon","coordinates":[[[44.3951514,33.3385104],[44.3949681,33.338621],[44.3949477,33.3385974],[44.3948831,33.3386364],[44.3951314,33.3389236],[44.3952047,33.3388793],[44.3952442,33.338925],[44.395192,33.3389565],[44.395472,33.3392806],[44.395576,33.3392178],[44.3955654,33.3392055],[44.3957322,33.3391049],[44.3957098,33.3390789],[44.3957457,33.3390572],[44.3957669,33.3390817],[44.3958509,33.3390311],[44.3955674,33.3387031],[44.3954952,33.3387467],[44.3954544,33.3386996],[44.3954985,33.338673],[44.3953521,33.3385036],[44.3952692,33.3385536],[44.3953019,33.3385914],[44.395249,33.3386233],[44.3951514,33.3385104]]]}},{"type":"Feature","properties":{"id":"B0523","area_m2":183},"geometry":{"type":"Polygon","coordinates":[[[44.3937217,33.3372069],[44.3936231,33.3372524],[44.3936939,33.3373596],[44.3938255,33.3372988],[44.3937642,33.3372061],[44.3937313,33.3372213],[44.3937217,33.3372069]]]}},{"type":"Feature","properties":{"id":"B0524","area_m2":41},"geometry":{"type":"Polygon","coordinates":[[[44.3950155,33.3385084],[44.3950542,33.3385513],[44.395114,33.3385135],[44.3950753,33.3384707],[44.3950155,33.3385084]]]}},{"type":"Feature","properties":{"id":"B0525","area_m2":3921},"geometry":{"type":"Polygon","coordinates":[[[44.3942043,33.3379872],[44.3943416,33.3381438],[44.39438,33.3381203],[44.3944938,33.3382501],[44.3945357,33.3382245],[44.3945761,33.3382706],[44.3945482,33.3382877],[44.3948116,33.3385881],[44.3948569,33.3385603],[44.3948851,33.3385924],[44.3950806,33.3384727],[44.3950473,33.3384348],[44.3951224,33.3383889],[44.3950712,33.3383306],[44.3951411,33.3382878],[44.3949263,33.3380428],[44.3947587,33.3381454],[44.3947523,33.3381381],[44.394871,33.3380654],[44.3948306,33.3380193],[44.3948665,33.3379973],[44.3946294,33.337727],[44.3942043,33.3379872]]]}},{"type":"Feature","properties":{"id":"B0526","area_m2":95},"geometry":{"type":"Polygon","coordinates":[[[44.3930079,33.3365282],[44.3930474,33.3366005],[44.393153,33.3365603],[44.3931134,33.336488],[44.3930079,33.3365282]]]}},{"type":"Feature","properties":{"id":"B0527","area_m2":35},"geometry":{"type":"Polygon","coordinates":[[[44.3950582,33.3384343],[44.3950854,33.3384639],[44.3951573,33.3384178],[44.3951301,33.3383882],[44.3950582,33.3384343]]]}},{"type":"Feature","properties":{"id":"B0528","area_m2":195},"geometry":{"type":"Polygon","coordinates":[[[44.3936578,33.3369445],[44.3935758,33.3369844],[44.3936778,33.3371306],[44.3937819,33.3370799],[44.3937149,33.3369839],[44.3936928,33.3369946],[44.3936578,33.3369445]]]}},{"type":"Feature","properties":{"id":"B0529","area_m2":37},"geometry":{"type":"Polygon","coordinates":[[[44.3937722,33.3371504],[44.3937828,33.3371934],[44.3938626,33.3371797],[44.393852,33.3371367],[44.3937722,33.3371504]]]}},{"type":"Feature","properties":{"id":"B0530","area_m2":75},"geometry":{"type":"Polygon","coordinates":[[[44.3935124,33.3369004],[44.3935493,33.3369667],[44.3936397,33.3369315],[44.3936027,33.3368652],[44.3935124,33.3369004]]]}},{"type":"Feature","properties":{"id":"B0531","area_m2":164},"geometry":{"type":"Polygon","coordinates":[[[44.393925,33.3370681],[44.393868,33.3370929],[44.3939191,33.3371751],[44.3937987,33.3372273],[44.3938353,33.3372863],[44.3939207,33.3372492],[44.393917,33.3372432],[44.3939583,33.3372253],[44.3939324,33.3371837],[44.3939831,33.3371617],[44.393925,33.3370681]]]}},{"type":"Feature","properties":{"id":"B0532","area_m2":30},"geometry":{"type":"Polygon","coordinates":[[[44.3943173,33.3376079],[44.3943503,33.3376283],[44.394401,33.3375707],[44.394368,33.3375504],[44.3943173,33.3376079]]]}},{"type":"Feature","properties":{"id":"B0533","area_m2":274},"geometry":{"type":"Polygon","coordinates":[[[44.3935819,33.3367685],[44.3935055,33.3366445],[44.3933019,33.336732],[44.3933368,33.3367887],[44.3934005,33.3367613],[44.3934419,33.3368287],[44.3935819,33.3367685]]]}},{"type":"Feature","properties":{"id":"B0534","area_m2":41},"geometry":{"type":"Polygon","coordinates":[[[44.3930119,33.3363716],[44.3930387,33.3364067],[44.3931189,33.3363641],[44.3930921,33.336329],[44.3930119,33.3363716]]]}},{"type":"Feature","properties":{"id":"B0535","area_m2":113},"geometry":{"type":"Polygon","coordinates":[[[44.39346,33.3366313],[44.3934171,33.3365595],[44.3932947,33.3366106],[44.3933376,33.3366823],[44.39346,33.3366313]]]}},{"type":"Feature","properties":{"id":"B0536","area_m2":129},"geometry":{"type":"Polygon","coordinates":[[[44.3937139,33.3369369],[44.3937792,33.3370679],[44.3938605,33.3370396],[44.3937952,33.3369086],[44.3937139,33.3369369]]]}},{"type":"Feature","properties":{"id":"B0537","area_m2":30},"geometry":{"type":"Polygon","coordinates":[[[44.3940483,33.3372602],[44.394074,33.3372853],[44.3941405,33.3372377],[44.3941148,33.3372126],[44.3940483,33.3372602]]]}},{"type":"Feature","properties":{"id":"B0538","area_m2":32},"geometry":{"type":"Polygon","coordinates":[[[44.3946756,33.3377584],[44.3947457,33.337812],[44.3947724,33.3377876],[44.3947023,33.337734],[44.3946756,33.3377584]]]}},{"type":"Feature","properties":{"id":"B0539","area_m2":274},"geometry":{"type":"Polygon","coordinates":[[[44.393957,33.3371133],[44.3939929,33.3371567],[44.3939521,33.3371802],[44.3940048,33.337244],[44.394189,33.3371377],[44.3941005,33.3370305],[44.393957,33.3371133]]]}},{"type":"Feature","properties":{"id":"B0540","area_m2":140},"geometry":{"type":"Polygon","coordinates":[[[44.3938972,33.3370176],[44.3939435,33.3370975],[44.3940813,33.3370417],[44.394035,33.3369618],[44.3938972,33.3370176]]]}},{"type":"Feature","properties":{"id":"B0541","area_m2":37},"geometry":{"type":"Polygon","coordinates":[[[44.3945395,33.337478],[44.3944879,33.3375318],[44.3945288,33.3375591],[44.3945803,33.3375053],[44.3945395,33.337478]]]}},{"type":"Feature","properties":{"id":"B0542","area_m2":688},"geometry":{"type":"Polygon","coordinates":[[[44.3933751,33.3363408],[44.3932773,33.3361926],[44.3932145,33.3362215],[44.3931996,33.3361989],[44.3931601,33.3361703],[44.3931916,33.3361399],[44.3931683,33.3361046],[44.3930957,33.3360521],[44.3930654,33.3360661],[44.3930136,33.3360286],[44.3929936,33.3359983],[44.3929339,33.3360258],[44.3929657,33.3360739],[44.3929924,33.3360616],[44.3930117,33.3360908],[44.3930302,33.3360823],[44.3930703,33.336143],[44.3930275,33.3361843],[44.3930896,33.3362292],[44.3931273,33.3362863],[44.3931295,33.3362853],[44.3930892,33.3363243],[44.3931484,33.3363671],[44.3931945,33.3364369],[44.3932881,33.3363938],[44.3933496,33.3363655],[44.3933751,33.3363408]]]}},{"type":"Feature","properties":{"id":"B0543","area_m2":170},"geometry":{"type":"Polygon","coordinates":[[[44.3939656,33.3368544],[44.3938867,33.3368817],[44.3938996,33.3369077],[44.3938388,33.3369287],[44.3938815,33.3370148],[44.3940212,33.3369665],[44.3939656,33.3368544]]]}},{"type":"Feature","properties":{"id":"B0544","area_m2":27},"geometry":{"type":"Polygon","coordinates":[[[44.3929768,33.335982],[44.3930204,33.3360102],[44.3930554,33.3359724],[44.3930118,33.3359442],[44.3929768,33.335982]]]}},{"type":"Feature","properties":{"id":"B0546","area_m2":50},"geometry":{"type":"Polygon","coordinates":[[[44.3936622,33.3365093],[44.3936272,33.3364558],[44.393557,33.3364879],[44.393592,33.3365414],[44.3936622,33.3365093]]]}},{"type":"Feature","properties":{"id":"B0548","area_m2":138},"geometry":{"type":"Polygon","coordinates":[[[44.3948227,33.3374978],[44.3947632,33.3374451],[44.3947234,33.3374764],[44.3946891,33.337446],[44.3946194,33.3375008],[44.3947006,33.3375728],[44.3947711,33.3375174],[44.3947836,33.3375285],[44.3948227,33.3374978]]]}},{"type":"Feature","properties":{"id":"B0549","area_m2":640},"geometry":{"type":"Polygon","coordinates":[[[44.3950489,33.3377677],[44.3951766,33.3377091],[44.3951204,33.3376237],[44.3950433,33.3376591],[44.3950162,33.3376178],[44.3949791,33.3376348],[44.3949266,33.337555],[44.39474,33.3376406],[44.3947785,33.3376992],[44.3947517,33.3377115],[44.3948212,33.3378171],[44.3948603,33.3377991],[44.3948807,33.3378301],[44.3950138,33.337769],[44.3949504,33.3376726],[44.394978,33.3376599],[44.3950489,33.3377677]]]}},{"type":"Feature","properties":{"id":"B0550","area_m2":132},"geometry":{"type":"Polygon","coordinates":[[[44.3940545,33.3368824],[44.3941114,33.3368599],[44.3940699,33.3367867],[44.393956,33.3368317],[44.3940183,33.3369415],[44.3940752,33.336919],[44.3940545,33.3368824]]]}},{"type":"Feature","properties":{"id":"B0551","area_m2":92},"geometry":{"type":"Polygon","coordinates":[[[44.393118,33.3359851],[44.3931696,33.3360421],[44.3931414,33.3360599],[44.3932086,33.336134],[44.393264,33.3360989],[44.3931453,33.3359678],[44.393118,33.3359851]]]}},{"type":"Feature","properties":{"id":"B0552","area_m2":37},"geometry":{"type":"Polygon","coordinates":[[[44.3931097,33.3359186],[44.3930537,33.3359394],[44.3930819,33.3359926],[44.393138,33.3359718],[44.3931097,33.3359186]]]}},{"type":"Feature","properties":{"id":"B0553","area_m2":57},"geometry":{"type":"Polygon","coordinates":[[[44.3930841,33.335908],[44.3930226,33.3358222],[44.3929753,33.3358459],[44.3930368,33.3359317],[44.3930841,33.335908]]]}},{"type":"Feature","properties":{"id":"B0554","area_m2":1468},"geometry":{"type":"Polygon","coordinates":[[[44.3951615,33.3377468],[44.3952673,33.3379306],[44.3952305,33.3379087],[44.3952328,33.3379078],[44.3951468,33.3377586],[44.3949125,33.3378528],[44.394959,33.3379335],[44.395143,33.3378596],[44.395132,33.3378726],[44.395151,33.3379056],[44.3951062,33.3379237],[44.3950901,33.3378957],[44.3950117,33.3379272],[44.3951357,33.3381426],[44.3954376,33.3380213],[44.3954172,33.3379859],[44.3953236,33.3379304],[44.3953596,33.3379159],[44.3953912,33.3379346],[44.395445,33.337913],[44.3953863,33.3378111],[44.3954591,33.3377819],[44.3954469,33.3377608],[44.3954757,33.3377269],[44.395426,33.3376405],[44.3951615,33.3377468]]]}},{"type":"Feature","properties":{"id":"B0555","area_m2":44},"geometry":{"type":"Polygon","coordinates":[[[44.3933443,33.336113],[44.3932541,33.336013],[44.3932267,33.3360302],[44.393317,33.3361302],[44.3933443,33.336113]]]}},{"type":"Feature","properties":{"id":"B0556","area_m2":536},"geometry":{"type":"Polygon","coordinates":[[[44.3946531,33.3370919],[44.3945297,33.3370615],[44.3945289,33.3370635],[44.3944204,33.3370368],[44.394324,33.3373098],[44.3944129,33.3373316],[44.3944444,33.3372422],[44.3945149,33.3372595],[44.3945295,33.3372183],[44.3946021,33.3372362],[44.3946531,33.3370919]]]}},{"type":"Feature","properties":{"id":"B0557","area_m2":962},"geometry":{"type":"Polygon","coordinates":[[[44.3935558,33.335993],[44.3933942,33.33607],[44.3934026,33.3361153],[44.3933479,33.3361414],[44.3933301,33.3361437],[44.3933376,33.336184],[44.393292,33.3361899],[44.3933038,33.3362072],[44.3933585,33.3361811],[44.3933643,33.336212],[44.39332,33.3362331],[44.393489,33.3364807],[44.3935459,33.3364536],[44.393536,33.3364003],[44.3935573,33.3364315],[44.3935908,33.3364156],[44.3934995,33.3362818],[44.3935714,33.3362724],[44.393649,33.3362355],[44.3936452,33.336236],[44.3936943,33.3362126],[44.393691,33.3361951],[44.3936099,33.3360763],[44.3936089,33.3360709],[44.3935558,33.335993]]]}},{"type":"Feature","properties":{"id":"B0558","area_m2":87},"geometry":{"type":"Polygon","coordinates":[[[44.3948558,33.3374563],[44.3947886,33.3374159],[44.3948254,33.3373731],[44.3947759,33.3373433],[44.3947136,33.3374158],[44.3948304,33.3374859],[44.3948558,33.3374563]]]}},{"type":"Feature","properties":{"id":"B0559","area_m2":242},"geometry":{"type":"Polygon","coordinates":[[[44.3930747,33.3357492],[44.3930315,33.3357775],[44.3933466,33.3361134],[44.3933898,33.3360851],[44.3930747,33.3357492]]]}},{"type":"Feature","properties":{"id":"B0560","area_m2":1119},"geometry":{"type":"Polygon","coordinates":[[[44.3953315,33.3382091],[44.3954617,33.3383633],[44.3956032,33.3382799],[44.395636,33.3383188],[44.3957729,33.3382382],[44.3957792,33.3382457],[44.3959236,33.3381606],[44.3958087,33.3380244],[44.3957342,33.3380683],[44.3956798,33.3380039],[44.3953315,33.3382091]]]}},{"type":"Feature","properties":{"id":"B0561","area_m2":81},"geometry":{"type":"Polygon","coordinates":[[[44.3955811,33.3380223],[44.3955482,33.3379794],[44.3954188,33.3380486],[44.3954517,33.3380915],[44.3955811,33.3380223]]]}},{"type":"Feature","properties":{"id":"B0562","area_m2":24},"geometry":{"type":"Polygon","coordinates":[[[44.3948284,33.33737],[44.394801,33.3374172],[44.3948401,33.337433],[44.3948674,33.3373858],[44.3948284,33.33737]]]}},{"type":"Feature","properties":{"id":"B0564","area_m2":477},"geometry":{"type":"Polygon","coordinates":[[[44.3938691,33.3363142],[44.3937653,33.3363705],[44.39378,33.3363894],[44.3936856,33.3364406],[44.3937163,33.33648],[44.3937427,33.3364657],[44.3938688,33.3366281],[44.3939972,33.3365585],[44.3939286,33.3364702],[44.3939512,33.3364579],[44.3939022,33.3363948],[44.393923,33.3363836],[44.3938691,33.3363142]]]}},{"type":"Feature","properties":{"id":"B0565","area_m2":69},"geometry":{"type":"Polygon","coordinates":[[[44.393209,33.3358336],[44.3931209,33.3357255],[44.3930788,33.3357494],[44.3931668,33.3358575],[44.393209,33.3358336]]]}},{"type":"Feature","properties":{"id":"B0566","area_m2":224},"geometry":{"type":"Polygon","coordinates":[[[44.3950375,33.3375216],[44.3950817,33.3374827],[44.3949823,33.3374039],[44.3948921,33.3374833],[44.3949866,33.3375582],[44.3949598,33.3375818],[44.3950182,33.3376281],[44.395091,33.3375641],[44.3950375,33.3375216]]]}},{"type":"Feature","properties":{"id":"B0567","area_m2":46},"geometry":{"type":"Polygon","coordinates":[[[44.3954907,33.3378956],[44.3954041,33.3379461],[44.395433,33.3379807],[44.3955196,33.3379303],[44.3954907,33.3378956]]]}},{"type":"Feature","properties":{"id":"B0568","area_m2":152},"geometry":{"type":"Polygon","coordinates":[[[44.3936326,33.3363116],[44.3936781,33.336368],[44.3937962,33.3363015],[44.3937271,33.3362158],[44.393609,33.3362823],[44.3936326,33.3363116]]]}},{"type":"Feature","properties":{"id":"B0569","area_m2":92},"geometry":{"type":"Polygon","coordinates":[[[44.394621,33.3372357],[44.3946908,33.3372784],[44.3947547,33.3372055],[44.3947225,33.3371858],[44.3947392,33.3371668],[44.3947015,33.3371438],[44.394621,33.3372357]]]}},{"type":"Feature","properties":{"id":"B0570","area_m2":102},"geometry":{"type":"Polygon","coordinates":[[[44.3932414,33.3359079],[44.3933427,33.3360113],[44.3934166,33.3359607],[44.393389,33.3359325],[44.3933504,33.3359589],[44.3933005,33.3359079],[44.3933503,33.3358739],[44.3933266,33.3358497],[44.3932414,33.3359079]]]}},{"type":"Feature","properties":{"id":"B0571","area_m2":49},"geometry":{"type":"Polygon","coordinates":[[[44.3949632,33.3373824],[44.3949182,33.3373659],[44.3948723,33.3374536],[44.3949173,33.3374701],[44.3949632,33.3373824]]]}},{"type":"Feature","properties":{"id":"B0572","area_m2":24},"geometry":{"type":"Polygon","coordinates":[[[44.3940053,33.3364949],[44.3939711,33.3365293],[44.3940106,33.3365568],[44.3940449,33.3365224],[44.3940053,33.3364949]]]}},{"type":"Feature","properties":{"id":"B0573","area_m2":107},"geometry":{"type":"Polygon","coordinates":[[[44.3948573,33.3372629],[44.3947931,33.3373424],[44.3948825,33.3373929],[44.3949468,33.3373134],[44.3948573,33.3372629]]]}},{"type":"Feature","properties":{"id":"B0574","area_m2":55},"geometry":{"type":"Polygon","coordinates":[[[44.3945966,33.3370189],[44.394589,33.3369727],[44.3944758,33.3369856],[44.3944834,33.3370318],[44.3945966,33.3370189]]]}},{"type":"Feature","properties":{"id":"B0575","area_m2":341},"geometry":{"type":"Polygon","coordinates":[[[44.3952339,33.3374645],[44.395136,33.3375171],[44.3951177,33.3374933],[44.3950542,33.3375274],[44.3951758,33.3376854],[44.3952213,33.3376609],[44.395223,33.3376631],[44.3953388,33.3376009],[44.3952339,33.3374645]]]}},{"type":"Feature","properties":{"id":"B0576","area_m2":20},"geometry":{"type":"Polygon","coordinates":[[[44.3949502,33.3373696],[44.3949813,33.3373986],[44.3950185,33.3373707],[44.3949873,33.3373417],[44.3949502,33.3373696]]]}},{"type":"Feature","properties":{"id":"B0578","area_m2":55},"geometry":{"type":"Polygon","coordinates":[[[44.3951883,33.3374301],[44.3950964,33.3374641],[44.3951223,33.3375128],[44.3952142,33.3374788],[44.3951883,33.3374301]]]}},{"type":"Feature","properties":{"id":"B0579","area_m2":847},"geometry":{"type":"Polygon","coordinates":[[[44.3944074,33.3365703],[44.3942298,33.3363511],[44.3941168,33.336415],[44.3941316,33.3364641],[44.3940869,33.3364893],[44.3940614,33.3364578],[44.3940297,33.3364644],[44.394045,33.3365152],[44.3940729,33.3365497],[44.3939607,33.3366131],[44.3940322,33.3367014],[44.39426,33.3366536],[44.3944074,33.3365703]]]}},{"type":"Feature","properties":{"id":"B0580","area_m2":39},"geometry":{"type":"Polygon","coordinates":[[[44.395575,33.3378752],[44.3956121,33.3379175],[44.3956707,33.3378816],[44.3956335,33.3378393],[44.395575,33.3378752]]]}},{"type":"Feature","properties":{"id":"B0581","area_m2":49},"geometry":{"type":"Polygon","coordinates":[[[44.3950468,33.3372959],[44.3949945,33.3373417],[44.3950494,33.3373854],[44.3951016,33.3373395],[44.3950468,33.3372959]]]}},{"type":"Feature","properties":{"id":"B0582","area_m2":25},"geometry":{"type":"Polygon","coordinates":[[[44.3941303,33.3364509],[44.3940943,33.3364173],[44.3940548,33.3364469],[44.3940907,33.3364805],[44.3941303,33.3364509]]]}},{"type":"Feature","properties":{"id":"B0583","area_m2":79},"geometry":{"type":"Polygon","coordinates":[[[44.3958384,33.3379957],[44.3957911,33.3379472],[44.3956962,33.338012],[44.3957435,33.3380604],[44.3958384,33.3379957]]]}},{"type":"Feature","properties":{"id":"B0584","area_m2":192},"geometry":{"type":"Polygon","coordinates":[[[44.3950973,33.3371691],[44.3950469,33.337142],[44.3949871,33.3372196],[44.3949181,33.3371824],[44.3948582,33.33726],[44.3949776,33.3373242],[44.3950973,33.3371691]]]}},{"type":"Feature","properties":{"id":"B0585","area_m2":49},"geometry":{"type":"Polygon","coordinates":[[[44.3947824,33.336981],[44.3947355,33.3369493],[44.394662,33.337025],[44.3946895,33.3370436],[44.3947236,33.3370085],[44.3947431,33.3370216],[44.3947824,33.336981]]]}},{"type":"Feature","properties":{"id":"B0586","area_m2":239},"geometry":{"type":"Polygon","coordinates":[[[44.3937296,33.3361818],[44.3938018,33.3361599],[44.3938151,33.3361904],[44.3938672,33.3361746],[44.3937882,33.3359924],[44.3936638,33.33603],[44.3937296,33.3361818]]]}},{"type":"Feature","properties":{"id":"B0587","area_m2":17},"geometry":{"type":"Polygon","coordinates":[[[44.3946608,33.3369681],[44.3946924,33.3369819],[44.3947182,33.3369408],[44.3946866,33.336927],[44.3946608,33.3369681]]]}},{"type":"Feature","properties":{"id":"B0589","area_m2":18},"geometry":{"type":"Polygon","coordinates":[[[44.3951194,33.3373558],[44.3951587,33.3373907],[44.3951857,33.3373695],[44.3951464,33.3373346],[44.3951194,33.3373558]]]}},{"type":"Feature","properties":{"id":"B0590","area_m2":19},"geometry":{"type":"Polygon","coordinates":[[[44.3951997,33.3374383],[44.3952394,33.3374605],[44.3952647,33.337429],[44.395225,33.3374068],[44.3951997,33.3374383]]]}},{"type":"Feature","properties":{"id":"B0591","area_m2":96},"geometry":{"type":"Polygon","coordinates":[[[44.3944125,33.3366093],[44.3943427,33.33668],[44.3944209,33.3367339],[44.3944907,33.3366632],[44.3944125,33.3366093]]]}},{"type":"Feature","properties":{"id":"B0592","area_m2":437},"geometry":{"type":"Polygon","coordinates":[[[44.3956038,33.3379408],[44.3954732,33.337775],[44.3953908,33.3378203],[44.3954443,33.3378881],[44.3954836,33.3378665],[44.3955964,33.3380098],[44.3960325,33.33777],[44.3959967,33.3377246],[44.3956038,33.3379408]]]}},{"type":"Feature","properties":{"id":"B0593","area_m2":21},"geometry":{"type":"Polygon","coordinates":[[[44.3957127,33.3378504],[44.3956867,33.3378178],[44.395644,33.3378416],[44.3956699,33.3378742],[44.3957127,33.3378504]]]}},{"type":"Feature","properties":{"id":"B0594","area_m2":134},"geometry":{"type":"Polygon","coordinates":[[[44.3956858,33.3377958],[44.3956617,33.3377661],[44.3957047,33.3377417],[44.3956748,33.3377048],[44.3955215,33.3377917],[44.3955755,33.3378582],[44.3956858,33.3377958]]]}},{"type":"Feature","properties":{"id":"B0595","area_m2":28},"geometry":{"type":"Polygon","coordinates":[[[44.39514,33.3372973],[44.3950905,33.3372692],[44.3950605,33.337306],[44.3951101,33.3373341],[44.39514,33.3372973]]]}},{"type":"Feature","properties":{"id":"B0596","area_m2":93},"geometry":{"type":"Polygon","coordinates":[[[44.3949286,33.3370486],[44.3948322,33.3371567],[44.3948857,33.33719],[44.3949821,33.3370819],[44.3949286,33.3370486]]]}},{"type":"Feature","properties":{"id":"B0597","area_m2":161},"geometry":{"type":"Polygon","coordinates":[[[44.3935664,33.3357643],[44.3935097,33.3357012],[44.3934428,33.3357432],[44.3932986,33.3355827],[44.3932728,33.3355989],[44.3934737,33.3358224],[44.3935664,33.3357643]]]}},{"type":"Feature","properties":{"id":"B0598","area_m2":47},"geometry":{"type":"Polygon","coordinates":[[[44.3955222,33.3377227],[44.3955442,33.3377609],[44.39564,33.3377223],[44.395618,33.3376841],[44.3955222,33.3377227]]]}},{"type":"Feature","properties":{"id":"B0599","area_m2":185},"geometry":{"type":"Polygon","coordinates":[[[44.3954161,33.3376333],[44.3955046,33.3377031],[44.3954578,33.3377446],[44.3954847,33.3377658],[44.3956132,33.3376521],[44.3954978,33.3375611],[44.3954161,33.3376333]]]}},{"type":"Feature","properties":{"id":"B0600","area_m2":18},"geometry":{"type":"Polygon","coordinates":[[[44.3948206,33.3369737],[44.3947818,33.3370038],[44.394808,33.3370274],[44.3948469,33.3369973],[44.3948206,33.3369737]]]}},{"type":"Feature","properties":{"id":"B0601","area_m2":58},"geometry":{"type":"Polygon","coordinates":[[[44.3953235,33.3374025],[44.3952393,33.3374536],[44.3952775,33.3374976],[44.3953618,33.3374465],[44.3953235,33.3374025]]]}},{"type":"Feature","properties":{"id":"B0603","area_m2":644},"geometry":{"type":"Polygon","coordinates":[[[44.3942198,33.3363177],[44.3941745,33.3362633],[44.3942414,33.3362244],[44.3941363,33.3360981],[44.3940152,33.3361685],[44.3940423,33.3362011],[44.3938669,33.336303],[44.3939277,33.3363761],[44.3939567,33.3363593],[44.394019,33.3364342],[44.3942198,33.3363177]]]}},{"type":"Feature","properties":{"id":"B0605","area_m2":44},"geometry":{"type":"Polygon","coordinates":[[[44.3951018,33.3371647],[44.39504,33.337245],[44.3950779,33.3372654],[44.3951397,33.3371851],[44.3951018,33.3371647]]]}},{"type":"Feature","properties":{"id":"B0606","area_m2":246},"geometry":{"type":"Polygon","coordinates":[[[44.3952936,33.3374973],[44.395334,33.3375718],[44.395358,33.3375962],[44.3954191,33.3375731],[44.395489,33.337525],[44.3953899,33.3374245],[44.3953839,33.3374136],[44.3953902,33.3374092],[44.3954618,33.3373821],[44.3954185,33.3373382],[44.3953902,33.3373577],[44.3953586,33.3373696],[44.3953656,33.3373827],[44.3953247,33.3373981],[44.3953704,33.3374444],[44.3952936,33.3374973]]]}},{"type":"Feature","properties":{"id":"B0607","area_m2":59},"geometry":{"type":"Polygon","coordinates":[[[44.3953032,33.3372947],[44.3952452,33.3373474],[44.3952053,33.3373168],[44.3951777,33.3373418],[44.3952447,33.3373932],[44.3953302,33.3373154],[44.3953032,33.3372947]]]}},{"type":"Feature","properties":{"id":"B0609","area_m2":111},"geometry":{"type":"Polygon","coordinates":[[[44.3950922,33.3372644],[44.3951849,33.3373239],[44.3952523,33.3372507],[44.3951596,33.3371911],[44.3950922,33.3372644]]]}},{"type":"Feature","properties":{"id":"B0610","area_m2":167},"geometry":{"type":"Polygon","coordinates":[[[44.3958927,33.3379859],[44.395995,33.3379142],[44.3959184,33.3378379],[44.3957846,33.3379317],[44.3958388,33.3379856],[44.3958703,33.3379635],[44.3958927,33.3379859]]]}},{"type":"Feature","properties":{"id":"B0611","area_m2":32},"geometry":{"type":"Polygon","coordinates":[[[44.3952018,33.3373131],[44.3952455,33.3373427],[44.3952875,33.3372995],[44.3952438,33.3372699],[44.3952018,33.3373131]]]}},{"type":"Feature","properties":{"id":"B0612","area_m2":14},"geometry":{"type":"Polygon","coordinates":[[[44.394299,33.3363782],[44.3942757,33.3363448],[44.3942447,33.3363598],[44.394268,33.3363933],[44.394299,33.3363782]]]}},{"type":"Feature","properties":{"id":"B0613","area_m2":22},"geometry":{"type":"Polygon","coordinates":[[[44.3943855,33.3364677],[44.3943825,33.3364253],[44.3943317,33.3364278],[44.3943347,33.3364703],[44.3943855,33.3364677]]]}},{"type":"Feature","properties":{"id":"B0614","area_m2":133},"geometry":{"type":"Polygon","coordinates":[[[44.395734,33.3376388],[44.395548,33.3375243],[44.3955083,33.3375693],[44.3956942,33.3376838],[44.395734,33.3376388]]]}},{"type":"Feature","properties":{"id":"B0616","area_m2":702},"geometry":{"type":"Polygon","coordinates":[[[44.3946837,33.3367328],[44.3946414,33.3365246],[44.394708,33.3365151],[44.394684,33.3363967],[44.3945067,33.3364218],[44.3945222,33.336498],[44.3944778,33.3365043],[44.3945183,33.3367034],[44.3944479,33.3367133],[44.3944649,33.3367974],[44.3946903,33.3367655],[44.3946837,33.3367328]]]}},{"type":"Feature","properties":{"id":"B0618","area_m2":154},"geometry":{"type":"Polygon","coordinates":[[[44.3956163,33.3374788],[44.3955207,33.3373755],[44.3954301,33.3374341],[44.3955256,33.3375373],[44.3956163,33.3374788]]]}},{"type":"Feature","properties":{"id":"B0619","area_m2":87},"geometry":{"type":"Polygon","coordinates":[[[44.3943502,33.3363],[44.394283,33.3363419],[44.3943383,33.3364038],[44.3943693,33.3363845],[44.3944117,33.336432],[44.3944427,33.3364127],[44.3943656,33.3363263],[44.3943708,33.336323],[44.3943502,33.3363]]]}},{"type":"Feature","properties":{"id":"B0620","area_m2":436},"geometry":{"type":"Polygon","coordinates":[[[44.395985,33.3377072],[44.3959287,33.3376484],[44.3959254,33.3376506],[44.39586,33.3375822],[44.3956774,33.3377042],[44.3957205,33.3377493],[44.395692,33.3377683],[44.3957705,33.3378504],[44.395985,33.3377072]]]}},{"type":"Feature","properties":{"id":"B0621","area_m2":836},"geometry":{"type":"Polygon","coordinates":[[[44.3937378,33.3358956],[44.3939328,33.3361533],[44.3940765,33.3360774],[44.3940414,33.336031],[44.3942119,33.3359409],[44.3941465,33.3358544],[44.394089,33.3358848],[44.3939993,33.3357664],[44.3939533,33.3357907],[44.3940103,33.3358659],[44.3939154,33.335916],[44.3938536,33.3358344],[44.3937378,33.3358956]]]}},{"type":"Feature","properties":{"id":"B0622","area_m2":46},"geometry":{"type":"Polygon","coordinates":[[[44.3947214,33.3365852],[44.3946699,33.3365965],[44.3946954,33.3366769],[44.3947469,33.3366655],[44.3947214,33.3365852]]]}},{"type":"Feature","properties":{"id":"B0623","area_m2":527},"geometry":{"type":"Polygon","coordinates":[[[44.3951091,33.3368006],[44.395012,33.3367421],[44.3950197,33.3367333],[44.3949728,33.336705],[44.3949965,33.3366776],[44.3949552,33.3366527],[44.394903,33.3367131],[44.3949542,33.3367439],[44.394933,33.3367684],[44.3949126,33.3367561],[44.394779,33.3369109],[44.3949335,33.337004],[44.3951091,33.3368006]]]}},{"type":"Feature","properties":{"id":"B0624","area_m2":20},"geometry":{"type":"Polygon","coordinates":[[[44.3943656,33.3363298],[44.3943939,33.3363613],[44.3944325,33.3363372],[44.3944041,33.3363056],[44.3943656,33.3363298]]]}},{"type":"Feature","properties":{"id":"B0625","area_m2":197},"geometry":{"type":"Polygon","coordinates":[[[44.3955888,33.3375586],[44.3957828,33.337628],[44.3958255,33.3375447],[44.3956315,33.3374753],[44.3955888,33.3375586]]]}},{"type":"Feature","properties":{"id":"B0626","area_m2":211},"geometry":{"type":"Polygon","coordinates":[[[44.3947642,33.3366307],[44.3947775,33.3366484],[44.3946824,33.3366984],[44.3947469,33.3367841],[44.3948728,33.3367179],[44.3948486,33.3366858],[44.3948947,33.3366615],[44.394841,33.3365903],[44.3947642,33.3366307]]]}},{"type":"Feature","properties":{"id":"B0627","area_m2":165},"geometry":{"type":"Polygon","coordinates":[[[44.3952359,33.3372131],[44.3953459,33.3372715],[44.3954248,33.3371677],[44.3953148,33.3371094],[44.3952359,33.3372131]]]}},{"type":"Feature","properties":{"id":"B0628","area_m2":68},"geometry":{"type":"Polygon","coordinates":[[[44.3954704,33.3372412],[44.3954207,33.3372025],[44.3953418,33.3372734],[44.3953915,33.3373121],[44.3954704,33.3372412]]]}},{"type":"Feature","properties":{"id":"B0629","area_m2":43},"geometry":{"type":"Polygon","coordinates":[[[44.3941618,33.3360888],[44.39416,33.3360293],[44.3940903,33.3360307],[44.3940921,33.3360903],[44.3941618,33.3360888]]]}},{"type":"Feature","properties":{"id":"B0630","area_m2":41},"geometry":{"type":"Polygon","coordinates":[[[44.3939247,33.3358249],[44.3938759,33.3358516],[44.3939201,33.3359081],[44.3939689,33.3358814],[44.3939247,33.3358249]]]}},{"type":"Feature","properties":{"id":"B0631","area_m2":25},"geometry":{"type":"Polygon","coordinates":[[[44.3949313,33.3367664],[44.3949012,33.3367299],[44.3948558,33.3367561],[44.3948859,33.3367926],[44.3949313,33.3367664]]]}},{"type":"Feature","properties":{"id":"B0632","area_m2":47},"geometry":{"type":"Polygon","coordinates":[[[44.3943982,33.3362538],[44.3943492,33.3361974],[44.3942965,33.3362294],[44.3943454,33.3362857],[44.3943982,33.3362538]]]}},{"type":"Feature","properties":{"id":"B0634","area_m2":30},"geometry":{"type":"Polygon","coordinates":[[[44.3935453,33.3354433],[44.3935026,33.3354044],[44.3934625,33.3354351],[44.3935053,33.335474],[44.3935453,33.3354433]]]}},{"type":"Feature","properties":{"id":"B0635","area_m2":70},"geometry":{"type":"Polygon","coordinates":[[[44.3939333,33.3357693],[44.393832,33.3358111],[44.3938566,33.3358525],[44.3939309,33.3358218],[44.3939591,33.3358693],[44.393986,33.3358582],[44.3939333,33.3357693]]]}},{"type":"Feature","properties":{"id":"B0636","area_m2":82},"geometry":{"type":"Polygon","coordinates":[[[44.3955192,33.3373786],[44.395629,33.3374332],[44.3956672,33.3373796],[44.3955573,33.337325],[44.3955192,33.3373786]]]}},{"type":"Feature","properties":{"id":"B0637","area_m2":125},"geometry":{"type":"Polygon","coordinates":[[[44.3941655,33.3361276],[44.3941951,33.3361606],[44.3941925,33.3361622],[44.3942169,33.3361895],[44.3943475,33.3361078],[44.3942935,33.3360475],[44.3941655,33.3361276]]]}},{"type":"Feature","properties":{"id":"B0638","area_m2":43},"geometry":{"type":"Polygon","coordinates":[[[44.3944821,33.336279],[44.3944532,33.336238],[44.3943775,33.3362753],[44.3944064,33.3363162],[44.3944821,33.336279]]]}},{"type":"Feature","properties":{"id":"B0639","area_m2":125},"geometry":{"type":"Polygon","coordinates":[[[44.3960857,33.33783],[44.3960002,33.3378824],[44.3960233,33.3379086],[44.3961681,33.3378199],[44.3960849,33.3377252],[44.3960256,33.3377615],[44.3960857,33.33783]]]}},{"type":"Feature","properties":{"id":"B0640","area_m2":186},"geometry":{"type":"Polygon","coordinates":[[[44.3946418,33.3362939],[44.3944502,33.3363525],[44.3944866,33.3364355],[44.3946782,33.3363769],[44.3946418,33.3362939]]]}},{"type":"Feature","properties":{"id":"B0641","area_m2":17},"geometry":{"type":"Polygon","coordinates":[[[44.39564,33.3373258],[44.3955991,33.3373014],[44.3955762,33.3373282],[44.3956171,33.3373525],[44.39564,33.3373258]]]}},{"type":"Feature","properties":{"id":"B0642","area_m2":277},"geometry":{"type":"Polygon","coordinates":[[[44.3956691,33.337214],[44.3955794,33.3371423],[44.3954004,33.3372988],[44.39549,33.3373704],[44.3956691,33.337214]]]}},{"type":"Feature","properties":{"id":"B0643","area_m2":87},"geometry":{"type":"Polygon","coordinates":[[[44.3940039,33.3357172],[44.3939186,33.3357697],[44.3939378,33.3357915],[44.3939917,33.3357583],[44.3940929,33.3358732],[44.3941242,33.3358539],[44.3940039,33.3357172]]]}},{"type":"Feature","properties":{"id":"B0644","area_m2":22},"geometry":{"type":"Polygon","coordinates":[[[44.395011,33.3366749],[44.3949817,33.3366908],[44.3950217,33.3367422],[44.395051,33.3367263],[44.395011,33.3366749]]]}},{"type":"Feature","properties":{"id":"B0645","area_m2":26},"geometry":{"type":"Polygon","coordinates":[[[44.3949599,33.3366134],[44.3949146,33.336582],[44.3948816,33.3366151],[44.3949269,33.3366465],[44.3949599,33.3366134]]]}},{"type":"Feature","properties":{"id":"B0646","area_m2":70},"geometry":{"type":"Polygon","coordinates":[[[44.3946198,33.3362462],[44.3945662,33.3362122],[44.3944934,33.3362925],[44.394547,33.3363265],[44.3946198,33.3362462]]]}},{"type":"Feature","properties":{"id":"B0647","area_m2":297},"geometry":{"type":"Polygon","coordinates":[[[44.3937855,33.335627],[44.3939079,33.335768],[44.3940414,33.335687],[44.393919,33.3355461],[44.3937855,33.335627]]]}},{"type":"Feature","properties":{"id":"B0648","area_m2":830},"geometry":{"type":"Polygon","coordinates":[[[44.3951708,33.3370134],[44.3954939,33.3371819],[44.3956144,33.3370207],[44.395243,33.336827],[44.3951539,33.3369463],[44.3952021,33.3369715],[44.3951708,33.3370134]]]}},{"type":"Feature","properties":{"id":"B0649","area_m2":171},"geometry":{"type":"Polygon","coordinates":[[[44.3949408,33.3364009],[44.3947883,33.3364729],[44.3948182,33.336517],[44.3947145,33.336566],[44.3947535,33.3366237],[44.3948299,33.3365877],[44.3948073,33.3365544],[44.3948266,33.3365453],[44.3948139,33.3365266],[44.3949745,33.3364508],[44.3949408,33.3364009]]]}},{"type":"Feature","properties":{"id":"B0650","area_m2":14},"geometry":{"type":"Polygon","coordinates":[[[44.3960858,33.3377004],[44.3961058,33.3377168],[44.3961465,33.3376821],[44.3961265,33.3376657],[44.3960858,33.3377004]]]}},{"type":"Feature","properties":{"id":"B0651","area_m2":504},"geometry":{"type":"Polygon","coordinates":[[[44.3960057,33.3373704],[44.3958033,33.337315],[44.395781,33.3373716],[44.3956904,33.3373468],[44.3956467,33.3374581],[44.3959398,33.3375384],[44.3960057,33.3373704]]]}},{"type":"Feature","properties":{"id":"B0652","area_m2":95},"geometry":{"type":"Polygon","coordinates":[[[44.3949681,33.3364563],[44.3948175,33.3365383],[44.3948511,33.3365814],[44.3950017,33.3364994],[44.3949681,33.3364563]]]}},{"type":"Feature","properties":{"id":"B0653","area_m2":41},"geometry":{"type":"Polygon","coordinates":[[[44.3949776,33.3366311],[44.3950044,33.3366618],[44.3950885,33.3366106],[44.3950617,33.3365799],[44.3949776,33.3366311]]]}},{"type":"Feature","properties":{"id":"B0654","area_m2":51},"geometry":{"type":"Polygon","coordinates":[[[44.3949847,33.3365135],[44.3949125,33.3365675],[44.3949533,33.3366056],[44.3950255,33.3365517],[44.3949847,33.3365135]]]}},{"type":"Feature","properties":{"id":"B0655","area_m2":22},"geometry":{"type":"Polygon","coordinates":[[[44.3949925,33.3366204],[44.3950504,33.3365788],[44.3950284,33.3365574],[44.3949705,33.3365989],[44.3949925,33.3366204]]]}},{"type":"Feature","properties":{"id":"B0657","area_m2":184},"geometry":{"type":"Polygon","coordinates":[[[44.3951506,33.3366499],[44.3951076,33.3366042],[44.3950157,33.3366647],[44.3951122,33.336767],[44.3952322,33.336688],[44.3951788,33.3366313],[44.3951506,33.3366499]]]}},{"type":"Feature","properties":{"id":"B0658","area_m2":853},"geometry":{"type":"Polygon","coordinates":[[[44.3965834,33.3378598],[44.3962664,33.3376135],[44.396229,33.3376471],[44.3961916,33.337618],[44.3961559,33.33765],[44.396227,33.3377053],[44.3961923,33.3377365],[44.3962023,33.3377443],[44.3961609,33.3377816],[44.3962724,33.3378683],[44.3962497,33.3378887],[44.3964114,33.3380143],[44.3965834,33.3378598]]]}},{"type":"Feature","properties":{"id":"B0659","area_m2":60},"geometry":{"type":"Polygon","coordinates":[[[44.3959874,33.3375336],[44.3960715,33.3375298],[44.3960671,33.3374606],[44.395983,33.3374643],[44.3959874,33.3375336]]]}},{"type":"Feature","properties":{"id":"B0660","area_m2":190},"geometry":{"type":"Polygon","coordinates":[[[44.3957493,33.3370763],[44.3956205,33.3370763],[44.3956205,33.3371547],[44.3956983,33.3371547],[44.3956983,33.3372421],[44.3956876,33.3372421],[44.3956876,33.3373048],[44.3957493,33.3373048],[44.3957493,33.3370763]]]}},{"type":"Feature","properties":{"id":"B0661","area_m2":149},"geometry":{"type":"Polygon","coordinates":[[[44.3946178,33.3361229],[44.394571,33.3359645],[44.3944851,33.3359822],[44.3945319,33.3361406],[44.3946178,33.3361229]]]}},{"type":"Feature","properties":{"id":"B0662","area_m2":88},"geometry":{"type":"Polygon","coordinates":[[[44.3951979,33.3366103],[44.3950394,33.3364899],[44.3950074,33.3365193],[44.3951659,33.3366397],[44.3951979,33.3366103]]]}},{"type":"Feature","properties":{"id":"B0663","area_m2":241},"geometry":{"type":"Polygon","coordinates":[[[44.3947743,33.3362273],[44.3948362,33.336217],[44.3948141,33.3361243],[44.3946774,33.336147],[44.3946976,33.3362319],[44.3946563,33.3362388],[44.3946777,33.3363285],[44.3947938,33.3363092],[44.3947743,33.3362273]]]}},{"type":"Feature","properties":{"id":"B0664","area_m2":21},"geometry":{"type":"Polygon","coordinates":[[[44.3960264,33.3374401],[44.396073,33.3374424],[44.3960762,33.3373986],[44.3960296,33.3373962],[44.3960264,33.3374401]]]}},{"type":"Feature","properties":{"id":"B0665","area_m2":65},"geometry":{"type":"Polygon","coordinates":[[[44.3948613,33.3362166],[44.3947792,33.3362468],[44.3948128,33.3363106],[44.3948949,33.3362804],[44.3948613,33.3362166]]]}},{"type":"Feature","properties":{"id":"B0666","area_m2":145},"geometry":{"type":"Polygon","coordinates":[[[44.3943152,33.3358737],[44.3943356,33.3359089],[44.3944747,33.3358527],[44.3944217,33.3357612],[44.3943065,33.3358078],[44.3943391,33.3358641],[44.3943152,33.3358737]]]}},{"type":"Feature","properties":{"id":"B0667","area_m2":34},"geometry":{"type":"Polygon","coordinates":[[[44.3941162,33.335518],[44.3940518,33.3355491],[44.3940785,33.3355877],[44.3941429,33.3355567],[44.3941162,33.335518]]]}},{"type":"Feature","properties":{"id":"B0668","area_m2":34},"geometry":{"type":"Polygon","coordinates":[[[44.3958788,33.3371871],[44.3958563,33.3372349],[44.3959156,33.3372544],[44.3959382,33.3372066],[44.3958788,33.3371871]]]}},{"type":"Feature","properties":{"id":"B0669","area_m2":81},"geometry":{"type":"Polygon","coordinates":[[[44.3940177,33.335417],[44.3939674,33.3354502],[44.3940581,33.3355457],[44.3941083,33.3355124],[44.3940177,33.335417]]]}},{"type":"Feature","properties":{"id":"B0670","area_m2":1272},"geometry":{"type":"Polygon","coordinates":[[[44.3941193,33.3356926],[44.3941122,33.335721],[44.3941786,33.3357688],[44.3941106,33.3357989],[44.3941402,33.3358454],[44.3941527,33.3358398],[44.3942198,33.3359455],[44.3941307,33.3359849],[44.3941669,33.336042],[44.3944675,33.3359089],[44.3944413,33.3358676],[44.394324,33.3359195],[44.3942958,33.3358751],[44.3942631,33.3358694],[44.3943203,33.3358441],[44.3943099,33.3358276],[44.3944769,33.3356658],[44.3943732,33.3357117],[44.394501,33.3355879],[44.3944799,33.3356721],[44.394496,33.3356837],[44.3944205,33.3357568],[44.3944563,33.3358132],[44.3946626,33.3356132],[44.3946303,33.3355899],[44.3945527,33.3356652],[44.3945605,33.3356338],[44.3945222,33.3356062],[44.3944477,33.3354888],[44.3943223,33.3356103],[44.3942774,33.3355395],[44.3941193,33.3356926]]]}},{"type":"Feature","properties":{"id":"B0671","area_m2":186},"geometry":{"type":"Polygon","coordinates":[[[44.3950552,33.3364744],[44.3952086,33.3366114],[44.3952787,33.3365566],[44.3951253,33.3364196],[44.3950552,33.3364744]]]}},{"type":"Feature","properties":{"id":"B0672","area_m2":202},"geometry":{"type":"Polygon","coordinates":[[[44.3961031,33.3374389],[44.3960936,33.3375256],[44.3963102,33.3375421],[44.3963218,33.3374354],[44.3962276,33.3374282],[44.3962227,33.3374735],[44.3961748,33.3374699],[44.3961775,33.3374446],[44.3961031,33.3374389]]]}},{"type":"Feature","properties":{"id":"B0673","area_m2":159},"geometry":{"type":"Polygon","coordinates":[[[44.3959748,33.3373153],[44.3960056,33.3373228],[44.3959877,33.3373745],[44.3960956,33.3374005],[44.3961349,33.3372867],[44.3959963,33.3372533],[44.3959748,33.3373153]]]}},{"type":"Feature","properties":{"id":"B0675","area_m2":63},"geometry":{"type":"Polygon","coordinates":[[[44.3954898,33.3368548],[44.3955128,33.3368726],[44.395585,33.336808],[44.3955162,33.3367543],[44.3954734,33.3367926],[44.3955193,33.3368284],[44.3954898,33.3368548]]]}},{"type":"Feature","properties":{"id":"B0676","area_m2":87},"geometry":{"type":"Polygon","coordinates":[[[44.3948058,33.3360553],[44.3946966,33.3360976],[44.3947191,33.3361382],[44.3947996,33.336107],[44.3948487,33.3361956],[44.3948774,33.3361845],[44.3948058,33.3360553]]]}},{"type":"Feature","properties":{"id":"B0677","area_m2":24},"geometry":{"type":"Polygon","coordinates":[[[44.3945129,33.3358709],[44.3945252,33.3359093],[44.3945816,33.3358967],[44.3945692,33.3358582],[44.3945129,33.3358709]]]}},{"type":"Feature","properties":{"id":"B0678","area_m2":65},"geometry":{"type":"Polygon","coordinates":[[[44.3961092,33.3374082],[44.3961459,33.3374435],[44.3962301,33.3373825],[44.3961789,33.3373331],[44.3961336,33.3373659],[44.3961482,33.33738],[44.3961092,33.3374082]]]}},{"type":"Feature","properties":{"id":"B0679","area_m2":47},"geometry":{"type":"Polygon","coordinates":[[[44.3946725,33.336015],[44.3947214,33.3360725],[44.3947741,33.3360413],[44.3947252,33.3359838],[44.3946725,33.336015]]]}},{"type":"Feature","properties":{"id":"B0682","area_m2":28},"geometry":{"type":"Polygon","coordinates":[[[44.3946418,33.3359618],[44.3946753,33.3360059],[44.3947193,33.3359826],[44.3946858,33.3359385],[44.3946418,33.3359618]]]}},{"type":"Feature","properties":{"id":"B0683","area_m2":40},"geometry":{"type":"Polygon","coordinates":[[[44.3946613,33.3358908],[44.3945947,33.3359029],[44.3946093,33.3359585],[44.3946758,33.3359464],[44.3946613,33.3358908]]]}},{"type":"Feature","properties":{"id":"B0684","area_m2":374},"geometry":{"type":"Polygon","coordinates":[[[44.3965855,33.3376449],[44.3965254,33.3375841],[44.3965366,33.3375764],[44.3964347,33.3374733],[44.396299,33.3375668],[44.396461,33.3377307],[44.3965855,33.3376449]]]}},{"type":"Feature","properties":{"id":"B0685","area_m2":80},"geometry":{"type":"Polygon","coordinates":[[[44.3959104,33.3371635],[44.3960385,33.337222],[44.3960644,33.3371823],[44.3959682,33.3371384],[44.3959862,33.3371107],[44.3959543,33.3370962],[44.3959104,33.3371635]]]}},{"type":"Feature","properties":{"id":"B0687","area_m2":13},"geometry":{"type":"Polygon","coordinates":[[[44.3948676,33.3360598],[44.3948591,33.3360349],[44.3948119,33.3360462],[44.3948205,33.336071],[44.3948676,33.3360598]]]}},{"type":"Feature","properties":{"id":"B0688","area_m2":16},"geometry":{"type":"Polygon","coordinates":[[[44.3958997,33.337082],[44.3959189,33.3370994],[44.395968,33.3370614],[44.3959488,33.3370441],[44.3958997,33.337082]]]}},{"type":"Feature","properties":{"id":"B0689","area_m2":120},"geometry":{"type":"Polygon","coordinates":[[[44.395808,33.3369147],[44.3957553,33.3369677],[44.3958852,33.337058],[44.3959379,33.3370051],[44.395808,33.3369147]]]}},{"type":"Feature","properties":{"id":"B0690","area_m2":67},"geometry":{"type":"Polygon","coordinates":[[[44.3941516,33.335425],[44.394265,33.3355302],[44.3942991,33.3355046],[44.3941857,33.3353994],[44.3941516,33.335425]]]}},{"type":"Feature","properties":{"id":"B0691","area_m2":35},"geometry":{"type":"Polygon","coordinates":[[[44.3946992,33.335862],[44.3946853,33.3358278],[44.3945964,33.3358532],[44.3946104,33.3358873],[44.3946992,33.335862]]]}},{"type":"Feature","properties":{"id":"B0692","area_m2":63},"geometry":{"type":"Polygon","coordinates":[[[44.3962854,33.3373254],[44.3961949,33.3372662],[44.3961558,33.3373079],[44.3962463,33.3373671],[44.3962854,33.3373254]]]}},{"type":"Feature","properties":{"id":"B0693","area_m2":122},"geometry":{"type":"Polygon","coordinates":[[[44.3962843,33.3374108],[44.3963381,33.3375043],[44.3964405,33.3374632],[44.3963866,33.3373697],[44.3962843,33.3374108]]]}},{"type":"Feature","properties":{"id":"B0694","area_m2":20},"geometry":{"type":"Polygon","coordinates":[[[44.396111,33.3371662],[44.3960711,33.3371923],[44.3960998,33.3372228],[44.3961396,33.3371967],[44.396111,33.3371662]]]}},{"type":"Feature","properties":{"id":"B0695","area_m2":191},"geometry":{"type":"Polygon","coordinates":[[[44.3946813,33.3358827],[44.3947538,33.3360384],[44.3948621,33.3360032],[44.3948376,33.3359507],[44.3948039,33.3359616],[44.3947686,33.3358857],[44.3948128,33.3358714],[44.3947902,33.3358227],[44.3947203,33.3358454],[44.3947302,33.3358668],[44.3946813,33.3358827]]]}},{"type":"Feature","properties":{"id":"B0696","area_m2":36},"geometry":{"type":"Polygon","coordinates":[[[44.3962502,33.3373646],[44.3962864,33.3373968],[44.3963434,33.3373521],[44.3963073,33.3373199],[44.3962502,33.3373646]]]}},{"type":"Feature","properties":{"id":"B0697","area_m2":72},"geometry":{"type":"Polygon","coordinates":[[[44.3952681,33.3365212],[44.3953025,33.3365412],[44.3954164,33.3364041],[44.395382,33.3363842],[44.3952681,33.3365212]]]}},{"type":"Feature","properties":{"id":"B0698","area_m2":58},"geometry":{"type":"Polygon","coordinates":[[[44.3957511,33.3368193],[44.3957524,33.3368888],[44.3958328,33.3368877],[44.3958315,33.3368182],[44.3957511,33.3368193]]]}},{"type":"Feature","properties":{"id":"B0699","area_m2":56},"geometry":{"type":"Polygon","coordinates":[[[44.3955539,33.3366555],[44.3955639,33.336682],[44.3955907,33.3366749],[44.3956092,33.3367238],[44.3956653,33.336709],[44.3956368,33.3366336],[44.3955539,33.3366555]]]}},{"type":"Feature","properties":{"id":"B0700","area_m2":104},"geometry":{"type":"Polygon","coordinates":[[[44.3955684,33.3365309],[44.3954474,33.3365963],[44.3954926,33.3366548],[44.3956136,33.3365894],[44.3955684,33.3365309]]]}},{"type":"Feature","properties":{"id":"B0701","area_m2":90},"geometry":{"type":"Polygon","coordinates":[[[44.3958693,33.3369486],[44.3959566,33.337018],[44.3960164,33.3369655],[44.3959291,33.3368961],[44.3958693,33.3369486]]]}},{"type":"Feature","properties":{"id":"B0702","area_m2":24},"geometry":{"type":"Polygon","coordinates":[[[44.3946534,33.3356984],[44.3946306,33.3356791],[44.3945696,33.3357295],[44.3945924,33.3357488],[44.3946534,33.3356984]]]}},{"type":"Feature","properties":{"id":"B0703","area_m2":145},"geometry":{"type":"Polygon","coordinates":[[[44.3960209,33.3369805],[44.3959574,33.3370474],[44.3960866,33.3371329],[44.3961501,33.337066],[44.3960209,33.3369805]]]}},{"type":"Feature","properties":{"id":"B0704","area_m2":39},"geometry":{"type":"Polygon","coordinates":[[[44.3948431,33.3358773],[44.394792,33.3359049],[44.3948324,33.335957],[44.3948834,33.3359294],[44.3948431,33.3358773]]]}},{"type":"Feature","properties":{"id":"B0708","area_m2":151},"geometry":{"type":"Polygon","coordinates":[[[44.3962087,33.3370813],[44.3962099,33.3370797],[44.3961687,33.3370571],[44.3960899,33.3371573],[44.3961929,33.3372138],[44.3962705,33.3371152],[44.3962087,33.3370813]]]}},{"type":"Feature","properties":{"id":"B0709","area_m2":278},"geometry":{"type":"Polygon","coordinates":[[[44.396394,33.337243],[44.3963058,33.337189],[44.3963391,33.3371511],[44.3962895,33.3371207],[44.3962217,33.3371979],[44.3962374,33.3372075],[44.3961926,33.3372585],[44.3963827,33.337375],[44.3964339,33.3373167],[44.3963658,33.337275],[44.396394,33.337243]]]}},{"type":"Feature","properties":{"id":"B0710","area_m2":111},"geometry":{"type":"Polygon","coordinates":[[[44.3958152,33.3369122],[44.3958623,33.3369478],[44.3959984,33.3368222],[44.3959513,33.3367866],[44.3958152,33.3369122]]]}},{"type":"Feature","properties":{"id":"B0711","area_m2":38},"geometry":{"type":"Polygon","coordinates":[[[44.3945648,33.335555],[44.3945194,33.335592],[44.3945676,33.3356334],[44.3946131,33.3355965],[44.3945648,33.335555]]]}},{"type":"Feature","properties":{"id":"B0712","area_m2":103},"geometry":{"type":"Polygon","coordinates":[[[44.3957038,33.3367176],[44.3957694,33.3367751],[44.395811,33.3367421],[44.3958391,33.3367667],[44.3958735,33.3367394],[44.3957797,33.3366571],[44.3957038,33.3367176]]]}},{"type":"Feature","properties":{"id":"B0713","area_m2":71},"geometry":{"type":"Polygon","coordinates":[[[44.3966078,33.3374242],[44.3965379,33.3374564],[44.3965874,33.3375313],[44.3966573,33.3374991],[44.3966078,33.3374242]]]}},{"type":"Feature","properties":{"id":"B0714","area_m2":224},"geometry":{"type":"Polygon","coordinates":[[[44.3965653,33.3373831],[44.3965086,33.3373383],[44.3965528,33.3372992],[44.396479,33.3372411],[44.3963973,33.3373134],[44.3964356,33.3373436],[44.3963834,33.3373898],[44.3964756,33.3374625],[44.3965653,33.3373831]]]}},{"type":"Feature","properties":{"id":"B0715","area_m2":51},"geometry":{"type":"Polygon","coordinates":[[[44.3958755,33.3367432],[44.3958292,33.3367846],[44.3958928,33.3368344],[44.3959392,33.336793],[44.3958755,33.3367432]]]}},{"type":"Feature","properties":{"id":"B0716","area_m2":60},"geometry":{"type":"Polygon","coordinates":[[[44.3960788,33.3369309],[44.3960485,33.336867],[44.3959696,33.336893],[44.3959999,33.336957],[44.3960788,33.3369309]]]}},{"type":"Feature","properties":{"id":"B0717","area_m2":1242},"geometry":{"type":"Polygon","coordinates":[[[44.3955025,33.3362356],[44.3954684,33.3361982],[44.395437,33.3361801],[44.3954009,33.3361405],[44.3954141,33.3361247],[44.3954058,33.3361047],[44.39525,33.3359341],[44.3952302,33.3359581],[44.3951459,33.3359825],[44.3951545,33.3360033],[44.3950259,33.3360853],[44.3950437,33.3361047],[44.3950781,33.3361879],[44.3950896,33.3362005],[44.3950991,33.3361977],[44.3951856,33.3361426],[44.3952238,33.3361845],[44.3952921,33.336224],[44.3952368,33.3362593],[44.3952142,33.3362462],[44.3951715,33.3362977],[44.3951398,33.3362794],[44.3951094,33.3362987],[44.3951466,33.3363886],[44.3952829,33.3364674],[44.3952946,33.33646],[44.3954558,33.3362654],[44.3955025,33.3362356]]]}},{"type":"Feature","properties":{"id":"B0718","area_m2":99},"geometry":{"type":"Polygon","coordinates":[[[44.3956004,33.3365971],[44.3956573,33.336643],[44.3957578,33.336556],[44.3957009,33.3365101],[44.3956004,33.3365971]]]}},{"type":"Feature","properties":{"id":"B0719","area_m2":172},"geometry":{"type":"Polygon","coordinates":[[[44.3950915,33.335864],[44.3949224,33.3360151],[44.3949811,33.3360609],[44.3951502,33.3359098],[44.3950915,33.335864]]]}},{"type":"Feature","properties":{"id":"B0720","area_m2":26},"geometry":{"type":"Polygon","coordinates":[[[44.3964072,33.337223],[44.3963721,33.3371635],[44.3963376,33.3371777],[44.3963727,33.3372372],[44.3964072,33.337223]]]}},{"type":"Feature","properties":{"id":"B0721","area_m2":74},"geometry":{"type":"Polygon","coordinates":[[[44.3948493,33.3357771],[44.3948405,33.3358298],[44.3949747,33.3358455],[44.3949835,33.3357927],[44.3948493,33.3357771]]]}},{"type":"Feature","properties":{"id":"B0722","area_m2":201},"geometry":{"type":"Polygon","coordinates":[[[44.3961122,33.3370031],[44.3962667,33.3371049],[44.3963593,33.3370067],[44.3963196,33.3369806],[44.3962857,33.3370165],[44.3962278,33.3369784],[44.3962439,33.3369613],[44.396187,33.3369238],[44.3961122,33.3370031]]]}},{"type":"Feature","properties":{"id":"B0723","area_m2":180},"geometry":{"type":"Polygon","coordinates":[[[44.3957737,33.3366506],[44.395945,33.3367829],[44.3960057,33.3367281],[44.3958344,33.3365958],[44.3957737,33.3366506]]]}},{"type":"Feature","properties":{"id":"B0725","area_m2":14},"geometry":{"type":"Polygon","coordinates":[[[44.3961448,33.3369012],[44.3961244,33.3369287],[44.3961604,33.3369473],[44.3961808,33.3369198],[44.3961448,33.3369012]]]}},{"type":"Feature","properties":{"id":"B0727","area_m2":114},"geometry":{"type":"Polygon","coordinates":[[[44.3963433,33.3371466],[44.396367,33.3371222],[44.3964771,33.3371967],[44.3965133,33.3371594],[44.3963618,33.3370568],[44.3963019,33.3371185],[44.3963433,33.3371466]]]}},{"type":"Feature","properties":{"id":"B0728","area_m2":98},"geometry":{"type":"Polygon","coordinates":[[[44.3942719,33.3350607],[44.3941814,33.3349992],[44.3941118,33.3350708],[44.3941514,33.3350977],[44.3941658,33.3350828],[44.3942168,33.3351174],[44.3942719,33.3350607]]]}},{"type":"Feature","properties":{"id":"B0729","area_m2":23},"geometry":{"type":"Polygon","coordinates":[[[44.3957958,33.3365279],[44.3957595,33.3364839],[44.395725,33.3365038],[44.3957613,33.3365478],[44.3957958,33.3365279]]]}},{"type":"Feature","properties":{"id":"B0730","area_m2":119},"geometry":{"type":"Polygon","coordinates":[[[44.396036,33.3368529],[44.3961124,33.3369199],[44.3962024,33.3368483],[44.3961261,33.3367813],[44.396036,33.3368529]]]}},{"type":"Feature","properties":{"id":"B0731","area_m2":157},"geometry":{"type":"Polygon","coordinates":[[[44.3941971,33.335156],[44.3942794,33.3352191],[44.3943895,33.3351189],[44.3943072,33.3350558],[44.3941971,33.335156]]]}},{"type":"Feature","properties":{"id":"B0732","area_m2":188},"geometry":{"type":"Polygon","coordinates":[[[44.3946788,33.3354447],[44.3945652,33.3353409],[44.3945638,33.3353421],[44.3944409,33.3352298],[44.3943956,33.3352643],[44.394632,33.3354804],[44.3946788,33.3354447]]]}},{"type":"Feature","properties":{"id":"B0733","area_m2":35},"geometry":{"type":"Polygon","coordinates":[[[44.3960082,33.3366856],[44.3959414,33.3366246],[44.3959107,33.336648],[44.3959775,33.336709],[44.3960082,33.3366856]]]}},{"type":"Feature","properties":{"id":"B0734","area_m2":126},"geometry":{"type":"Polygon","coordinates":[[[44.3959739,33.3367896],[44.3960352,33.3368371],[44.3961542,33.3367299],[44.3960929,33.3366824],[44.3959739,33.3367896]]]}},{"type":"Feature","properties":{"id":"B0735","area_m2":501},"geometry":{"type":"Polygon","coordinates":[[[44.396818,33.3373028],[44.3966319,33.3374517],[44.3967878,33.3375877],[44.3969739,33.3374389],[44.396818,33.3373028]]]}},{"type":"Feature","properties":{"id":"B0736","area_m2":204},"geometry":{"type":"Polygon","coordinates":[[[44.3966666,33.3371777],[44.3965966,33.3372288],[44.3965434,33.3371779],[44.3964743,33.3372284],[44.3965851,33.3373344],[44.3967242,33.3372329],[44.3966666,33.3371777]]]}},{"type":"Feature","properties":{"id":"B0737","area_m2":9},"geometry":{"type":"Polygon","coordinates":[[[44.3951795,33.3358883],[44.3951644,33.3358701],[44.3951319,33.335889],[44.395147,33.3359072],[44.3951795,33.3358883]]]}},{"type":"Feature","properties":{"id":"B0738","area_m2":53},"geometry":{"type":"Polygon","coordinates":[[[44.3966437,33.3372984],[44.3967096,33.3373491],[44.3967563,33.3373068],[44.3966905,33.337256],[44.3966437,33.3372984]]]}},{"type":"Feature","properties":{"id":"B0740","area_m2":29},"geometry":{"type":"Polygon","coordinates":[[[44.3960446,33.3366608],[44.3960258,33.3366172],[44.3959689,33.3366343],[44.3959877,33.3366779],[44.3960446,33.3366608]]]}},{"type":"Feature","properties":{"id":"B0741","area_m2":301},"geometry":{"type":"Polygon","coordinates":[[[44.3963576,33.337049],[44.3966235,33.3372074],[44.396676,33.3371459],[44.3963816,33.3369706],[44.3963926,33.3369578],[44.3963375,33.3369249],[44.3963032,33.336965],[44.3963868,33.3370148],[44.3963576,33.337049]]]}},{"type":"Feature","properties":{"id":"B0742","area_m2":85},"geometry":{"type":"Polygon","coordinates":[[[44.3959724,33.336472],[44.395857,33.3365551],[44.3958995,33.3365962],[44.3960148,33.3365131],[44.3959724,33.336472]]]}},{"type":"Feature","properties":{"id":"B0743","area_m2":337},"geometry":{"type":"Polygon","coordinates":[[[44.3956169,33.3363918],[44.3957535,33.3364758],[44.395815,33.336406],[44.3958314,33.3364161],[44.3959032,33.3363347],[44.3958405,33.3362962],[44.3958324,33.3363055],[44.3957419,33.3362498],[44.3956169,33.3363918]]]}},{"type":"Feature","properties":{"id":"B0744","area_m2":70},"geometry":{"type":"Polygon","coordinates":[[[44.39596,33.3365836],[44.3959983,33.3366183],[44.3960644,33.3365674],[44.3960109,33.336519],[44.3959094,33.3365971],[44.3959246,33.3366109],[44.39596,33.3365836]]]}},{"type":"Feature","properties":{"id":"B0748","area_m2":25},"geometry":{"type":"Polygon","coordinates":[[[44.3964758,33.3369878],[44.3965212,33.337001],[44.3965412,33.3369531],[44.3964958,33.3369399],[44.3964758,33.3369878]]]}},{"type":"Feature","properties":{"id":"B0749","area_m2":36},"geometry":{"type":"Polygon","coordinates":[[[44.3968922,33.3372774],[44.3968365,33.3372409],[44.3968,33.3372796],[44.3968557,33.3373162],[44.3968922,33.3372774]]]}},{"type":"Feature","properties":{"id":"B0751","area_m2":25},"geometry":{"type":"Polygon","coordinates":[[[44.3961783,33.3366634],[44.3962101,33.3366949],[44.3962469,33.336669],[44.3962258,33.336648],[44.3962525,33.3366292],[44.3962419,33.3366187],[44.3961783,33.3366634]]]}},{"type":"Feature","properties":{"id":"B0752","area_m2":187},"geometry":{"type":"Polygon","coordinates":[[[44.3955326,33.3359914],[44.3954763,33.3360639],[44.3956519,33.3361591],[44.3957082,33.3360865],[44.3955326,33.3359914]]]}},{"type":"Feature","properties":{"id":"B0754","area_m2":115},"geometry":{"type":"Polygon","coordinates":[[[44.3960715,33.3365648],[44.3961254,33.3366315],[44.3961594,33.3366123],[44.3961743,33.3366307],[44.3962516,33.3365871],[44.3962051,33.3365296],[44.3961628,33.3365535],[44.3961404,33.3365258],[44.3960715,33.3365648]]]}},{"type":"Feature","properties":{"id":"B0757","area_m2":19},"geometry":{"type":"Polygon","coordinates":[[[44.3963838,33.3368139],[44.3964252,33.3368397],[44.3964514,33.3368104],[44.39641,33.3367846],[44.3963838,33.3368139]]]}},{"type":"Feature","properties":{"id":"B0758","area_m2":27},"geometry":{"type":"Polygon","coordinates":[[[44.3968157,33.3372084],[44.3968492,33.3372501],[44.3968917,33.3372263],[44.3968582,33.3371846],[44.3968157,33.3372084]]]}},{"type":"Feature","properties":{"id":"B0759","area_m2":37},"geometry":{"type":"Polygon","coordinates":[[[44.3969799,33.3372915],[44.3968937,33.3372363],[44.3968699,33.3372623],[44.3969561,33.3373175],[44.3969799,33.3372915]]]}},{"type":"Feature","properties":{"id":"B0760","area_m2":43},"geometry":{"type":"Polygon","coordinates":[[[44.3943422,33.3349043],[44.3943845,33.3349503],[44.394441,33.3349141],[44.3943988,33.3348681],[44.3943422,33.3349043]]]}},{"type":"Feature","properties":{"id":"B0761","area_m2":222},"geometry":{"type":"Polygon","coordinates":[[[44.3944286,33.3350018],[44.3945691,33.3351273],[44.3946606,33.3350557],[44.3945201,33.3349303],[44.3944286,33.3350018]]]}},{"type":"Feature","properties":{"id":"B0762","area_m2":121},"geometry":{"type":"Polygon","coordinates":[[[44.3958411,33.3361803],[44.395786,33.3361484],[44.395729,33.3362169],[44.3958303,33.3362757],[44.3959049,33.336186],[44.3958587,33.3361592],[44.3958411,33.3361803]]]}},{"type":"Feature","properties":{"id":"B0763","area_m2":135},"geometry":{"type":"Polygon","coordinates":[[[44.3960278,33.3364151],[44.3959993,33.3363927],[44.3959471,33.3364392],[44.3960213,33.3364973],[44.3961604,33.3363735],[44.3961148,33.3363377],[44.3960278,33.3364151]]]}},{"type":"Feature","properties":{"id":"B0764","area_m2":122},"geometry":{"type":"Polygon","coordinates":[[[44.3961317,33.3363981],[44.3960306,33.3365114],[44.3960979,33.3365532],[44.3961989,33.33644],[44.3961317,33.3363981]]]}},{"type":"Feature","properties":{"id":"B0765","area_m2":718},"geometry":{"type":"Polygon","coordinates":[[[44.3964767,33.3367518],[44.3966047,33.3365741],[44.3965417,33.3365424],[44.3964113,33.3367234],[44.3963365,33.3366858],[44.3962263,33.3368388],[44.3962637,33.3368576],[44.3963407,33.3367506],[44.3964037,33.3367823],[44.3964061,33.336779],[44.3964593,33.3368058],[44.3964325,33.336843],[44.3963419,33.3367974],[44.3962834,33.3368787],[44.3964311,33.3369529],[44.3964654,33.3369052],[44.3965678,33.3369567],[44.3966519,33.3368399],[44.3964767,33.3367518]]]}},{"type":"Feature","properties":{"id":"B0766","area_m2":542},"geometry":{"type":"Polygon","coordinates":[[[44.3948583,33.3354043],[44.3949816,33.3353106],[44.3947279,33.3350776],[44.3946046,33.3351713],[44.3948583,33.3354043]]]}},{"type":"Feature","properties":{"id":"B0769","area_m2":29},"geometry":{"type":"Polygon","coordinates":[[[44.3960021,33.3363034],[44.3959593,33.3362723],[44.3959208,33.3363093],[44.3959636,33.3363404],[44.3960021,33.3363034]]]}},{"type":"Feature","properties":{"id":"B0770","area_m2":98},"geometry":{"type":"Polygon","coordinates":[[[44.3959401,33.3361934],[44.3958352,33.3362713],[44.395889,33.3363219],[44.3959939,33.336244],[44.3959401,33.3361934]]]}},{"type":"Feature","properties":{"id":"B0772","area_m2":250},"geometry":{"type":"Polygon","coordinates":[[[44.3962404,33.3366002],[44.3963188,33.3366484],[44.3962326,33.3367464],[44.3962727,33.336771],[44.3963486,33.3366846],[44.3963992,33.3367156],[44.3964811,33.3366224],[44.3964139,33.3365812],[44.3963917,33.3366065],[44.3962898,33.336544],[44.3962404,33.3366002]]]}},{"type":"Feature","properties":{"id":"B0773","area_m2":108},"geometry":{"type":"Polygon","coordinates":[[[44.3969253,33.3371469],[44.3968725,33.3372216],[44.3969758,33.3372727],[44.3970287,33.337198],[44.3969253,33.3371469]]]}},{"type":"Feature","properties":{"id":"B0775","area_m2":91},"geometry":{"type":"Polygon","coordinates":[[[44.3960483,33.3362855],[44.3959628,33.3363555],[44.3960245,33.336408],[44.3961099,33.336338],[44.3960483,33.3362855]]]}},{"type":"Feature","properties":{"id":"B0776","area_m2":35},"geometry":{"type":"Polygon","coordinates":[[[44.3962095,33.336535],[44.3962544,33.3365709],[44.3962994,33.3365314],[44.3962546,33.3364956],[44.3962095,33.336535]]]}},{"type":"Feature","properties":{"id":"B0778","area_m2":180},"geometry":{"type":"Polygon","coordinates":[[[44.3961325,33.3365154],[44.39617,33.3365486],[44.3963218,33.3364289],[44.3962174,33.3363364],[44.3961465,33.3363923],[44.3962134,33.3364516],[44.3961325,33.3365154]]]}},{"type":"Feature","properties":{"id":"B0779","area_m2":33},"geometry":{"type":"Polygon","coordinates":[[[44.3963479,33.3365817],[44.3963925,33.3366047],[44.3964309,33.3365528],[44.3963862,33.3365298],[44.3963479,33.3365817]]]}},{"type":"Feature","properties":{"id":"B0781","area_m2":79},"geometry":{"type":"Polygon","coordinates":[[[44.3957493,33.3359872],[44.3957493,33.3358774],[44.3956795,33.3358774],[44.3956795,33.3359872],[44.3957493,33.3359872]]]}},{"type":"Feature","properties":{"id":"B0782","area_m2":2009},"geometry":{"type":"Polygon","coordinates":[[[44.3969309,33.3367227],[44.3966284,33.3365699],[44.396497,33.3367516],[44.3965074,33.336762],[44.3966907,33.3368546],[44.3965593,33.3370361],[44.3967939,33.3372702],[44.396838,33.3372393],[44.3968073,33.3372086],[44.3968417,33.3371611],[44.3968246,33.337144],[44.3968892,33.3371767],[44.3969338,33.3371454],[44.3970475,33.3372029],[44.3971128,33.3371126],[44.3969257,33.3370181],[44.3969299,33.3370151],[44.3968933,33.3369786],[44.3970485,33.3367641],[44.3970045,33.3367419],[44.3969523,33.3367785],[44.396949,33.336783],[44.3968957,33.3368203],[44.3969032,33.3368278],[44.3968656,33.3368798],[44.3968852,33.3368993],[44.3968005,33.3369585],[44.3967624,33.3370112],[44.396681,33.3370682],[44.3969309,33.3367227]]]}},{"type":"Feature","properties":{"id":"B0785","area_m2":175},"geometry":{"type":"Polygon","coordinates":[[[44.3960356,33.3360538],[44.3959346,33.3360065],[44.3958946,33.3360663],[44.3958874,33.3360629],[44.395844,33.3361277],[44.3959502,33.3361774],[44.3959879,33.3361211],[44.3959899,33.336122],[44.3960356,33.3360538]]]}},{"type":"Feature","properties":{"id":"B0786","area_m2":60},"geometry":{"type":"Polygon","coordinates":[[[44.3964313,33.3364964],[44.3964006,33.3365314],[44.3964425,33.336557],[44.396422,33.3365803],[44.3964761,33.3366135],[44.3965144,33.3365698],[44.3964586,33.3365356],[44.3964714,33.336521],[44.3964313,33.3364964]]]}},{"type":"Feature","properties":{"id":"B0789","area_m2":27},"geometry":{"type":"Polygon","coordinates":[[[44.39448,33.3346084],[44.3944266,33.3346574],[44.394456,33.3346797],[44.3945094,33.3346307],[44.39448,33.3346084]]]}},{"type":"Feature","properties":{"id":"B0791","area_m2":59},"geometry":{"type":"Polygon","coordinates":[[[44.3961206,33.3360888],[44.3960256,33.3360698],[44.3960091,33.336127],[44.3961042,33.336146],[44.3961206,33.3360888]]]}},{"type":"Feature","properties":{"id":"B0793","area_m2":48},"geometry":{"type":"Polygon","coordinates":[[[44.3961871,33.3362692],[44.3962273,33.3363045],[44.3962969,33.3362491],[44.3962567,33.3362139],[44.3961871,33.3362692]]]}},{"type":"Feature","properties":{"id":"B0795","area_m2":144},"geometry":{"type":"Polygon","coordinates":[[[44.397191,33.3370292],[44.397116,33.3369781],[44.3970915,33.3370031],[44.3970441,33.3369708],[44.3969924,33.3370238],[44.3971148,33.3371072],[44.397191,33.3370292]]]}},{"type":"Feature","properties":{"id":"B0796","area_m2":150},"geometry":{"type":"Polygon","coordinates":[[[44.3964164,33.3362966],[44.3963355,33.3362266],[44.3962282,33.3363134],[44.3963091,33.3363833],[44.3964164,33.3362966]]]}},{"type":"Feature","properties":{"id":"B0797","area_m2":50},"geometry":{"type":"Polygon","coordinates":[[[44.3946789,33.3347194],[44.3946516,33.3346602],[44.3945803,33.3346831],[44.3946077,33.3347424],[44.3946789,33.3347194]]]}},{"type":"Feature","properties":{"id":"B0798","area_m2":43},"geometry":{"type":"Polygon","coordinates":[[[44.3961474,33.3360509],[44.3960678,33.3360178],[44.3960426,33.3360603],[44.3961221,33.3360933],[44.3961474,33.3360509]]]}},{"type":"Feature","properties":{"id":"B0799","area_m2":70},"geometry":{"type":"Polygon","coordinates":[[[44.3965285,33.3364175],[44.396482,33.336493],[44.3965532,33.3365236],[44.3965996,33.336448],[44.3965285,33.3364175]]]}},{"type":"Feature","properties":{"id":"B0802","area_m2":113},"geometry":{"type":"Polygon","coordinates":[[[44.3965818,33.3363628],[44.3965269,33.3363255],[44.3964096,33.3364458],[44.3964644,33.3364832],[44.3965818,33.3363628]]]}},{"type":"Feature","properties":{"id":"B0803","area_m2":42},"geometry":{"type":"Polygon","coordinates":[[[44.3955423,33.3354671],[44.3955042,33.3355032],[44.3955676,33.3355499],[44.3956057,33.3355137],[44.3955423,33.3354671]]]}},{"type":"Feature","properties":{"id":"B0804","area_m2":229},"geometry":{"type":"Polygon","coordinates":[[[44.3957211,33.3357554],[44.3959078,33.3358478],[44.3959631,33.3357698],[44.3957307,33.3356548],[44.3957578,33.3356167],[44.3957131,33.3355946],[44.3956848,33.3356344],[44.3957752,33.3356791],[44.3957211,33.3357554]]]}},{"type":"Feature","properties":{"id":"B0805","area_m2":26},"geometry":{"type":"Polygon","coordinates":[[[44.3949702,33.3349058],[44.3949149,33.3348528],[44.3948882,33.3348723],[44.3949435,33.3349253],[44.3949702,33.3349058]]]}},{"type":"Feature","properties":{"id":"B0806","area_m2":31},"geometry":{"type":"Polygon","coordinates":[[[44.396089,33.3360235],[44.3961431,33.336037],[44.3961616,33.3359857],[44.3961074,33.3359721],[44.396089,33.3360235]]]}},{"type":"Feature","properties":{"id":"B0807","area_m2":40},"geometry":{"type":"Polygon","coordinates":[[[44.3949068,33.3348375],[44.3948584,33.3347663],[44.3948169,33.3347861],[44.3948653,33.3348572],[44.3949068,33.3348375]]]}},{"type":"Feature","properties":{"id":"B0808","area_m2":341},"geometry":{"type":"Polygon","coordinates":[[[44.3969616,33.3369359],[44.3971087,33.3370005],[44.3972196,33.3368243],[44.3970725,33.3367597],[44.3969616,33.3369359]]]}},{"type":"Feature","properties":{"id":"B0811","area_m2":84},"geometry":{"type":"Polygon","coordinates":[[[44.3968478,33.3365591],[44.3967975,33.3365402],[44.3967563,33.3366166],[44.3968356,33.3366464],[44.3968894,33.3365465],[44.3968604,33.3365356],[44.3968478,33.3365591]]]}},{"type":"Feature","properties":{"id":"B0812","area_m2":59},"geometry":{"type":"Polygon","coordinates":[[[44.3957649,33.3355043],[44.395713,33.3354714],[44.3956492,33.3355417],[44.3957012,33.3355746],[44.3957649,33.3355043]]]}},{"type":"Feature","properties":{"id":"B0813","area_m2":93},"geometry":{"type":"Polygon","coordinates":[[[44.3969002,33.3365573],[44.3968455,33.3366557],[44.3969206,33.3366848],[44.3969752,33.3365863],[44.3969002,33.3365573]]]}},{"type":"Feature","properties":{"id":"B0814","area_m2":24},"geometry":{"type":"Polygon","coordinates":[[[44.3972462,33.3368768],[44.3972138,33.3368677],[44.3971878,33.3369321],[44.3972201,33.3369412],[44.3972462,33.3368768]]]}},{"type":"Feature","properties":{"id":"B0816","area_m2":90},"geometry":{"type":"Polygon","coordinates":[[[44.3962225,33.3358777],[44.3961639,33.335837],[44.3960768,33.3359244],[44.3961355,33.3359652],[44.3962225,33.3358777]]]}},{"type":"Feature","properties":{"id":"B0817","area_m2":23},"geometry":{"type":"Polygon","coordinates":[[[44.3962268,33.3360164],[44.3962598,33.3360367],[44.3962983,33.3359932],[44.3962652,33.3359728],[44.3962268,33.3360164]]]}},{"type":"Feature","properties":{"id":"B0818","area_m2":299},"geometry":{"type":"Polygon","coordinates":[[[44.396571,33.336419],[44.3967048,33.3364917],[44.3967232,33.3364681],[44.3967628,33.3364896],[44.396829,33.3364046],[44.3966744,33.3363206],[44.3966756,33.336319],[44.396587,33.3362709],[44.3965596,33.3363061],[44.3966294,33.336344],[44.396571,33.336419]]]}},{"type":"Feature","properties":{"id":"B0819","area_m2":38},"geometry":{"type":"Polygon","coordinates":[[[44.3962626,33.3360426],[44.3963229,33.3360795],[44.3963574,33.3360401],[44.3962971,33.3360032],[44.3962626,33.3360426]]]}},{"type":"Feature","properties":{"id":"B0820","area_m2":93},"geometry":{"type":"Polygon","coordinates":[[[44.3957548,33.3355278],[44.3957101,33.335563],[44.3957864,33.3356306],[44.3959177,33.3355271],[44.3958949,33.335507],[44.3958083,33.3355752],[44.3957548,33.3355278]]]}},{"type":"Feature","properties":{"id":"B0821","area_m2":98},"geometry":{"type":"Polygon","coordinates":[[[44.3959649,33.3356591],[44.395861,33.3355799],[44.3958067,33.3356296],[44.3959106,33.3357088],[44.3959649,33.3356591]]]}},{"type":"Feature","properties":{"id":"B0822","area_m2":70},"geometry":{"type":"Polygon","coordinates":[[[44.3953009,33.335128],[44.3952741,33.3351044],[44.3952409,33.3351307],[44.3952917,33.3351756],[44.395424,33.335071],[44.3953999,33.3350497],[44.3953009,33.335128]]]}},{"type":"Feature","properties":{"id":"B0823","area_m2":375},"geometry":{"type":"Polygon","coordinates":[[[44.3948484,33.3345114],[44.3947445,33.334575],[44.3947645,33.3345977],[44.3946912,33.3346426],[44.3947966,33.3347627],[44.3949737,33.3346542],[44.3948484,33.3345114]]]}},{"type":"Feature","properties":{"id":"B0824","area_m2":185},"geometry":{"type":"Polygon","coordinates":[[[44.3954419,33.3352868],[44.3954486,33.3352806],[44.395514,33.3353296],[44.3955394,33.335306],[44.3955647,33.3353249],[44.3956247,33.335269],[44.3954952,33.3351721],[44.3954032,33.3352578],[44.3954419,33.3352868]]]}},{"type":"Feature","properties":{"id":"B0826","area_m2":162},"geometry":{"type":"Polygon","coordinates":[[[44.3971598,33.3366763],[44.39704,33.3366246],[44.3970101,33.3366731],[44.3969879,33.3366635],[44.3970179,33.3366151],[44.3969903,33.3366032],[44.3969411,33.3366828],[44.3971105,33.3367559],[44.3971598,33.3366763]]]}},{"type":"Feature","properties":{"id":"B0827","area_m2":89},"geometry":{"type":"Polygon","coordinates":[[[44.3972183,33.336863],[44.3972571,33.3368653],[44.39725,33.3369522],[44.3973221,33.3369564],[44.3973298,33.3368627],[44.397279,33.3368598],[44.3972812,33.336833],[44.397221,33.3368296],[44.3972183,33.336863]]]}},{"type":"Feature","properties":{"id":"B0828","area_m2":247},"geometry":{"type":"Polygon","coordinates":[[[44.3956015,33.3354868],[44.3956476,33.3355249],[44.395728,33.335457],[44.3957714,33.3354928],[44.3958384,33.3354363],[44.3957626,33.3353735],[44.3957827,33.3353566],[44.3957089,33.3352955],[44.3956365,33.3353566],[44.3956967,33.3354064],[44.3956015,33.3354868]]]}},{"type":"Feature","properties":{"id":"B0830","area_m2":61},"geometry":{"type":"Polygon","coordinates":[[[44.3962921,33.3359817],[44.3963896,33.3360215],[44.3964182,33.3359726],[44.3963207,33.3359329],[44.3962921,33.3359817]]]}},{"type":"Feature","properties":{"id":"B0831","area_m2":105},"geometry":{"type":"Polygon","coordinates":[[[44.3969207,33.336407],[44.3968273,33.3363555],[44.3968026,33.3363866],[44.3968446,33.3364098],[44.3967804,33.3364909],[44.3968318,33.3365193],[44.3969207,33.336407]]]}},{"type":"Feature","properties":{"id":"B0832","area_m2":34},"geometry":{"type":"Polygon","coordinates":[[[44.3962249,33.3358823],[44.3962857,33.3359357],[44.3963181,33.33591],[44.3962573,33.3358566],[44.3962249,33.3358823]]]}},{"type":"Feature","properties":{"id":"B0834","area_m2":32},"geometry":{"type":"Polygon","coordinates":[[[44.3958416,33.3354536],[44.3958058,33.335488],[44.3958568,33.3355251],[44.3958927,33.3354908],[44.3958416,33.3354536]]]}},{"type":"Feature","properties":{"id":"B0835","area_m2":98},"geometry":{"type":"Polygon","coordinates":[[[44.3973608,33.336894],[44.3973324,33.3369401],[44.3974949,33.3370098],[44.3975232,33.3369637],[44.3973608,33.336894]]]}},{"type":"Feature","properties":{"id":"B0836","area_m2":179},"geometry":{"type":"Polygon","coordinates":[[[44.3969214,33.3364314],[44.3968722,33.3364991],[44.3969583,33.3365428],[44.3969445,33.3365618],[44.39706,33.3366205],[44.3971005,33.3365649],[44.397025,33.3365266],[44.3970322,33.3365167],[44.3969921,33.3364964],[44.3970076,33.3364751],[44.3969214,33.3364314]]]}},{"type":"Feature","properties":{"id":"B0837","area_m2":45},"geometry":{"type":"Polygon","coordinates":[[[44.3968144,33.3363269],[44.3967569,33.3362748],[44.396712,33.3363095],[44.3967695,33.3363615],[44.3968144,33.3363269]]]}},{"type":"Feature","properties":{"id":"B0838","area_m2":73},"geometry":{"type":"Polygon","coordinates":[[[44.3971185,33.3365706],[44.397074,33.3366339],[44.3971566,33.3366744],[44.3972011,33.3366111],[44.3971185,33.3365706]]]}},{"type":"Feature","properties":{"id":"B0839","area_m2":73},"geometry":{"type":"Polygon","coordinates":[[[44.3973318,33.3368743],[44.3975246,33.3369519],[44.3975418,33.336922],[44.397349,33.3368445],[44.3973318,33.3368743]]]}},{"type":"Feature","properties":{"id":"B0840","area_m2":290},"geometry":{"type":"Polygon","coordinates":[[[44.3973108,33.3366272],[44.3972615,33.3367425],[44.3972438,33.3367372],[44.3972599,33.3366994],[44.3971624,33.3366703],[44.3971216,33.3367657],[44.3973214,33.3368253],[44.3973953,33.3366525],[44.3973108,33.3366272]]]}},{"type":"Feature","properties":{"id":"B0841","area_m2":519},"geometry":{"type":"Polygon","coordinates":[[[44.3966888,33.336037],[44.3966275,33.336094],[44.3965696,33.3360506],[44.3965043,33.3361113],[44.3965518,33.336147],[44.3964856,33.3362085],[44.3965457,33.3362536],[44.3965839,33.3362181],[44.396681,33.3362911],[44.3967531,33.3362241],[44.3967723,33.3362386],[44.3967929,33.3362196],[44.3967877,33.3362157],[44.3968779,33.3361319],[44.3968474,33.336109],[44.3967874,33.3361648],[44.3967481,33.3361353],[44.3967801,33.3361055],[44.3966888,33.336037]]]}},{"type":"Feature","properties":{"id":"B0842","area_m2":30},"geometry":{"type":"Polygon","coordinates":[[[44.3973682,33.3367742],[44.3973471,33.3368379],[44.3973894,33.3368477],[44.3974105,33.336784],[44.3973682,33.3367742]]]}},{"type":"Feature","properties":{"id":"B0843","area_m2":84},"geometry":{"type":"Polygon","coordinates":[[[44.3964061,33.335843],[44.3963374,33.3359113],[44.3964073,33.3359604],[44.396476,33.3358921],[44.3964061,33.335843]]]}},{"type":"Feature","properties":{"id":"B0844","area_m2":72},"geometry":{"type":"Polygon","coordinates":[[[44.3959762,33.3354451],[44.3958791,33.3353808],[44.3958373,33.3354248],[44.3959344,33.3354891],[44.3959762,33.3354451]]]}},{"type":"Feature","properties":{"id":"B0845","area_m2":19},"geometry":{"type":"Polygon","coordinates":[[[44.3953041,33.3348478],[44.3952795,33.3348674],[44.3953246,33.3349068],[44.3953492,33.3348873],[44.3953041,33.3348478]]]}},{"type":"Feature","properties":{"id":"B0846","area_m2":28},"geometry":{"type":"Polygon","coordinates":[[[44.3970198,33.3364012],[44.3969601,33.3363796],[44.3969405,33.3364173],[44.3970002,33.3364389],[44.3970198,33.3364012]]]}},{"type":"Feature","properties":{"id":"B0847","area_m2":77},"geometry":{"type":"Polygon","coordinates":[[[44.3973081,33.3366165],[44.3972329,33.3365875],[44.397188,33.3366688],[44.3972632,33.3366978],[44.3973081,33.3366165]]]}},{"type":"Feature","properties":{"id":"B0848","area_m2":210},"geometry":{"type":"Polygon","coordinates":[[[44.395123,33.3345365],[44.3950282,33.3344501],[44.3949,33.3345484],[44.3949949,33.3346347],[44.395123,33.3345365]]]}},{"type":"Feature","properties":{"id":"B0851","area_m2":20},"geometry":{"type":"Polygon","coordinates":[[[44.3974923,33.3367854],[44.3974483,33.3367693],[44.3974286,33.3368069],[44.3974726,33.336823],[44.3974923,33.3367854]]]}},{"type":"Feature","properties":{"id":"B0852","area_m2":95},"geometry":{"type":"Polygon","coordinates":[[[44.3971089,33.3365397],[44.3971028,33.3365793],[44.3972362,33.3365936],[44.3972389,33.3365759],[44.3972943,33.3365819],[44.3973018,33.3365333],[44.3972041,33.3365229],[44.3972001,33.3365494],[44.3971089,33.3365397]]]}},{"type":"Feature","properties":{"id":"B0853","area_m2":208},"geometry":{"type":"Polygon","coordinates":[[[44.3970585,33.336386],[44.3970248,33.3364481],[44.3970482,33.336457],[44.3970184,33.336512],[44.3970963,33.3365415],[44.397106,33.3365236],[44.3971661,33.3365464],[44.3972017,33.3364806],[44.3972062,33.3364823],[44.3972243,33.3364488],[44.3970585,33.336386]]]}},{"type":"Feature","properties":{"id":"B0855","area_m2":110},"geometry":{"type":"Polygon","coordinates":[[[44.3958062,33.3353415],[44.3958826,33.335372],[44.3959474,33.3352589],[44.395871,33.3352284],[44.3958062,33.3353415]]]}},{"type":"Feature","properties":{"id":"B0856","area_m2":32},"geometry":{"type":"Polygon","coordinates":[[[44.3964334,33.3357758],[44.3963878,33.3357406],[44.3963477,33.3357768],[44.3963933,33.3358121],[44.3964334,33.3357758]]]}},{"type":"Feature","properties":{"id":"B0857","area_m2":90},"geometry":{"type":"Polygon","coordinates":[[[44.3974086,33.3366832],[44.3973675,33.3367668],[44.3974236,33.336786],[44.3974431,33.3367465],[44.397505,33.3367678],[44.3975267,33.3367237],[44.3974086,33.3366832]]]}},{"type":"Feature","properties":{"id":"B0858","area_m2":187},"geometry":{"type":"Polygon","coordinates":[[[44.3959401,33.3354041],[44.3959368,33.3354093],[44.396014,33.3354438],[44.3960898,33.3353253],[44.3959688,33.3352713],[44.3958963,33.3353845],[44.3959401,33.3354041]]]}},{"type":"Feature","properties":{"id":"B0859","area_m2":19},"geometry":{"type":"Polygon","coordinates":[[[44.3967392,33.3360557],[44.3967591,33.3360902],[44.3968027,33.3360727],[44.3967827,33.3360381],[44.3967392,33.3360557]]]}},{"type":"Feature","properties":{"id":"B0860","area_m2":35},"geometry":{"type":"Polygon","coordinates":[[[44.3966775,33.3360112],[44.3967236,33.3360388],[44.3967647,33.3359908],[44.3967186,33.3359633],[44.3966775,33.3360112]]]}},{"type":"Feature","properties":{"id":"B0861","area_m2":107},"geometry":{"type":"Polygon","coordinates":[[[44.3964689,33.3356185],[44.396424,33.3355906],[44.3962917,33.3357392],[44.3963366,33.3357671],[44.3964689,33.3356185]]]}},{"type":"Feature","properties":{"id":"B0862","area_m2":34},"geometry":{"type":"Polygon","coordinates":[[[44.3976052,33.3367697],[44.3975323,33.3367415],[44.3975119,33.3367785],[44.3975848,33.3368066],[44.3976052,33.3367697]]]}},{"type":"Feature","properties":{"id":"B0863","area_m2":45},"geometry":{"type":"Polygon","coordinates":[[[44.3974369,33.3366117],[44.3973694,33.3365598],[44.3973307,33.3365949],[44.3973981,33.3366469],[44.3974369,33.3366117]]]}},{"type":"Feature","properties":{"id":"B0864","area_m2":186},"geometry":{"type":"Polygon","coordinates":[[[44.3970402,33.3362807],[44.3970231,33.3363424],[44.3970729,33.336352],[44.3970592,33.3364017],[44.3971432,33.3364179],[44.3971508,33.3363903],[44.3972717,33.3364136],[44.3972829,33.3363732],[44.3971581,33.3363491],[44.3971701,33.3363057],[44.3970402,33.3362807]]]}},{"type":"Feature","properties":{"id":"B0865","area_m2":33},"geometry":{"type":"Polygon","coordinates":[[[44.3972109,33.3364746],[44.3972535,33.3364984],[44.3972944,33.3364473],[44.3972517,33.3364235],[44.3972109,33.3364746]]]}},{"type":"Feature","properties":{"id":"B0867","area_m2":195},"geometry":{"type":"Polygon","coordinates":[[[44.3964797,33.3356361],[44.396377,33.3357266],[44.3964378,33.3357747],[44.3964793,33.3357381],[44.3965387,33.3357851],[44.3965663,33.3357607],[44.396596,33.3357842],[44.3966388,33.3357464],[44.3965922,33.3357095],[44.3965828,33.3357178],[44.3964797,33.3356361]]]}},{"type":"Feature","properties":{"id":"B0868","area_m2":36},"geometry":{"type":"Polygon","coordinates":[[[44.3949914,33.3343432],[44.395049,33.3343938],[44.3950856,33.3343647],[44.395028,33.3343141],[44.3949914,33.3343432]]]}},{"type":"Feature","properties":{"id":"B0869","area_m2":26},"geometry":{"type":"Polygon","coordinates":[[[44.3967938,33.335972],[44.3967614,33.3359236],[44.3967216,33.3359422],[44.3967541,33.3359906],[44.3967938,33.335972]]]}},{"type":"Feature","properties":{"id":"B0870","area_m2":58},"geometry":{"type":"Polygon","coordinates":[[[44.3959587,33.3351754],[44.3959193,33.3352159],[44.3960032,33.3352729],[44.3960426,33.3352325],[44.3959587,33.3351754]]]}},{"type":"Feature","properties":{"id":"B0871","area_m2":1455},"geometry":{"type":"Polygon","coordinates":[[[44.3957808,33.3346567],[44.3955806,33.3344848],[44.3955104,33.334542],[44.3955492,33.3345753],[44.3954811,33.3346308],[44.3954476,33.334602],[44.3952526,33.3347605],[44.3952352,33.3347455],[44.3952827,33.3347069],[44.3951317,33.3345772],[44.3950284,33.3346613],[44.3952223,33.3348277],[44.3952568,33.3347997],[44.3953466,33.3348768],[44.3953411,33.3348813],[44.3953933,33.3349262],[44.3954209,33.3349038],[44.3954482,33.3349272],[44.3957808,33.3346567]]]}},{"type":"Feature","properties":{"id":"B0872","area_m2":14},"geometry":{"type":"Polygon","coordinates":[[[44.3975796,33.3366997],[44.3975718,33.3367344],[44.3976106,33.3367405],[44.3976184,33.3367059],[44.3975796,33.3366997]]]}},{"type":"Feature","properties":{"id":"B0874","area_m2":20},"geometry":{"type":"Polygon","coordinates":[[[44.3967523,33.3359213],[44.3967866,33.3359428],[44.3968188,33.3359071],[44.3967846,33.3358855],[44.3967523,33.3359213]]]}},{"type":"Feature","properties":{"id":"B0876","area_m2":81},"geometry":{"type":"Polygon","coordinates":[[[44.3961016,33.3351765],[44.3960155,33.3352677],[44.3960684,33.3353025],[44.3961545,33.3352113],[44.3961016,33.3351765]]]}},{"type":"Feature","properties":{"id":"B0877","area_m2":263},"geometry":{"type":"Polygon","coordinates":[[[44.3961518,33.3353954],[44.3962217,33.3354305],[44.3963176,33.3352971],[44.3962033,33.3352397],[44.3961671,33.3352902],[44.3961484,33.3352808],[44.3960666,33.3353944],[44.3961297,33.335426],[44.3961518,33.3353954]]]}},{"type":"Feature","properties":{"id":"B0878","area_m2":285},"geometry":{"type":"Polygon","coordinates":[[[44.3971008,33.3362539],[44.3971421,33.3361852],[44.3971367,33.3361829],[44.3971701,33.3361274],[44.3972172,33.3361472],[44.3972372,33.3361139],[44.3971173,33.3360635],[44.3970785,33.336128],[44.3969854,33.3360889],[44.3969295,33.336182],[44.3971008,33.3362539]]]}},{"type":"Feature","properties":{"id":"B0879","area_m2":506},"geometry":{"type":"Polygon","coordinates":[[[44.3974864,33.3363804],[44.3974229,33.3364687],[44.3972967,33.3364054],[44.397279,33.3364301],[44.3973145,33.3364479],[44.3972951,33.3364749],[44.3973286,33.3364917],[44.3973065,33.3365224],[44.3975234,33.3366312],[44.3975861,33.3365439],[44.3976039,33.3365528],[44.3976638,33.3364694],[44.3974864,33.3363804]]]}},{"type":"Feature","properties":{"id":"B0880","area_m2":212},"geometry":{"type":"Polygon","coordinates":[[[44.3966519,33.3356655],[44.3966046,33.3357141],[44.3966547,33.3357481],[44.3966009,33.3358035],[44.3966551,33.3358403],[44.3966932,33.3358011],[44.3967974,33.3358718],[44.3968315,33.3358367],[44.3967992,33.3358148],[44.3968084,33.3358053],[44.3967365,33.3357565],[44.3967562,33.3357363],[44.3966519,33.3356655]]]}},{"type":"Feature","properties":{"id":"B0881","area_m2":99},"geometry":{"type":"Polygon","coordinates":[[[44.3968563,33.3358508],[44.3967903,33.3359363],[44.3968699,33.3359791],[44.3969359,33.3358936],[44.3968563,33.3358508]]]}},{"type":"Feature","properties":{"id":"B0882","area_m2":24},"geometry":{"type":"Polygon","coordinates":[[[44.3961642,33.335216],[44.3961115,33.3352574],[44.3961382,33.3352812],[44.396191,33.3352398],[44.3961642,33.335216]]]}},{"type":"Feature","properties":{"id":"B0883","area_m2":99},"geometry":{"type":"Polygon","coordinates":[[[44.3970262,33.3359697],[44.3969193,33.3359319],[44.3968808,33.3360079],[44.3969877,33.3360457],[44.3970262,33.3359697]]]}},{"type":"Feature","properties":{"id":"B0884","area_m2":13},"geometry":{"type":"Polygon","coordinates":[[[44.3955076,33.3345898],[44.3954804,33.3345749],[44.3954546,33.3346079],[44.3954818,33.3346228],[44.3955076,33.3345898]]]}},{"type":"Feature","properties":{"id":"B0888","area_m2":173},"geometry":{"type":"Polygon","coordinates":[[[44.3976789,33.3364919],[44.3975645,33.3366277],[44.397647,33.3366762],[44.3977614,33.3365404],[44.3976789,33.3364919]]]}},{"type":"Feature","properties":{"id":"B0889","area_m2":129},"geometry":{"type":"Polygon","coordinates":[[[44.3970008,33.3360914],[44.3970693,33.3361154],[44.3971027,33.3360486],[44.3972065,33.3360849],[44.3972241,33.3360499],[44.3970518,33.3359896],[44.3970008,33.3360914]]]}},{"type":"Feature","properties":{"id":"B0890","area_m2":139},"geometry":{"type":"Polygon","coordinates":[[[44.3953944,33.3343693],[44.3953085,33.3344288],[44.3954007,33.3345219],[44.3954867,33.3344625],[44.3953944,33.3343693]]]}},{"type":"Feature","properties":{"id":"B0891","area_m2":110},"geometry":{"type":"Polygon","coordinates":[[[44.3969002,33.3357493],[44.3967972,33.3356878],[44.3967388,33.335756],[44.3968418,33.3358175],[44.3969002,33.3357493]]]}},{"type":"Feature","properties":{"id":"B0892","area_m2":148},"geometry":{"type":"Polygon","coordinates":[[[44.3973574,33.3360992],[44.3972695,33.3360728],[44.3972072,33.3362177],[44.3972951,33.3362441],[44.3973574,33.3360992]]]}},{"type":"Feature","properties":{"id":"B0894","area_m2":158},"geometry":{"type":"Polygon","coordinates":[[[44.3953474,33.3342182],[44.3952945,33.334158],[44.395129,33.3342596],[44.3951819,33.3343198],[44.3953474,33.3342182]]]}},{"type":"Feature","properties":{"id":"B0895","area_m2":18},"geometry":{"type":"Polygon","coordinates":[[[44.3970058,33.3358046],[44.3969647,33.3357828],[44.3969417,33.3358132],[44.3969827,33.335835],[44.3970058,33.3358046]]]}},{"type":"Feature","properties":{"id":"B0896","area_m2":707},"geometry":{"type":"Polygon","coordinates":[[[44.3968833,33.3355804],[44.3967851,33.3355255],[44.3968873,33.335398],[44.3968224,33.3353618],[44.3967711,33.3354258],[44.3967925,33.3354377],[44.3967416,33.3355012],[44.3966027,33.3354235],[44.3964874,33.3355674],[44.396768,33.3357243],[44.3968833,33.3355804]]]}},{"type":"Feature","properties":{"id":"B0898","area_m2":380},"geometry":{"type":"Polygon","coordinates":[[[44.3959534,33.3346822],[44.3958619,33.3347638],[44.3958919,33.3347873],[44.3958335,33.3348393],[44.3958028,33.3348153],[44.3957742,33.3348408],[44.3959077,33.3349453],[44.3960862,33.3347862],[44.3959534,33.3346822]]]}},{"type":"Feature","properties":{"id":"B0899","area_m2":249},"geometry":{"type":"Polygon","coordinates":[[[44.3969272,33.3359171],[44.3969825,33.3359448],[44.3970097,33.3359068],[44.397065,33.3359345],[44.397156,33.3358074],[44.3970137,33.3357363],[44.3969778,33.3357864],[44.3970094,33.3358022],[44.3969272,33.3359171]]]}},{"type":"Feature","properties":{"id":"B0903","area_m2":338},"geometry":{"type":"Polygon","coordinates":[[[44.397676,33.3362441],[44.3975537,33.336193],[44.3975136,33.3362601],[44.397475,33.336244],[44.3974235,33.3363301],[44.3976703,33.3364331],[44.3977147,33.3363589],[44.3976718,33.3363409],[44.3976407,33.3363929],[44.3975978,33.336375],[44.397676,33.3362441]]]}},{"type":"Feature","properties":{"id":"B0904","area_m2":56},"geometry":{"type":"Polygon","coordinates":[[[44.3979209,33.3365571],[44.3978772,33.3364945],[44.3978121,33.3365263],[44.3978558,33.3365888],[44.3979209,33.3365571]]]}},{"type":"Feature","properties":{"id":"B0906","area_m2":199},"geometry":{"type":"Polygon","coordinates":[[[44.396484,33.3353427],[44.3966206,33.3354212],[44.3966995,33.3353254],[44.3965629,33.3352469],[44.396484,33.3353427]]]}},{"type":"Feature","properties":{"id":"B0907","area_m2":186},"geometry":{"type":"Polygon","coordinates":[[[44.3955325,33.3344032],[44.3955959,33.3344548],[44.3955932,33.3344571],[44.3956697,33.3345192],[44.3957479,33.334452],[44.3956081,33.3343384],[44.3955325,33.3344032]]]}},{"type":"Feature","properties":{"id":"B0909","area_m2":87},"geometry":{"type":"Polygon","coordinates":[[[44.3957079,33.3345677],[44.3957544,33.3346034],[44.3958622,33.3345054],[44.3958157,33.3344697],[44.3957079,33.3345677]]]}},{"type":"Feature","properties":{"id":"B0910","area_m2":209},"geometry":{"type":"Polygon","coordinates":[[[44.3959745,33.3345808],[44.3958932,33.3345053],[44.3957452,33.3346168],[44.3958266,33.3346922],[44.3959745,33.3345808]]]}},{"type":"Feature","properties":{"id":"B0911","area_m2":116},"geometry":{"type":"Polygon","coordinates":[[[44.396727,33.3353688],[44.3966571,33.335445],[44.3967373,33.3354964],[44.3967826,33.335447],[44.3967497,33.3354259],[44.3968101,33.3353602],[44.396762,33.3353293],[44.3967262,33.3353683],[44.396727,33.3353688]]]}},{"type":"Feature","properties":{"id":"B0913","area_m2":752},"geometry":{"type":"Polygon","coordinates":[[[44.3972603,33.3357623],[44.3972515,33.3357799],[44.3971903,33.3358438],[44.397182,33.3358607],[44.39716,33.3358531],[44.3970743,33.3359426],[44.397058,33.3359756],[44.39715,33.3360074],[44.3971333,33.3359963],[44.3972098,33.3360227],[44.3972799,33.3360696],[44.3973044,33.3360441],[44.3973561,33.3359398],[44.3974184,33.3359614],[44.397442,33.3359368],[44.3975198,33.3359888],[44.3975871,33.3360121],[44.3976396,33.3359573],[44.397564,33.3359311],[44.3975199,33.3359771],[44.3975605,33.3358954],[44.3975134,33.3358791],[44.3974714,33.3359229],[44.3974225,33.3358902],[44.397397,33.3358814],[44.3974204,33.3358343],[44.3973558,33.335812],[44.3973044,33.3357776],[44.3972603,33.3357623]]]}},{"type":"Feature","properties":{"id":"B0914","area_m2":20},"geometry":{"type":"Polygon","coordinates":[[[44.3975467,33.3361741],[44.3975868,33.3362015],[44.3976157,33.3361721],[44.3975757,33.3361446],[44.3975467,33.3361741]]]}},{"type":"Feature","properties":{"id":"B0915","area_m2":357},"geometry":{"type":"Polygon","coordinates":[[[44.3977708,33.3365006],[44.3978628,33.3363675],[44.3978824,33.3364069],[44.3978333,33.3364239],[44.3977831,33.3364966],[44.397792,33.3365009],[44.3980398,33.3364152],[44.3980846,33.3364368],[44.398095,33.3364217],[44.3980642,33.3363596],[44.3980111,33.336378],[44.397976,33.3363611],[44.3979528,33.3363947],[44.3978965,33.3363675],[44.397875,33.3363243],[44.3978312,33.3363394],[44.3977853,33.3364059],[44.3977736,33.3363822],[44.3977293,33.3363609],[44.3976693,33.3364478],[44.3976718,33.3364528],[44.3977708,33.3365006]]]}},{"type":"Feature","properties":{"id":"B0917","area_m2":79},"geometry":{"type":"Polygon","coordinates":[[[44.3968635,33.3355625],[44.3969113,33.3355994],[44.3970062,33.3355134],[44.3969584,33.3354766],[44.3968635,33.3355625]]]}},{"type":"Feature","properties":{"id":"B0918","area_m2":75},"geometry":{"type":"Polygon","coordinates":[[[44.3969245,33.3355975],[44.3969734,33.3356355],[44.3970622,33.3355556],[44.3970133,33.3355176],[44.3969245,33.3355975]]]}},{"type":"Feature","properties":{"id":"B0919","area_m2":274},"geometry":{"type":"Polygon","coordinates":[[[44.3972459,33.3356858],[44.3970697,33.3355749],[44.3970199,33.3356301],[44.3970644,33.3356581],[44.3970626,33.3356601],[44.3970335,33.3356418],[44.3969974,33.3356818],[44.3971762,33.3357944],[44.3972025,33.3357652],[44.3971845,33.3357539],[44.3972459,33.3356858]]]}},{"type":"Feature","properties":{"id":"B0920","area_m2":42},"geometry":{"type":"Polygon","coordinates":[[[44.3968518,33.3354501],[44.3969105,33.3355046],[44.396952,33.3354734],[44.3968933,33.3354189],[44.3968518,33.3354501]]]}},{"type":"Feature","properties":{"id":"B0922","area_m2":36},"geometry":{"type":"Polygon","coordinates":[[[44.3974932,33.33603],[44.3975554,33.3360638],[44.3975861,33.3360245],[44.3975239,33.3359907],[44.3974932,33.33603]]]}},{"type":"Feature","properties":{"id":"B0923","area_m2":302},"geometry":{"type":"Polygon","coordinates":[[[44.397784,33.3361464],[44.3976958,33.3362599],[44.3977704,33.3363003],[44.39773,33.3363524],[44.3977818,33.3363805],[44.3978516,33.3362906],[44.3977799,33.3362517],[44.3977995,33.3362265],[44.3979014,33.3362818],[44.3978647,33.3363291],[44.3979194,33.3363587],[44.3979611,33.3363051],[44.3979271,33.3362867],[44.3979614,33.3362426],[44.397784,33.3361464]]]}},{"type":"Feature","properties":{"id":"B0925","area_m2":163},"geometry":{"type":"Polygon","coordinates":[[[44.39574,33.3342328],[44.3957025,33.3341995],[44.3957203,33.3341856],[44.39566,33.3341321],[44.3955569,33.3342131],[44.3956546,33.3342999],[44.39574,33.3342328]]]}},{"type":"Feature","properties":{"id":"B0926","area_m2":320},"geometry":{"type":"Polygon","coordinates":[[[44.3966581,33.3352289],[44.3965977,33.3352019],[44.3965783,33.3352321],[44.3967937,33.3353288],[44.3968809,33.3351932],[44.3968445,33.3351768],[44.3968512,33.3351664],[44.3967326,33.3351131],[44.3966581,33.3352289]]]}},{"type":"Feature","properties":{"id":"B0927","area_m2":33},"geometry":{"type":"Polygon","coordinates":[[[44.3976012,33.3360557],[44.397635,33.336068],[44.3976762,33.3359888],[44.3976424,33.3359765],[44.3976012,33.3360557]]]}},{"type":"Feature","properties":{"id":"B0928","area_m2":56},"geometry":{"type":"Polygon","coordinates":[[[44.3955747,33.3340139],[44.3954963,33.3340754],[44.3955378,33.3341123],[44.3956162,33.3340508],[44.3955747,33.3340139]]]}},{"type":"Feature","properties":{"id":"B0929","area_m2":27},"geometry":{"type":"Polygon","coordinates":[[[44.3973512,33.3357785],[44.3974098,33.3358023],[44.3974305,33.3357667],[44.3973719,33.335743],[44.3973512,33.3357785]]]}},{"type":"Feature","properties":{"id":"B0930","area_m2":74},"geometry":{"type":"Polygon","coordinates":[[[44.3968919,33.3353983],[44.3969451,33.3354371],[44.3969917,33.3353927],[44.3969643,33.3353727],[44.3970321,33.335308],[44.3970063,33.3352891],[44.3968919,33.3353983]]]}},{"type":"Feature","properties":{"id":"B0931","area_m2":71},"geometry":{"type":"Polygon","coordinates":[[[44.3973105,33.3356503],[44.3972593,33.3357241],[44.3973295,33.3357582],[44.3973807,33.3356844],[44.3973105,33.3356503]]]}},{"type":"Feature","properties":{"id":"B0932","area_m2":121},"geometry":{"type":"Polygon","coordinates":[[[44.3971147,33.3353978],[44.3970082,33.3354984],[44.3971234,33.3355835],[44.3971473,33.3355609],[44.3970834,33.3355136],[44.3971659,33.3354356],[44.3971147,33.3353978]]]}},{"type":"Feature","properties":{"id":"B0933","area_m2":130},"geometry":{"type":"Polygon","coordinates":[[[44.3967927,33.335328],[44.3968551,33.335368],[44.3969717,33.3352411],[44.3969093,33.335201],[44.3967927,33.335328]]]}},{"type":"Feature","properties":{"id":"B0935","area_m2":145},"geometry":{"type":"Polygon","coordinates":[[[44.3969392,33.3354468],[44.3969974,33.3354908],[44.3971416,33.3353577],[44.3970833,33.3353137],[44.3969392,33.3354468]]]}},{"type":"Feature","properties":{"id":"B0936","area_m2":48},"geometry":{"type":"Polygon","coordinates":[[[44.3972084,33.3354932],[44.3971655,33.3354602],[44.3971008,33.335519],[44.3971437,33.335552],[44.3972084,33.3354932]]]}},{"type":"Feature","properties":{"id":"B0937","area_m2":38},"geometry":{"type":"Polygon","coordinates":[[[44.3960845,33.3345469],[44.3961394,33.3345911],[44.3961796,33.3345563],[44.3961247,33.3345121],[44.3960845,33.3345469]]]}},{"type":"Feature","properties":{"id":"B0938","area_m2":40},"geometry":{"type":"Polygon","coordinates":[[[44.3975184,33.3357884],[44.3974585,33.3357611],[44.3974257,33.3358112],[44.3974857,33.3358385],[44.3975184,33.3357884]]]}},{"type":"Feature","properties":{"id":"B0939","area_m2":627},"geometry":{"type":"Polygon","coordinates":[[[44.3956606,33.3343052],[44.3959095,33.3345079],[44.3961674,33.3342869],[44.3960546,33.334195],[44.3960113,33.3342322],[44.3960429,33.334258],[44.395912,33.3343702],[44.3957442,33.3342335],[44.3956606,33.3343052]]]}},{"type":"Feature","properties":{"id":"B0940","area_m2":50},"geometry":{"type":"Polygon","coordinates":[[[44.3978345,33.336099],[44.3978031,33.3361518],[44.3978933,33.3361894],[44.3979137,33.3361553],[44.3978675,33.3361361],[44.3978787,33.3361174],[44.3978345,33.336099]]]}},{"type":"Feature","properties":{"id":"B0941","area_m2":21},"geometry":{"type":"Polygon","coordinates":[[[44.3977748,33.3360681],[44.3977653,33.3360997],[44.3978259,33.3361124],[44.3978354,33.3360807],[44.3977748,33.3360681]]]}},{"type":"Feature","properties":{"id":"B0944","area_m2":280},"geometry":{"type":"Polygon","coordinates":[[[44.3959378,33.3342329],[44.3957364,33.3340554],[44.3956559,33.3341191],[44.3958572,33.3342967],[44.3959378,33.3342329]]]}},{"type":"Feature","properties":{"id":"B0945","area_m2":28},"geometry":{"type":"Polygon","coordinates":[[[44.3969952,33.3353586],[44.3970245,33.3353716],[44.3970712,33.3352981],[44.3970418,33.3352851],[44.3969952,33.3353586]]]}},{"type":"Feature","properties":{"id":"B0947","area_m2":49},"geometry":{"type":"Polygon","coordinates":[[[44.397365,33.3355611],[44.3973128,33.3355155],[44.3972582,33.3355591],[44.3973104,33.3356048],[44.397365,33.3355611]]]}},{"type":"Feature","properties":{"id":"B0948","area_m2":74},"geometry":{"type":"Polygon","coordinates":[[[44.3978825,33.3361096],[44.3978724,33.336135],[44.3979279,33.3361505],[44.3979584,33.3360738],[44.3978594,33.3360463],[44.397839,33.3360976],[44.3978825,33.3361096]]]}},{"type":"Feature","properties":{"id":"B0949","area_m2":425},"geometry":{"type":"Polygon","coordinates":[[[44.398252,33.3362893],[44.3981129,33.3361463],[44.3979853,33.3362329],[44.3979926,33.3362405],[44.3979353,33.3362794],[44.3980206,33.3363671],[44.3980464,33.3363496],[44.3980929,33.3363974],[44.398252,33.3362893]]]}},{"type":"Feature","properties":{"id":"B0950","area_m2":35},"geometry":{"type":"Polygon","coordinates":[[[44.3973607,33.3355628],[44.397328,33.3356036],[44.3973853,33.3356357],[44.3974181,33.3355949],[44.3973607,33.3355628]]]}},{"type":"Feature","properties":{"id":"B0951","area_m2":65},"geometry":{"type":"Polygon","coordinates":[[[44.3972539,33.3354336],[44.3971459,33.3353568],[44.3971114,33.3353905],[44.3972195,33.3354674],[44.3972539,33.3354336]]]}},{"type":"Feature","properties":{"id":"B0954","area_m2":39},"geometry":{"type":"Polygon","coordinates":[[[44.3971082,33.3352179],[44.3970678,33.3351879],[44.3970119,33.3352403],[44.3970522,33.3352703],[44.3971082,33.3352179]]]}},{"type":"Feature","properties":{"id":"B0955","area_m2":40},"geometry":{"type":"Polygon","coordinates":[[[44.3971829,33.3352937],[44.397139,33.3352517],[44.3970872,33.3352895],[44.3971311,33.3353315],[44.3971829,33.3352937]]]}},{"type":"Feature","properties":{"id":"B0956","area_m2":45},"geometry":{"type":"Polygon","coordinates":[[[44.3972525,33.3353447],[44.3971883,33.3353126],[44.3971528,33.3353621],[44.397217,33.3353942],[44.3972525,33.3353447]]]}},{"type":"Feature","properties":{"id":"B0957","area_m2":83},"geometry":{"type":"Polygon","coordinates":[[[44.3978298,33.3359594],[44.3978378,33.3359963],[44.3978533,33.3359939],[44.3978628,33.3360373],[44.3979277,33.3360275],[44.3979239,33.3360101],[44.3979551,33.3360054],[44.3979414,33.3359425],[44.3978298,33.3359594]]]}},{"type":"Feature","properties":{"id":"B0958","area_m2":175},"geometry":{"type":"Polygon","coordinates":[[[44.3974987,33.3356766],[44.3976305,33.3357412],[44.3976714,33.3356828],[44.3975666,33.3356314],[44.3975837,33.3356071],[44.3975229,33.3355773],[44.3974339,33.335704],[44.3974678,33.3357206],[44.3974987,33.3356766]]]}},{"type":"Feature","properties":{"id":"B0959","area_m2":38},"geometry":{"type":"Polygon","coordinates":[[[44.3972181,33.3354083],[44.397261,33.3354273],[44.3973039,33.3353599],[44.397261,33.3353408],[44.3972181,33.3354083]]]}},{"type":"Feature","properties":{"id":"B0960","area_m2":387},"geometry":{"type":"Polygon","coordinates":[[[44.3967605,33.3351145],[44.3968976,33.3351936],[44.3970764,33.3349771],[44.3969874,33.3349258],[44.3969139,33.3350148],[44.3968658,33.334987],[44.3967605,33.3351145]]]}},{"type":"Feature","properties":{"id":"B0961","area_m2":25},"geometry":{"type":"Polygon","coordinates":[[[44.3973908,33.3355301],[44.3974316,33.3355641],[44.3974664,33.335535],[44.3974257,33.3355009],[44.3973908,33.3355301]]]}},{"type":"Feature","properties":{"id":"B0962","area_m2":140},"geometry":{"type":"Polygon","coordinates":[[[44.3957758,33.3340418],[44.3958961,33.3341508],[44.3959635,33.3340989],[44.3958432,33.3339899],[44.3957758,33.3340418]]]}},{"type":"Feature","properties":{"id":"B0964","area_m2":252},"geometry":{"type":"Polygon","coordinates":[[[44.3979963,33.3359732],[44.3980377,33.3359122],[44.3979282,33.3358602],[44.3979144,33.3358805],[44.3978434,33.3358469],[44.3978423,33.3358486],[44.3978666,33.3358601],[44.3978505,33.3358838],[44.3978048,33.3358621],[44.3977771,33.3359028],[44.3977437,33.335887],[44.3976931,33.3359615],[44.3977803,33.3360029],[44.397819,33.335946],[44.3978483,33.3359599],[44.3978776,33.3359168],[44.3979963,33.3359732]]]}},{"type":"Feature","properties":{"id":"B0965","area_m2":24},"geometry":{"type":"Polygon","coordinates":[[[44.3960415,33.3342008],[44.3959982,33.3341561],[44.3959674,33.3341769],[44.3960106,33.3342217],[44.3960415,33.3342008]]]}},{"type":"Feature","properties":{"id":"B0966","area_m2":53},"geometry":{"type":"Polygon","coordinates":[[[44.3978305,33.3358012],[44.397787,33.3357795],[44.3977244,33.335867],[44.3977679,33.3358887],[44.3978305,33.3358012]]]}},{"type":"Feature","properties":{"id":"B0967","area_m2":144},"geometry":{"type":"Polygon","coordinates":[[[44.3967335,33.3350068],[44.3967897,33.3350409],[44.3969313,33.334878],[44.3968751,33.3348439],[44.3967335,33.3350068]]]}},{"type":"Feature","properties":{"id":"B0968","area_m2":161},"geometry":{"type":"Polygon","coordinates":[[[44.3965856,33.3347711],[44.3966761,33.3348439],[44.3967901,33.334745],[44.3967162,33.3346856],[44.3966568,33.3347373],[44.39664,33.3347239],[44.3965856,33.3347711]]]}},{"type":"Feature","properties":{"id":"B0969","area_m2":124},"geometry":{"type":"Polygon","coordinates":[[[44.3980988,33.3361539],[44.3982838,33.3362498],[44.3983186,33.3362029],[44.3981337,33.3361069],[44.3980988,33.3361539]]]}},{"type":"Feature","properties":{"id":"B0970","area_m2":186},"geometry":{"type":"Polygon","coordinates":[[[44.3977348,33.3356647],[44.3976214,33.3357691],[44.3976919,33.3358226],[44.3978353,33.3356907],[44.3977442,33.3356216],[44.3977143,33.3356491],[44.3977348,33.3356647]]]}},{"type":"Feature","properties":{"id":"B0971","area_m2":88},"geometry":{"type":"Polygon","coordinates":[[[44.3972901,33.3352282],[44.3972495,33.3351975],[44.3972215,33.3352234],[44.3971787,33.3351911],[44.3971315,33.3352347],[44.3972149,33.3352977],[44.3972901,33.3352282]]]}},{"type":"Feature","properties":{"id":"B0972","area_m2":127},"geometry":{"type":"Polygon","coordinates":[[[44.3973179,33.3352433],[44.3972205,33.3353193],[44.3972593,33.335354],[44.3972808,33.3353373],[44.3973276,33.3353792],[44.3974035,33.3353199],[44.3973179,33.3352433]]]}},{"type":"Feature","properties":{"id":"B0973","area_m2":32},"geometry":{"type":"Polygon","coordinates":[[[44.3974936,33.3354585],[44.3974644,33.3354869],[44.3975276,33.3355323],[44.3975568,33.335504],[44.3974936,33.3354585]]]}},{"type":"Feature","properties":{"id":"B0974","area_m2":26},"geometry":{"type":"Polygon","coordinates":[[[44.3974089,33.3354415],[44.3974408,33.3354589],[44.3974833,33.3354047],[44.3974515,33.3353872],[44.3974089,33.3354415]]]}},{"type":"Feature","properties":{"id":"B0975","area_m2":33},"geometry":{"type":"Polygon","coordinates":[[[44.3969492,33.3349053],[44.3968945,33.3349687],[44.396928,33.3349889],[44.3969827,33.3349255],[44.3969492,33.3349053]]]}},{"type":"Feature","properties":{"id":"B0976","area_m2":290},"geometry":{"type":"Polygon","coordinates":[[[44.3979433,33.3360563],[44.3982102,33.3361111],[44.3982261,33.3360571],[44.3982627,33.3360646],[44.3982776,33.3360139],[44.3980905,33.3359754],[44.3980899,33.3359775],[44.3980266,33.3359646],[44.3980098,33.3360216],[44.3979567,33.3360107],[44.3979433,33.3360563]]]}},{"type":"Feature","properties":{"id":"B0977","area_m2":31},"geometry":{"type":"Polygon","coordinates":[[[44.3978949,33.3357994],[44.3978583,33.3358429],[44.397905,33.3358703],[44.3979416,33.3358268],[44.3978949,33.3357994]]]}},{"type":"Feature","properties":{"id":"B0978","area_m2":18},"geometry":{"type":"Polygon","coordinates":[[[44.3971759,33.3351904],[44.3972283,33.3352102],[44.3972434,33.3351822],[44.397191,33.3351625],[44.3971759,33.3351904]]]}},{"type":"Feature","properties":{"id":"B0979","area_m2":57},"geometry":{"type":"Polygon","coordinates":[[[44.3976038,33.3354779],[44.3975176,33.3355373],[44.397555,33.3355752],[44.3976412,33.3355158],[44.3976038,33.3354779]]]}},{"type":"Feature","properties":{"id":"B0980","area_m2":90},"geometry":{"type":"Polygon","coordinates":[[[44.397215,33.3351252],[44.397125,33.3350559],[44.3970675,33.3351081],[44.3971575,33.3351773],[44.397215,33.3351252]]]}},{"type":"Feature","properties":{"id":"B0981","area_m2":122},"geometry":{"type":"Polygon","coordinates":[[[44.3977387,33.3356251],[44.3977052,33.3355963],[44.3977321,33.3355745],[44.3976784,33.3355284],[44.3975792,33.3356091],[44.3976449,33.3356655],[44.3976752,33.3356409],[44.3976967,33.3356593],[44.3977387,33.3356251]]]}},{"type":"Feature","properties":{"id":"B0982","area_m2":35},"geometry":{"type":"Polygon","coordinates":[[[44.3978677,33.3357272],[44.3978237,33.3357126],[44.3977925,33.3357785],[44.3978365,33.335793],[44.3978677,33.3357272]]]}},{"type":"Feature","properties":{"id":"B0983","area_m2":41},"geometry":{"type":"Polygon","coordinates":[[[44.3975799,33.3354558],[44.3975064,33.3354095],[44.3974755,33.3354437],[44.3975489,33.3354901],[44.3975799,33.3354558]]]}},{"type":"Feature","properties":{"id":"B0986","area_m2":24},"geometry":{"type":"Polygon","coordinates":[[[44.3974409,33.3352844],[44.3973925,33.3352521],[44.3973645,33.3352814],[44.3974129,33.3353137],[44.3974409,33.3352844]]]}},{"type":"Feature","properties":{"id":"B0987","area_m2":29},"geometry":{"type":"Polygon","coordinates":[[[44.3977667,33.3356345],[44.3978211,33.3356713],[44.3978512,33.3356401],[44.3977969,33.3356034],[44.3977667,33.3356345]]]}},{"type":"Feature","properties":{"id":"B0988","area_m2":59},"geometry":{"type":"Polygon","coordinates":[[[44.3981349,33.3358599],[44.3980516,33.3358321],[44.3980233,33.3358911],[44.3981066,33.335919],[44.3981349,33.3358599]]]}},{"type":"Feature","properties":{"id":"B0989","area_m2":56},"geometry":{"type":"Polygon","coordinates":[[[44.397349,33.3351395],[44.3972905,33.3350914],[44.397235,33.3351384],[44.3972934,33.3351865],[44.397349,33.3351395]]]}},{"type":"Feature","properties":{"id":"B0990","area_m2":29},"geometry":{"type":"Polygon","coordinates":[[[44.3975852,33.3353384],[44.3975575,33.3353212],[44.3974984,33.3353877],[44.3975261,33.3354049],[44.3975852,33.3353384]]]}},{"type":"Feature","properties":{"id":"B0991","area_m2":45},"geometry":{"type":"Polygon","coordinates":[[[44.398103,33.3359516],[44.3981537,33.3359746],[44.3981965,33.3359088],[44.3981458,33.3358858],[44.398103,33.3359516]]]}},{"type":"Feature","properties":{"id":"B0992","area_m2":65},"geometry":{"type":"Polygon","coordinates":[[[44.3978239,33.3356916],[44.3979032,33.335729],[44.3979438,33.3356689],[44.3978645,33.3356315],[44.3978239,33.3356916]]]}},{"type":"Feature","properties":{"id":"B0993","area_m2":92},"geometry":{"type":"Polygon","coordinates":[[[44.39756,33.3353236],[44.3975143,33.3352521],[44.3974173,33.3352954],[44.397463,33.3353669],[44.39756,33.3353236]]]}},{"type":"Feature","properties":{"id":"B0994","area_m2":88},"geometry":{"type":"Polygon","coordinates":[[[44.3977886,33.335473],[44.3977534,33.3354482],[44.3977203,33.3354809],[44.3976654,33.3354423],[44.3976226,33.3354847],[44.3977128,33.3355482],[44.3977886,33.335473]]]}},{"type":"Feature","properties":{"id":"B0995","area_m2":104},"geometry":{"type":"Polygon","coordinates":[[[44.3976927,33.3353981],[44.3976169,33.3353394],[44.3975375,33.3354111],[44.3976132,33.3354697],[44.3976927,33.3353981]]]}},{"type":"Feature","properties":{"id":"B0996","area_m2":101},"geometry":{"type":"Polygon","coordinates":[[[44.3979115,33.3357718],[44.398042,33.3358095],[44.398073,33.3357346],[44.3979976,33.3357128],[44.3979898,33.3357317],[44.3979347,33.3357158],[44.3979115,33.3357718]]]}},{"type":"Feature","properties":{"id":"B0997","area_m2":42},"geometry":{"type":"Polygon","coordinates":[[[44.3973857,33.3352261],[44.3974439,33.3352707],[44.3974859,33.3352325],[44.3974277,33.3351879],[44.3973857,33.3352261]]]}},{"type":"Feature","properties":{"id":"B0998","area_m2":54},"geometry":{"type":"Polygon","coordinates":[[[44.3982066,33.33589],[44.3981706,33.3359834],[44.3982217,33.3359971],[44.3982576,33.3359037],[44.3982066,33.33589]]]}},{"type":"Feature","properties":{"id":"B0999","area_m2":29},"geometry":{"type":"Polygon","coordinates":[[[44.39775,33.3354513],[44.3976896,33.3354044],[44.3976615,33.3354296],[44.3977219,33.3354765],[44.39775,33.3354513]]]}},{"type":"Feature","properties":{"id":"B1000","area_m2":237},"geometry":{"type":"Polygon","coordinates":[[[44.397079,33.3349546],[44.3972588,33.335049],[44.3973277,33.3349574],[44.3971479,33.334863],[44.397079,33.3349546]]]}},{"type":"Feature","properties":{"id":"B1001","area_m2":186},"geometry":{"type":"Polygon","coordinates":[[[44.3979271,33.3354842],[44.3978758,33.3355423],[44.3977993,33.3354952],[44.3977384,33.3355643],[44.3978652,33.3356424],[44.3979774,33.3355153],[44.3979271,33.3354842]]]}},{"type":"Feature","properties":{"id":"B1002","area_m2":732},"geometry":{"type":"Polygon","coordinates":[[[44.3985216,33.3360248],[44.3985488,33.3359988],[44.3984105,33.3358984],[44.3983601,33.3359469],[44.3983022,33.3359049],[44.3982595,33.3359152],[44.3982738,33.3359563],[44.3982434,33.3359854],[44.3982773,33.33601],[44.3983393,33.3359771],[44.3982846,33.3360297],[44.3983168,33.3360531],[44.3983361,33.3361088],[44.3982859,33.3360723],[44.3982328,33.3361233],[44.3982979,33.3361707],[44.3983279,33.3362101],[44.398415,33.336189],[44.3984307,33.3361807],[44.3986226,33.3361341],[44.3986155,33.3361136],[44.3985807,33.3360678],[44.3985216,33.3360248]]]}},{"type":"Feature","properties":{"id":"B1003","area_m2":18},"geometry":{"type":"Polygon","coordinates":[[[44.3980057,33.3356486],[44.397961,33.3356191],[44.3979381,33.3356434],[44.3979828,33.3356729],[44.3980057,33.3356486]]]}},{"type":"Feature","properties":{"id":"B1004","area_m2":32},"geometry":{"type":"Polygon","coordinates":[[[44.3981796,33.3357844],[44.3980926,33.335745],[44.3980746,33.3357727],[44.3981617,33.3358121],[44.3981796,33.3357844]]]}},{"type":"Feature","properties":{"id":"B1005","area_m2":135},"geometry":{"type":"Polygon","coordinates":[[[44.3974051,33.3349944],[44.3973826,33.3350165],[44.3973422,33.3349878],[44.3972733,33.3350553],[44.3973682,33.3351228],[44.3974595,33.3350331],[44.3974051,33.3349944]]]}},{"type":"Feature","properties":{"id":"B1006","area_m2":44},"geometry":{"type":"Polygon","coordinates":[[[44.3978206,33.3354378],[44.3977726,33.3353767],[44.3977238,33.3354035],[44.3977718,33.3354645],[44.3978206,33.3354378]]]}},{"type":"Feature","properties":{"id":"B1007","area_m2":26},"geometry":{"type":"Polygon","coordinates":[[[44.3982953,33.3358627],[44.3982263,33.3358321],[44.3982085,33.3358601],[44.3982776,33.3358907],[44.3982953,33.3358627]]]}},{"type":"Feature","properties":{"id":"B1008","area_m2":67},"geometry":{"type":"Polygon","coordinates":[[[44.398051,33.3356425],[44.3980156,33.3357046],[44.3981009,33.3357385],[44.3981363,33.3356764],[44.398051,33.3356425]]]}},{"type":"Feature","properties":{"id":"B1009","area_m2":57},"geometry":{"type":"Polygon","coordinates":[[[44.3973832,33.3351234],[44.3974227,33.3351536],[44.3975055,33.3350779],[44.397466,33.3350477],[44.3973832,33.3351234]]]}},{"type":"Feature","properties":{"id":"B1010","area_m2":20},"geometry":{"type":"Polygon","coordinates":[[[44.3964907,33.3342221],[44.3965311,33.3342609],[44.3965601,33.3342398],[44.3965198,33.334201],[44.3964907,33.3342221]]]}},{"type":"Feature","properties":{"id":"B1011","area_m2":207},"geometry":{"type":"Polygon","coordinates":[[[44.3968773,33.3344336],[44.3967499,33.3343249],[44.3966835,33.3343793],[44.3966419,33.3343438],[44.3965721,33.334401],[44.3966566,33.334473],[44.3967545,33.3343929],[44.3968389,33.334465],[44.3968773,33.3344336]]]}},{"type":"Feature","properties":{"id":"B1012","area_m2":58},"geometry":{"type":"Polygon","coordinates":[[[44.3966865,33.3343265],[44.396566,33.3342415],[44.3965382,33.3342689],[44.3966587,33.334354],[44.3966865,33.3343265]]]}},{"type":"Feature","properties":{"id":"B1013","area_m2":248},"geometry":{"type":"Polygon","coordinates":[[[44.3975191,33.3351515],[44.3974572,33.3352008],[44.3975764,33.3353054],[44.3977467,33.33517],[44.3976824,33.3351136],[44.397574,33.3351997],[44.3975191,33.3351515]]]}},{"type":"Feature","properties":{"id":"B1015","area_m2":27},"geometry":{"type":"Polygon","coordinates":[[[44.3982311,33.3358271],[44.3982898,33.3358551],[44.3983124,33.335822],[44.3982537,33.335794],[44.3982311,33.3358271]]]}},{"type":"Feature","properties":{"id":"B1016","area_m2":144},"geometry":{"type":"Polygon","coordinates":[[[44.3981679,33.335585],[44.3980744,33.3355461],[44.3980616,33.3355677],[44.3979659,33.3355279],[44.3979027,33.3356339],[44.3979264,33.3356437],[44.3979461,33.3356106],[44.3980106,33.3356374],[44.3980422,33.3355843],[44.3981433,33.3356263],[44.3981679,33.335585]]]}},{"type":"Feature","properties":{"id":"B1017","area_m2":78},"geometry":{"type":"Polygon","coordinates":[[[44.3981201,33.3357371],[44.3982332,33.3357985],[44.39827,33.3357512],[44.3981569,33.3356898],[44.3981201,33.3357371]]]}},{"type":"Feature","properties":{"id":"B1018","area_m2":48},"geometry":{"type":"Polygon","coordinates":[[[44.3978114,33.3353074],[44.3977807,33.3352796],[44.3976904,33.3353494],[44.3977211,33.3353772],[44.3978114,33.3353074]]]}},{"type":"Feature","properties":{"id":"B1019","area_m2":18},"geometry":{"type":"Polygon","coordinates":[[[44.3974946,33.3351237],[44.3975456,33.3351444],[44.397562,33.3351162],[44.3975111,33.3350954],[44.3974946,33.3351237]]]}},{"type":"Feature","properties":{"id":"B1020","area_m2":129},"geometry":{"type":"Polygon","coordinates":[[[44.3979237,33.3354035],[44.3979536,33.3353761],[44.3979229,33.3353527],[44.3977906,33.3354738],[44.3978544,33.3355223],[44.3979566,33.3354287],[44.3979237,33.3354035]]]}},{"type":"Feature","properties":{"id":"B1021","area_m2":18},"geometry":{"type":"Polygon","coordinates":[[[44.3980732,33.3356068],[44.3980597,33.3356288],[44.3981234,33.3356561],[44.3981369,33.3356341],[44.3980732,33.3356068]]]}},{"type":"Feature","properties":{"id":"B1022","area_m2":149},"geometry":{"type":"Polygon","coordinates":[[[44.3976027,33.3353049],[44.3976561,33.3353531],[44.3978176,33.3352279],[44.3977641,33.3351798],[44.3976027,33.3353049]]]}},{"type":"Feature","properties":{"id":"B1023","area_m2":45},"geometry":{"type":"Polygon","coordinates":[[[44.397228,33.3348905],[44.3972638,33.3349072],[44.3973267,33.3348135],[44.397291,33.3347967],[44.397228,33.3348905]]]}},{"type":"Feature","properties":{"id":"B1024","area_m2":576},"geometry":{"type":"Polygon","coordinates":[[[44.3970864,33.3343923],[44.3970384,33.3343474],[44.3969612,33.3343105],[44.3968011,33.3345445],[44.3968309,33.3345724],[44.3967888,33.3345523],[44.3967413,33.3345877],[44.3967655,33.3346104],[44.396755,33.3346257],[44.3968018,33.3346695],[44.3967675,33.3346951],[44.3967866,33.3347129],[44.3968114,33.3346766],[44.3968254,33.3346662],[44.3968677,33.3346864],[44.3969129,33.3346203],[44.3969,33.3346083],[44.3969788,33.3345495],[44.3970864,33.3343923]]]}},{"type":"Feature","properties":{"id":"B1025","area_m2":63},"geometry":{"type":"Polygon","coordinates":[[[44.3974074,33.3348806],[44.3973621,33.334846],[44.397282,33.3349193],[44.3973273,33.3349539],[44.3974074,33.3348806]]]}},{"type":"Feature","properties":{"id":"B1026","area_m2":26},"geometry":{"type":"Polygon","coordinates":[[[44.3979525,33.3354428],[44.3979223,33.3354769],[44.3979698,33.3355064],[44.3980001,33.3354723],[44.3979525,33.3354428]]]}},{"type":"Feature","properties":{"id":"B1027","area_m2":103},"geometry":{"type":"Polygon","coordinates":[[[44.3975416,33.3349794],[44.3974655,33.3349013],[44.3973889,33.3349534],[44.397465,33.3350316],[44.3975416,33.3349794]]]}},{"type":"Feature","properties":{"id":"B1029","area_m2":65},"geometry":{"type":"Polygon","coordinates":[[[44.3981175,33.3354944],[44.3980578,33.3354589],[44.3979977,33.3355295],[44.3980574,33.335565],[44.3981175,33.3354944]]]}},{"type":"Feature","properties":{"id":"B1030","area_m2":29},"geometry":{"type":"Polygon","coordinates":[[[44.3982311,33.335652],[44.3982148,33.3356972],[44.3982714,33.3357114],[44.3982877,33.3356662],[44.3982311,33.335652]]]}},{"type":"Feature","properties":{"id":"B1031","area_m2":44},"geometry":{"type":"Polygon","coordinates":[[[44.3975468,33.334981],[44.3974969,33.3350151],[44.3975469,33.3350661],[44.3975968,33.3350321],[44.3975468,33.334981]]]}},{"type":"Feature","properties":{"id":"B1032","area_m2":35},"geometry":{"type":"Polygon","coordinates":[[[44.3979275,33.335413],[44.398001,33.3354594],[44.3980273,33.3354302],[44.3979538,33.3353839],[44.3979275,33.335413]]]}},{"type":"Feature","properties":{"id":"B1033","area_m2":32},"geometry":{"type":"Polygon","coordinates":[[[44.3976,33.3351059],[44.3976441,33.3351405],[44.3976856,33.3351037],[44.3976415,33.335069],[44.3976,33.3351059]]]}},{"type":"Feature","properties":{"id":"B1034","area_m2":215},"geometry":{"type":"Polygon","coordinates":[[[44.398656,33.3359949],[44.3987584,33.3359717],[44.3987425,33.3359225],[44.3985613,33.3359636],[44.3986206,33.3361463],[44.3986994,33.3361285],[44.398656,33.3359949]]]}},{"type":"Feature","properties":{"id":"B1035","area_m2":23},"geometry":{"type":"Polygon","coordinates":[[[44.3981737,33.3355629],[44.3981505,33.3355132],[44.3981109,33.335526],[44.3981341,33.3355758],[44.3981737,33.3355629]]]}},{"type":"Feature","properties":{"id":"B1036","area_m2":203},"geometry":{"type":"Polygon","coordinates":[[[44.3969414,33.3342976],[44.396776,33.3342091],[44.3966919,33.3343187],[44.3967405,33.3343447],[44.396777,33.334297],[44.3968312,33.334326],[44.3968141,33.3343482],[44.3968769,33.3343818],[44.3969414,33.3342976]]]}},{"type":"Feature","properties":{"id":"B1037","area_m2":24},"geometry":{"type":"Polygon","coordinates":[[[44.3973709,33.3347408],[44.3973391,33.3347216],[44.3972972,33.3347703],[44.397329,33.3347895],[44.3973709,33.3347408]]]}},{"type":"Feature","properties":{"id":"B1038","area_m2":340},"geometry":{"type":"Polygon","coordinates":[[[44.397109,33.3345415],[44.3971143,33.3345447],[44.3970403,33.3346298],[44.3971912,33.3347214],[44.3973137,33.3345807],[44.3971575,33.3344858],[44.397109,33.3345415]]]}},{"type":"Feature","properties":{"id":"B1039","area_m2":46},"geometry":{"type":"Polygon","coordinates":[[[44.3967786,33.3341818],[44.3966792,33.3341137],[44.3966529,33.3341405],[44.3967523,33.3342086],[44.3967786,33.3341818]]]}},{"type":"Feature","properties":{"id":"B1040","area_m2":132},"geometry":{"type":"Polygon","coordinates":[[[44.3983604,33.3357644],[44.3984419,33.3358433],[44.3984903,33.3358084],[44.3985261,33.3358431],[44.3985645,33.3358153],[44.3985194,33.3357717],[44.3985056,33.3357816],[44.3984724,33.3357495],[44.3984747,33.3357478],[44.3984357,33.3357101],[44.3983604,33.3357644]]]}},{"type":"Feature","properties":{"id":"B1042","area_m2":17},"geometry":{"type":"Polygon","coordinates":[[[44.3981268,33.3355005],[44.3981756,33.3355289],[44.3981945,33.3355062],[44.3981456,33.3354779],[44.3981268,33.3355005]]]}},{"type":"Feature","properties":{"id":"B1044","area_m2":24},"geometry":{"type":"Polygon","coordinates":[[[44.3983418,33.3357067],[44.3983809,33.3357308],[44.3984149,33.3356923],[44.3983759,33.3356682],[44.3983418,33.3357067]]]}},{"type":"Feature","properties":{"id":"B1045","area_m2":35},"geometry":{"type":"Polygon","coordinates":[[[44.3977762,33.3350736],[44.3977175,33.335113],[44.3977515,33.3351485],[44.3978103,33.3351091],[44.3977762,33.3350736]]]}},{"type":"Feature","properties":{"id":"B1046","area_m2":101},"geometry":{"type":"Polygon","coordinates":[[[44.3979948,33.3354063],[44.3980883,33.3354441],[44.3981372,33.3353595],[44.3980438,33.3353217],[44.3979948,33.3354063]]]}},{"type":"Feature","properties":{"id":"B1047","area_m2":43},"geometry":{"type":"Polygon","coordinates":[[[44.3985713,33.3359101],[44.3986104,33.3359414],[44.3986748,33.3358853],[44.3986356,33.335854],[44.3985713,33.3359101]]]}},{"type":"Feature","properties":{"id":"B1048","area_m2":171},"geometry":{"type":"Polygon","coordinates":[[[44.3976538,33.3349084],[44.3976131,33.3348531],[44.3975148,33.3349035],[44.397617,33.3350424],[44.3976959,33.335002],[44.3976343,33.3349184],[44.3976538,33.3349084]]]}},{"type":"Feature","properties":{"id":"B1049","area_m2":41},"geometry":{"type":"Polygon","coordinates":[[[44.3976814,33.3350306],[44.3977163,33.3350931],[44.3977681,33.335073],[44.3977332,33.3350104],[44.3976814,33.3350306]]]}},{"type":"Feature","properties":{"id":"B1050","area_m2":43},"geometry":{"type":"Polygon","coordinates":[[[44.3967512,33.3340711],[44.3966827,33.3340533],[44.3966621,33.3341084],[44.3967306,33.3341263],[44.3967512,33.3340711]]]}},{"type":"Feature","properties":{"id":"B1051","area_m2":54},"geometry":{"type":"Polygon","coordinates":[[[44.3961757,33.3335587],[44.3961353,33.3336051],[44.396209,33.3336499],[44.3962494,33.3336035],[44.3961757,33.3335587]]]}},{"type":"Feature","properties":{"id":"B1052","area_m2":52},"geometry":{"type":"Polygon","coordinates":[[[44.3973193,33.3345849],[44.3972465,33.3346607],[44.3972872,33.334688],[44.39736,33.3346122],[44.3973193,33.3345849]]]}},{"type":"Feature","properties":{"id":"B1053","area_m2":39},"geometry":{"type":"Polygon","coordinates":[[[44.3981573,33.3354766],[44.398216,33.335516],[44.398254,33.3354765],[44.3981953,33.3354371],[44.3981573,33.3354766]]]}},{"type":"Feature","properties":{"id":"B1055","area_m2":41},"geometry":{"type":"Polygon","coordinates":[[[44.3962819,33.3336385],[44.3962473,33.3336713],[44.3963152,33.3337213],[44.3963498,33.3336885],[44.3962819,33.3336385]]]}},{"type":"Feature","properties":{"id":"B1056","area_m2":71},"geometry":{"type":"Polygon","coordinates":[[[44.3974604,33.3346587],[44.3973834,33.3346183],[44.3973356,33.334682],[44.3974126,33.3347224],[44.3974604,33.3346587]]]}},{"type":"Feature","properties":{"id":"B1058","area_m2":17},"geometry":{"type":"Polygon","coordinates":[[[44.3975443,33.3348238],[44.3975667,33.3348515],[44.3976064,33.3348292],[44.397584,33.3348014],[44.3975443,33.3348238]]]}},{"type":"Feature","properties":{"id":"B1060","area_m2":359},"geometry":{"type":"Polygon","coordinates":[[[44.3975653,33.3347645],[44.3974593,33.334692],[44.3974369,33.3347148],[44.3974658,33.3347345],[44.3974388,33.3347622],[44.3974966,33.3348017],[44.3974755,33.3348232],[44.3974017,33.3347727],[44.3973556,33.3348196],[44.3974938,33.3349141],[44.3975595,33.334847],[44.397537,33.3348316],[44.3975857,33.334782],[44.3976354,33.334816],[44.3977354,33.334714],[44.3976631,33.3346646],[44.3976276,33.3347008],[44.3975653,33.3347645]]]}},{"type":"Feature","properties":{"id":"B1061","area_m2":123},"geometry":{"type":"Polygon","coordinates":[[[44.3983628,33.3356268],[44.3984279,33.3356832],[44.3985375,33.3355947],[44.3984724,33.3355384],[44.3983628,33.3356268]]]}},{"type":"Feature","properties":{"id":"B1062","area_m2":196},"geometry":{"type":"Polygon","coordinates":[[[44.3978937,33.3351845],[44.3980005,33.3352683],[44.3980433,33.3352303],[44.3980205,33.3352124],[44.398054,33.3351827],[44.3980882,33.3352095],[44.3981216,33.3351798],[44.3980035,33.3350869],[44.3978937,33.3351845]]]}},{"type":"Feature","properties":{"id":"B1063","area_m2":104},"geometry":{"type":"Polygon","coordinates":[[[44.3982784,33.3354975],[44.3984043,33.3355671],[44.3984482,33.3355116],[44.3983223,33.335442],[44.3982784,33.3354975]]]}},{"type":"Feature","properties":{"id":"B1065","area_m2":258},"geometry":{"type":"Polygon","coordinates":[[[44.3973937,33.3344398],[44.3972973,33.3343797],[44.3972942,33.3343831],[44.3972546,33.3343584],[44.3971556,33.3344691],[44.3973199,33.3345717],[44.3973577,33.3345294],[44.3972864,33.3344849],[44.3972974,33.3344725],[44.3973404,33.3344994],[44.3973937,33.3344398]]]}},{"type":"Feature","properties":{"id":"B1066","area_m2":100},"geometry":{"type":"Polygon","coordinates":[[[44.3981469,33.3351763],[44.3980387,33.3352744],[44.3980923,33.3353157],[44.3982006,33.3352176],[44.3981469,33.3351763]]]}},{"type":"Feature","properties":{"id":"B1067","area_m2":16},"geometry":{"type":"Polygon","coordinates":[[[44.3986902,33.335752],[44.3986701,33.3357224],[44.3986295,33.3357416],[44.3986496,33.3357712],[44.3986902,33.335752]]]}},{"type":"Feature","properties":{"id":"B1068","area_m2":109},"geometry":{"type":"Polygon","coordinates":[[[44.3975386,33.3346207],[44.39737,33.334539],[44.3973374,33.334586],[44.397506,33.3346677],[44.3975386,33.3346207]]]}},{"type":"Feature","properties":{"id":"B1069","area_m2":189},"geometry":{"type":"Polygon","coordinates":[[[44.3983983,33.3353812],[44.3983085,33.3353107],[44.3981867,33.3354191],[44.3982765,33.3354896],[44.3983983,33.3353812]]]}},{"type":"Feature","properties":{"id":"B1070","area_m2":234},"geometry":{"type":"Polygon","coordinates":[[[44.3977853,33.3349562],[44.397825,33.3350056],[44.3978916,33.3349683],[44.3978419,33.3349065],[44.3979047,33.3348713],[44.3978675,33.3348249],[44.3977501,33.3348908],[44.3977273,33.3348624],[44.3976561,33.3349023],[44.3977261,33.3349894],[44.3977853,33.3349562]]]}},{"type":"Feature","properties":{"id":"B1071","area_m2":165},"geometry":{"type":"Polygon","coordinates":[[[44.3982147,33.3352206],[44.3981111,33.3353365],[44.3981997,33.3353918],[44.3983033,33.335276],[44.3982147,33.3352206]]]}},{"type":"Feature","properties":{"id":"B1072","area_m2":224},"geometry":{"type":"Polygon","coordinates":[[[44.3986056,33.3357251],[44.3985428,33.3357816],[44.3985687,33.3358018],[44.398665,33.3357151],[44.3986996,33.3357419],[44.3987383,33.335707],[44.3986447,33.3356344],[44.3986474,33.335632],[44.398571,33.3355727],[44.3984961,33.3356402],[44.3986056,33.3357251]]]}},{"type":"Feature","properties":{"id":"B1073","area_m2":124},"geometry":{"type":"Polygon","coordinates":[[[44.3976941,33.3347709],[44.3976057,33.3348494],[44.3976569,33.3348897],[44.3977078,33.3348445],[44.3977569,33.3348831],[44.3978426,33.334807],[44.3978262,33.3347941],[44.397778,33.3348369],[44.3976941,33.3347709]]]}},{"type":"Feature","properties":{"id":"B1074","area_m2":90},"geometry":{"type":"Polygon","coordinates":[[[44.3976475,33.3346619],[44.3975967,33.3346161],[44.3974941,33.3346954],[44.3975449,33.3347412],[44.3976475,33.3346619]]]}},{"type":"Feature","properties":{"id":"B1075","area_m2":54},"geometry":{"type":"Polygon","coordinates":[[[44.3987188,33.3357695],[44.3987724,33.3358378],[44.3988259,33.3358085],[44.3987723,33.3357402],[44.3987188,33.3357695]]]}},{"type":"Feature","properties":{"id":"B1076","area_m2":1200},"geometry":{"type":"Polygon","coordinates":[[[44.3967341,33.3339677],[44.3967918,33.3340041],[44.3967542,33.3339963],[44.3967424,33.3340356],[44.3967892,33.3340653],[44.3967299,33.3341308],[44.3968448,33.3342035],[44.3968322,33.3342009],[44.3968912,33.3342382],[44.3969183,33.3342083],[44.3969964,33.3342577],[44.3971208,33.3342838],[44.3972336,33.3341594],[44.3972481,33.3341111],[44.3970991,33.3340798],[44.397009,33.3340228],[44.3969712,33.3340149],[44.396975,33.3340024],[44.3970216,33.333951],[44.3969328,33.3338948],[44.3968214,33.3338714],[44.3967341,33.3339677]]]}},{"type":"Feature","properties":{"id":"B1077","area_m2":47},"geometry":{"type":"Polygon","coordinates":[[[44.397394,33.334458],[44.39737,33.3345211],[44.3974359,33.3345385],[44.3974598,33.3344754],[44.397394,33.334458]]]}},{"type":"Feature","properties":{"id":"B1078","area_m2":65},"geometry":{"type":"Polygon","coordinates":[[[44.398596,33.3355306],[44.3985271,33.3354758],[44.3984722,33.3355239],[44.3985411,33.3355787],[44.398596,33.3355306]]]}},{"type":"Feature","properties":{"id":"B1079","area_m2":82},"geometry":{"type":"Polygon","coordinates":[[[44.3974843,33.3345041],[44.3974337,33.3345432],[44.3975278,33.3346283],[44.3975784,33.3345892],[44.3974843,33.3345041]]]}},{"type":"Feature","properties":{"id":"B1081","area_m2":92},"geometry":{"type":"Polygon","coordinates":[[[44.3981805,33.3351144],[44.398078,33.3350338],[44.3980258,33.3350802],[44.3981283,33.3351607],[44.3981805,33.3351144]]]}},{"type":"Feature","properties":{"id":"B1083","area_m2":13},"geometry":{"type":"Polygon","coordinates":[[[44.3962537,33.3333601],[44.3962626,33.3333896],[44.3963029,33.3333811],[44.396294,33.3333516],[44.3962537,33.3333601]]]}},{"type":"Feature","properties":{"id":"B1084","area_m2":80},"geometry":{"type":"Polygon","coordinates":[[[44.3981604,33.3351599],[44.3982879,33.3352594],[44.3983241,33.3352271],[44.3981965,33.3351276],[44.3981604,33.3351599]]]}},{"type":"Feature","properties":{"id":"B1085","area_m2":20},"geometry":{"type":"Polygon","coordinates":[[[44.3983591,33.3352719],[44.3983331,33.3352394],[44.3982923,33.3352622],[44.3983183,33.3352947],[44.3983591,33.3352719]]]}},{"type":"Feature","properties":{"id":"B1087","area_m2":67},"geometry":{"type":"Polygon","coordinates":[[[44.3981661,33.3350521],[44.3980863,33.3349565],[44.3980403,33.3349833],[44.3981201,33.3350789],[44.3981661,33.3350521]]]}},{"type":"Feature","properties":{"id":"B1088","area_m2":18},"geometry":{"type":"Polygon","coordinates":[[[44.3984884,33.3353299],[44.3984441,33.3353107],[44.3984243,33.3353424],[44.3984687,33.3353617],[44.3984884,33.3353299]]]}},{"type":"Feature","properties":{"id":"B1089","area_m2":39},"geometry":{"type":"Polygon","coordinates":[[[44.3983729,33.3353214],[44.3984151,33.3353436],[44.3984636,33.3352795],[44.3984213,33.3352572],[44.3983729,33.3353214]]]}},{"type":"Feature","properties":{"id":"B1090","area_m2":27},"geometry":{"type":"Polygon","coordinates":[[[44.3983369,33.3351933],[44.3983157,33.3352323],[44.3983713,33.3352534],[44.3983925,33.3352143],[44.3983369,33.3351933]]]}},{"type":"Feature","properties":{"id":"B1091","area_m2":15},"geometry":{"type":"Polygon","coordinates":[[[44.3970388,33.3340149],[44.3970805,33.3340314],[44.397097,33.3340021],[44.3970554,33.3339856],[44.3970388,33.3340149]]]}},{"type":"Feature","properties":{"id":"B1092","area_m2":29},"geometry":{"type":"Polygon","coordinates":[[[44.3972079,33.3340346],[44.3971525,33.334007],[44.3971254,33.334045],[44.3971808,33.3340726],[44.3972079,33.3340346]]]}},{"type":"Feature","properties":{"id":"B1093","area_m2":69},"geometry":{"type":"Polygon","coordinates":[[[44.3983802,33.3351114],[44.3983158,33.3351518],[44.398375,33.3352178],[44.3984394,33.3351775],[44.3983802,33.3351114]]]}},{"type":"Feature","properties":{"id":"B1094","area_m2":468},"geometry":{"type":"Polygon","coordinates":[[[44.3976117,33.3342568],[44.3974229,33.3341453],[44.397323,33.3342634],[44.3973857,33.3343004],[44.39732,33.3343782],[44.3974255,33.3344405],[44.3975014,33.3343507],[44.397522,33.3343629],[44.3976117,33.3342568]]]}},{"type":"Feature","properties":{"id":"B1095","area_m2":1138},"geometry":{"type":"Polygon","coordinates":[[[44.3974256,33.334451],[44.3976745,33.3346525],[44.3977214,33.3346121],[44.3980339,33.3348652],[44.3981446,33.3347698],[44.3980243,33.3346724],[44.3980391,33.3346597],[44.3977653,33.3344379],[44.3976795,33.3345118],[44.3975122,33.3343763],[44.3974256,33.334451]]]}},{"type":"Feature","properties":{"id":"B1097","area_m2":78},"geometry":{"type":"Polygon","coordinates":[[[44.3984087,33.3352261],[44.3984768,33.3352885],[44.3985428,33.3352383],[44.3984747,33.3351759],[44.3984087,33.3352261]]]}},{"type":"Feature","properties":{"id":"B1098","area_m2":43},"geometry":{"type":"Polygon","coordinates":[[[44.3965653,33.3333938],[44.3965122,33.3333604],[44.3964671,33.3334104],[44.3965202,33.3334438],[44.3965653,33.3333938]]]}},{"type":"Feature","properties":{"id":"B1099","area_m2":24},"geometry":{"type":"Polygon","coordinates":[[[44.3985073,33.3352999],[44.3985449,33.3353221],[44.3985803,33.3352801],[44.3985426,33.335258],[44.3985073,33.3352999]]]}},{"type":"Feature","properties":{"id":"B1100","area_m2":179},"geometry":{"type":"Polygon","coordinates":[[[44.3983706,33.3349512],[44.3983276,33.3349093],[44.3982433,33.3349697],[44.3981652,33.3348935],[44.3981103,33.3349328],[44.3982314,33.3350509],[44.3983706,33.3349512]]]}},{"type":"Feature","properties":{"id":"B1101","area_m2":87},"geometry":{"type":"Polygon","coordinates":[[[44.3970789,33.3338741],[44.3971313,33.3338972],[44.3971479,33.333871],[44.3969993,33.3338052],[44.3969649,33.3338594],[44.3970612,33.3339021],[44.3970789,33.3338741]]]}},{"type":"Feature","properties":{"id":"B1102","area_m2":25},"geometry":{"type":"Polygon","coordinates":[[[44.396504,33.3332903],[44.3964747,33.3332624],[44.3964256,33.3332985],[44.3964548,33.3333263],[44.396504,33.3332903]]]}},{"type":"Feature","properties":{"id":"B1103","area_m2":108},"geometry":{"type":"Polygon","coordinates":[[[44.3976161,33.3342723],[44.3975106,33.3343687],[44.3975698,33.3344139],[44.3976753,33.3343175],[44.3976161,33.3342723]]]}},{"type":"Feature","properties":{"id":"B1104","area_m2":44},"geometry":{"type":"Polygon","coordinates":[[[44.3982316,33.3348761],[44.3981653,33.3348266],[44.3981275,33.3348619],[44.3981937,33.3349115],[44.3982316,33.3348761]]]}},{"type":"Feature","properties":{"id":"B1106","area_m2":1759},"geometry":{"type":"Polygon","coordinates":[[[44.396617,33.333231],[44.3965113,33.3333357],[44.3965107,33.3333429],[44.3966186,33.3334189],[44.3965748,33.3334163],[44.3965523,33.3334386],[44.3966397,33.3335002],[44.3966364,33.333539],[44.396408,33.3333781],[44.3963472,33.3334384],[44.3967195,33.3337006],[44.3967146,33.3337591],[44.3967794,33.3338048],[44.3968314,33.3338078],[44.3969116,33.3337284],[44.3966949,33.3335757],[44.3966499,33.3335731],[44.3967318,33.3334919],[44.3967443,33.3335008],[44.3967179,33.333527],[44.396715,33.3335621],[44.3968746,33.3336746],[44.3968794,33.3336699],[44.3969264,33.333703],[44.3970697,33.3335611],[44.397018,33.3335246],[44.3970246,33.3335181],[44.396617,33.333231]]]}},{"type":"Feature","properties":{"id":"B1107","area_m2":34},"geometry":{"type":"Polygon","coordinates":[[[44.398294,33.3350143],[44.3983259,33.3350442],[44.398387,33.3349985],[44.3983551,33.3349687],[44.398294,33.3350143]]]}},{"type":"Feature","properties":{"id":"B1108","area_m2":24},"geometry":{"type":"Polygon","coordinates":[[[44.3982038,33.3349167],[44.3982441,33.3349396],[44.3982766,33.3348998],[44.3982363,33.3348769],[44.3982038,33.3349167]]]}},{"type":"Feature","properties":{"id":"B1109","area_m2":77},"geometry":{"type":"Polygon","coordinates":[[[44.3976304,33.3343693],[44.3976923,33.3344467],[44.3977517,33.3344136],[44.3977678,33.3344337],[44.3977733,33.3344306],[44.3976953,33.334333],[44.3976304,33.3343693]]]}},{"type":"Feature","properties":{"id":"B1111","area_m2":185},"geometry":{"type":"Polygon","coordinates":[[[44.3985769,33.3352164],[44.3986345,33.3351441],[44.3984625,33.3350484],[44.3984049,33.3351208],[44.3985769,33.3352164]]]}},{"type":"Feature","properties":{"id":"B1112","area_m2":113},"geometry":{"type":"Polygon","coordinates":[[[44.3973993,33.3340037],[44.3972556,33.3339194],[44.3972127,33.3339704],[44.3973564,33.3340548],[44.3973993,33.3340037]]]}},{"type":"Feature","properties":{"id":"B1114","area_m2":17},"geometry":{"type":"Polygon","coordinates":[[[44.3984704,33.3350654],[44.3985136,33.3350778],[44.3985276,33.3350437],[44.3984844,33.3350313],[44.3984704,33.3350654]]]}},{"type":"Feature","properties":{"id":"B1115","area_m2":38},"geometry":{"type":"Polygon","coordinates":[[[44.3975864,33.3341636],[44.3975096,33.3341129],[44.3974817,33.3341423],[44.3975584,33.3341931],[44.3975864,33.3341636]]]}},{"type":"Feature","properties":{"id":"B1116","area_m2":161},"geometry":{"type":"Polygon","coordinates":[[[44.3971039,33.3336599],[44.3970108,33.3337871],[44.3970685,33.3338166],[44.3970869,33.3337915],[44.3971259,33.3338114],[44.3972007,33.3337093],[44.3971039,33.3336599]]]}},{"type":"Feature","properties":{"id":"B1120","area_m2":527},"geometry":{"type":"Polygon","coordinates":[[[44.3992564,33.3354688],[44.3990839,33.3356004],[44.3992602,33.3357617],[44.3994327,33.3356301],[44.3992564,33.3354688]]]}},{"type":"Feature","properties":{"id":"B1121","area_m2":320},"geometry":{"type":"Polygon","coordinates":[[[44.3973098,33.3338391],[44.3972623,33.3338927],[44.3973716,33.3339602],[44.3974613,33.3338588],[44.3974388,33.3338448],[44.3974708,33.3338086],[44.3973147,33.3337122],[44.3972404,33.3337962],[44.3973098,33.3338391]]]}},{"type":"Feature","properties":{"id":"B1123","area_m2":1262},"geometry":{"type":"Polygon","coordinates":[[[44.3980813,33.3346044],[44.3980836,33.3346027],[44.3981711,33.3346881],[44.3983221,33.3345801],[44.3982691,33.3345284],[44.398245,33.3345456],[44.3981994,33.3345011],[44.3982281,33.3344806],[44.3978576,33.3341189],[44.3976997,33.3342318],[44.3980813,33.3346044]]]}},{"type":"Feature","properties":{"id":"B1124","area_m2":538},"geometry":{"type":"Polygon","coordinates":[[[44.398189,33.3346995],[44.3983125,33.3348184],[44.3983324,33.334804],[44.3984094,33.3348782],[44.3984614,33.3348405],[44.398496,33.3348737],[44.3985732,33.3348177],[44.3984397,33.3346891],[44.3984382,33.3346902],[44.3983367,33.3345925],[44.398189,33.3346995]]]}},{"type":"Feature","properties":{"id":"B1125","area_m2":159},"geometry":{"type":"Polygon","coordinates":[[[44.3987625,33.3349909],[44.3986306,33.3350816],[44.398699,33.3351511],[44.3988309,33.3350604],[44.3987625,33.3349909]]]}},{"type":"Feature","properties":{"id":"B1126","area_m2":304},"geometry":{"type":"Polygon","coordinates":[[[44.3987138,33.3351525],[44.3988667,33.3352917],[44.3989817,33.3352036],[44.3988288,33.3350643],[44.3987138,33.3351525]]]}},{"type":"Feature","properties":{"id":"B1127","area_m2":110},"geometry":{"type":"Polygon","coordinates":[[[44.3989053,33.3353039],[44.3990007,33.3353613],[44.3990643,33.3352875],[44.3989689,33.3352301],[44.3989053,33.3353039]]]}},{"type":"Feature","properties":{"id":"B1129","area_m2":212},"geometry":{"type":"Polygon","coordinates":[[[44.3990097,33.3353587],[44.3991608,33.3354956],[44.399242,33.3354331],[44.399091,33.3352962],[44.3990097,33.3353587]]]}},{"type":"Feature","properties":{"id":"B1130","area_m2":110},"geometry":{"type":"Polygon","coordinates":[[[44.3986088,33.3345004],[44.3985335,33.3344252],[44.3984499,33.3344837],[44.3985251,33.3345588],[44.3986088,33.3345004]]]}},{"type":"Feature","properties":{"id":"B1132","area_m2":42},"geometry":{"type":"Polygon","coordinates":[[[44.3972444,33.3332304],[44.397204,33.3331918],[44.3971446,33.3332351],[44.397185,33.3332737],[44.3972444,33.3332304]]]}},{"type":"Feature","properties":{"id":"B1134","area_m2":325},"geometry":{"type":"Polygon","coordinates":[[[44.3985439,33.334593],[44.3986896,33.3347249],[44.3988048,33.3346361],[44.3987091,33.3345495],[44.3987497,33.3345183],[44.3986996,33.334473],[44.3985439,33.334593]]]}},{"type":"Feature","properties":{"id":"B1135","area_m2":211},"geometry":{"type":"Polygon","coordinates":[[[44.3975337,33.3334262],[44.3974274,33.33334],[44.3973121,33.3334392],[44.3974184,33.3335255],[44.3975337,33.3334262]]]}},{"type":"Feature","properties":{"id":"B1137","area_m2":229},"geometry":{"type":"Polygon","coordinates":[[[44.3984892,33.3342779],[44.3983269,33.3343832],[44.3984061,33.3344685],[44.3985685,33.3343632],[44.3984892,33.3342779]]]}},{"type":"Feature","properties":{"id":"B1138","area_m2":1172},"geometry":{"type":"Polygon","coordinates":[[[44.3980877,33.3338844],[44.3979159,33.3340079],[44.3983071,33.3343877],[44.3984789,33.3342642],[44.3980877,33.3338844]]]}},{"type":"Feature","properties":{"id":"B1139","area_m2":24},"geometry":{"type":"Polygon","coordinates":[[[44.3993329,33.3351694],[44.3992948,33.3351276],[44.3992592,33.3351503],[44.3992972,33.3351921],[44.3993329,33.3351694]]]}},{"type":"Feature","properties":{"id":"B1141","area_m2":506},"geometry":{"type":"Polygon","coordinates":[[[44.3974767,33.3332821],[44.3972849,33.3331187],[44.3972253,33.3331675],[44.397275,33.3332098],[44.3971614,33.3333027],[44.397211,33.333345],[44.3971919,33.3333607],[44.3972844,33.3334396],[44.3974767,33.3332821]]]}},{"type":"Feature","properties":{"id":"B1143","area_m2":544},"geometry":{"type":"Polygon","coordinates":[[[44.3974367,33.3335285],[44.3976398,33.3336885],[44.3976625,33.3336683],[44.3977023,33.3336996],[44.3978129,33.3336016],[44.3975701,33.3334104],[44.3974367,33.3335285]]]}},{"type":"Feature","properties":{"id":"B1145","area_m2":45},"geometry":{"type":"Polygon","coordinates":[[[44.3985455,33.3344175],[44.3985983,33.3344909],[44.3986416,33.3344691],[44.3985888,33.3343958],[44.3985455,33.3344175]]]}},{"type":"Feature","properties":{"id":"B1150","area_m2":77},"geometry":{"type":"Polygon","coordinates":[[[44.3991382,33.3347171],[44.3990752,33.3346643],[44.399004,33.3347237],[44.399067,33.3347764],[44.3991382,33.3347171]]]}},{"type":"Feature","properties":{"id":"B1151","area_m2":119},"geometry":{"type":"Polygon","coordinates":[[[44.3975528,33.3331963],[44.3974386,33.3331309],[44.3973823,33.3331995],[44.3974965,33.3332649],[44.3975528,33.3331963]]]}},{"type":"Feature","properties":{"id":"B1152","area_m2":15},"geometry":{"type":"Polygon","coordinates":[[[44.398998,33.3346017],[44.3989949,33.3345741],[44.3989431,33.3345782],[44.3989462,33.3346058],[44.398998,33.3346017]]]}},{"type":"Feature","properties":{"id":"B1153","area_m2":271},"geometry":{"type":"Polygon","coordinates":[[[44.3973297,33.3330337],[44.3973757,33.3329997],[44.3972812,33.3329106],[44.3971766,33.3329879],[44.3973688,33.3331693],[44.3974275,33.3331259],[44.3973297,33.3330337]]]}},{"type":"Feature","properties":{"id":"B1154","area_m2":245},"geometry":{"type":"Polygon","coordinates":[[[44.3977162,33.3332767],[44.3976174,33.3331965],[44.3974734,33.3333204],[44.3975722,33.3334006],[44.3977162,33.3332767]]]}},{"type":"Feature","properties":{"id":"B1156","area_m2":247},"geometry":{"type":"Polygon","coordinates":[[[44.3975939,33.3333912],[44.3976832,33.3334939],[44.3978359,33.3334012],[44.3977466,33.3332985],[44.3975939,33.3333912]]]}},{"type":"Feature","properties":{"id":"B1158","area_m2":116},"geometry":{"type":"Polygon","coordinates":[[[44.3979342,33.3334842],[44.3978665,33.3334367],[44.3977688,33.333534],[44.3978364,33.3335814],[44.3979342,33.3334842]]]}},{"type":"Feature","properties":{"id":"B1161","area_m2":251},"geometry":{"type":"Polygon","coordinates":[[[44.398036,33.3335919],[44.3979621,33.3336501],[44.3981589,33.3338246],[44.3982328,33.3337664],[44.398036,33.3335919]]]}},{"type":"Feature","properties":{"id":"B1162","area_m2":22},"geometry":{"type":"Polygon","coordinates":[[[44.3982186,33.333868],[44.3982506,33.3338854],[44.3982874,33.3338382],[44.3982554,33.3338208],[44.3982186,33.333868]]]}},{"type":"Feature","properties":{"id":"B1163","area_m2":73},"geometry":{"type":"Polygon","coordinates":[[[44.3973046,33.3328859],[44.397227,33.3328165],[44.3971726,33.332859],[44.3972502,33.3329284],[44.3973046,33.3328859]]]}},{"type":"Feature","properties":{"id":"B1164","area_m2":446},"geometry":{"type":"Polygon","coordinates":[[[44.3993133,33.3345918],[44.399126,33.334743],[44.3991206,33.3347383],[44.3990346,33.3348078],[44.3991324,33.3348924],[44.3991921,33.3348442],[44.399164,33.3348199],[44.3992125,33.3347807],[44.3992253,33.3347918],[44.3993432,33.3346966],[44.3994042,33.3347493],[44.3994735,33.3346933],[44.3994213,33.3346481],[44.3993991,33.334666],[44.3993133,33.3345918]]]}},{"type":"Feature","properties":{"id":"B1165","area_m2":48},"geometry":{"type":"Polygon","coordinates":[[[44.3990204,33.3345695],[44.3990842,33.3346186],[44.3991277,33.3345792],[44.3990639,33.33453],[44.3990204,33.3345695]]]}},{"type":"Feature","properties":{"id":"B1167","area_m2":1737},"geometry":{"type":"Polygon","coordinates":[[[44.3999942,33.3349042],[44.3999248,33.3348406],[44.3999768,33.334801],[44.3998953,33.3347263],[44.3994332,33.3350783],[44.3994492,33.335093],[44.3992603,33.3352369],[44.399275,33.3352504],[44.3992427,33.335275],[44.3993729,33.3353942],[44.3994131,33.3353635],[44.3994393,33.3353875],[44.3995733,33.3352854],[44.3995412,33.335256],[44.3994416,33.3353319],[44.3994376,33.3353282],[44.3999942,33.3349042]]]}},{"type":"Feature","properties":{"id":"B1168","area_m2":169},"geometry":{"type":"Polygon","coordinates":[[[44.3994549,33.334826],[44.3993535,33.3349194],[44.3994499,33.3349925],[44.3995513,33.334899],[44.3994549,33.334826]]]}},{"type":"Feature","properties":{"id":"B1169","area_m2":254},"geometry":{"type":"Polygon","coordinates":[[[44.3983848,33.3340575],[44.3985155,33.3341225],[44.3986311,33.3339603],[44.3985439,33.333917],[44.3985198,33.3339508],[44.3984951,33.3339856],[44.3984515,33.3339639],[44.3983848,33.3340575]]]}},{"type":"Feature","properties":{"id":"B1170","area_m2":522},"geometry":{"type":"Polygon","coordinates":[[[44.3989325,33.3343485],[44.3990101,33.3343017],[44.3989057,33.3341809],[44.3986694,33.3343234],[44.3987992,33.3344737],[44.3989579,33.334378],[44.3989325,33.3343485]]]}},{"type":"Feature","properties":{"id":"B1173","area_m2":193},"geometry":{"type":"Polygon","coordinates":[[[44.3992421,33.334491],[44.3990671,33.3346393],[44.3991311,33.3346919],[44.399306,33.3345437],[44.3992421,33.334491]]]}},{"type":"Feature","properties":{"id":"B1175","area_m2":52},"geometry":{"type":"Polygon","coordinates":[[[44.3973803,33.3327955],[44.3973414,33.3327624],[44.3972637,33.3328263],[44.3973026,33.3328593],[44.3973803,33.3327955]]]}},{"type":"Feature","properties":{"id":"B1177","area_m2":1457},"geometry":{"type":"Polygon","coordinates":[[[44.3976951,33.3332446],[44.3978034,33.3331608],[44.3978363,33.3331905],[44.3977951,33.3332224],[44.3978164,33.3332417],[44.3977494,33.3332936],[44.3979478,33.3334726],[44.3980857,33.333366],[44.3977869,33.3330965],[44.3974419,33.3327852],[44.3972955,33.3328986],[44.3973588,33.3329557],[44.3973675,33.332949],[44.3976951,33.3332446]]]}},{"type":"Feature","properties":{"id":"B1180","area_m2":1303},"geometry":{"type":"Polygon","coordinates":[[[44.3988935,33.3341128],[44.3988615,33.3340889],[44.3990807,33.3338846],[44.3990354,33.3338507],[44.3990375,33.3338488],[44.3989876,33.3338114],[44.3989303,33.3338648],[44.3988553,33.3338086],[44.3984799,33.3341583],[44.398543,33.3342056],[44.3985491,33.3341999],[44.3986881,33.3343041],[44.3988935,33.3341128]]]}},{"type":"Feature","properties":{"id":"B1181","area_m2":156},"geometry":{"type":"Polygon","coordinates":[[[44.3997231,33.3348057],[44.399661,33.3347494],[44.3995154,33.3348616],[44.3995775,33.3349179],[44.3997231,33.3348057]]]}},{"type":"Feature","properties":{"id":"B1185","area_m2":401},"geometry":{"type":"Polygon","coordinates":[[[44.3979251,33.3331644],[44.397896,33.3331935],[44.397964,33.3332409],[44.398067,33.3331378],[44.3977839,33.3329405],[44.39771,33.3330145],[44.3979251,33.3331644]]]}},{"type":"Feature","properties":{"id":"B1187","area_m2":169},"geometry":{"type":"Polygon","coordinates":[[[44.3979858,33.3332419],[44.3981035,33.3333471],[44.3981936,33.3332766],[44.3980893,33.3331834],[44.3980278,33.3332315],[44.3980144,33.3332196],[44.3979858,33.3332419]]]}},{"type":"Feature","properties":{"id":"B1188","area_m2":1316},"geometry":{"type":"Polygon","coordinates":[[[44.3984116,33.3332489],[44.3982611,33.33339],[44.3982715,33.3333978],[44.3980743,33.3335825],[44.3982402,33.3337061],[44.3982855,33.3336637],[44.3983199,33.3336893],[44.3984265,33.3335894],[44.3984653,33.3336183],[44.3986318,33.3334623],[44.398584,33.3334267],[44.3986133,33.3333992],[44.3984116,33.3332489]]]}},{"type":"Feature","properties":{"id":"B1190","area_m2":526},"geometry":{"type":"Polygon","coordinates":[[[44.3990702,33.3342975],[44.3993014,33.3341082],[44.3991694,33.3339957],[44.3989382,33.334185],[44.3990702,33.3342975]]]}},{"type":"Feature","properties":{"id":"B1207","area_m2":3080},"geometry":{"type":"Polygon","coordinates":[[[44.3993757,33.3336068],[44.3987204,33.3330084],[44.3985942,33.3331049],[44.3988875,33.3333727],[44.398778,33.3334564],[44.3988575,33.333529],[44.3987236,33.3335147],[44.3986779,33.3335497],[44.3987832,33.3335984],[44.3987922,33.33354],[44.3988358,33.3335446],[44.3988277,33.3335978],[44.3986087,33.3337652],[44.3987089,33.3336138],[44.3986485,33.3335586],[44.3981736,33.3339217],[44.3984654,33.333953],[44.3985007,33.3338998],[44.3986862,33.3339198],[44.398735,33.3338825],[44.3986348,33.333791],[44.398866,33.3336142],[44.3989756,33.3336649],[44.3990098,33.3336387],[44.3989457,33.3335802],[44.3989054,33.333611],[44.3989612,33.3335267],[44.3988422,33.333514],[44.3988882,33.3334444],[44.3992072,33.3337357],[44.3993757,33.3336068]]]}}]}