{"type":"FeatureCollection","features":[{"type":"Feature","properties":{"kind":"street_edge_area"},"geometry":{"type":"Polygon","coordinates":[[[44.389511,33.332337],[44.3894359,33.3323693],[44.3894344,33.3323707],[44.3894318,33.3323734],[44.3894308,33.3323739],[44.3894301,33.3323746],[44.3894263,33.3323761],[44.3894227,33.3323778],[44.389285,33.3324162],[44.3891942,33.3324416],[44.389178,33.3324461],[44.3889616,33.3325266],[44.3889308,33.332538],[44.388638,33.3326469],[44.3885549,33.3326778],[44.388571,33.3326997],[44.3886378,33.3326766],[44.3889613,33.3325649],[44.3890376,33.3325385],[44.3892848,33.3324531],[44.3893261,33.3324389],[44.3896085,33.332306],[44.3896149,33.332303],[44.3896381,33.3322852],[44.3896524,33.3322779],[44.389669,33.3322758],[44.3896853,33.3322791],[44.3896989,33.3322875],[44.3897076,33.3322995],[44.3897101,33.3323134],[44.3897061,33.3323271],[44.3896961,33.3323384],[44.3896693,33.332359],[44.3896614,33.3323638],[44.3896079,33.332389],[44.3893659,33.3325028],[44.3893613,33.3325047],[44.3892843,33.3325313],[44.3892604,33.3325396],[44.3889608,33.3326431],[44.3886373,33.3327548],[44.3885698,33.3327782],[44.3884878,33.3328065],[44.3884585,33.3328166],[44.3883137,33.3328908],[44.3880175,33.3330426],[44.3880017,33.3330474],[44.3879899,33.333047],[44.387985,33.3330469],[44.3879697,33.333041],[44.3879583,33.3330306],[44.3879525,33.3330174],[44.3879532,33.3330034],[44.3879603,33.3329906],[44.3879726,33.332981],[44.3879904,33.3329719],[44.3883143,33.332806],[44.3883149,33.3328057],[44.3884166,33.3327535],[44.3884226,33.332751],[44.3884904,33.3327276],[44.3884644,33.3326919],[44.3884643,33.3326918],[44.3883508,33.3325353],[44.3883164,33.3324879],[44.3882631,33.3324144],[44.3882681,33.3323977],[44.3882618,33.3323906],[44.3881925,33.3324252],[44.3881923,33.3324253],[44.3881921,33.3324254],[44.3880952,33.3324721],[44.3880852,33.3324749],[44.3880747,33.3324743],[44.3880653,33.3324704],[44.3880584,33.3324637],[44.3880551,33.3324554],[44.3880558,33.3324466],[44.3880592,33.3324409],[44.3880132,33.3324591],[44.3879969,33.3324625],[44.3879938,33.3324621],[44.3879803,33.3324604],[44.3879659,33.3324531],[44.3879559,33.3324418],[44.3879519,33.3324282],[44.3879544,33.3324142],[44.387963,33.3324022],[44.3879765,33.3323938],[44.3879943,33.3323868],[44.38821,33.3323017],[44.3882158,33.3322936],[44.388227,33.3322831],[44.3882422,33.3322771],[44.388259,33.3322764],[44.3882748,33.3322811],[44.3882872,33.3322906],[44.3882944,33.3323033],[44.3882953,33.3323174],[44.3882931,33.3323225],[44.3883176,33.3323103],[44.3883527,33.3322927],[44.3883625,33.3322898],[44.388373,33.3322902],[44.3883825,33.332294],[44.3883895,33.3323005],[44.3883929,33.3323085],[44.3884496,33.3322809],[44.3884655,33.3322763],[44.3884823,33.3322772],[44.3884974,33.3322834],[44.3885085,33.3322939],[44.3885139,33.3323072],[44.3885129,33.3323213],[44.3885055,33.3323339],[44.3884929,33.3323432],[44.3883594,33.3324083],[44.3884518,33.3325358],[44.3885267,33.332639],[44.3886384,33.3325975],[44.3887998,33.3325374],[44.3889619,33.3324772],[44.3891464,33.3324086],[44.3890867,33.3323233],[44.3890833,33.332315],[44.3890839,33.3323063],[44.3890884,33.3322983],[44.3890963,33.3322925],[44.3891062,33.3322896],[44.3891167,33.3322901],[44.3891261,33.3322939],[44.3891331,33.3323005],[44.3891979,33.332393],[44.3892853,33.3323686],[44.3893513,33.3323502],[44.3893146,33.332331],[44.3893069,33.332325],[44.3893026,33.332317],[44.3893022,33.3323082],[44.3893059,33.3323],[44.3893131,33.3322936],[44.3893226,33.3322899],[44.3893331,33.3322896],[44.389343,33.3322927],[44.3894122,33.3323288],[44.3894853,33.3322973],[44.3894938,33.3322928],[44.3895036,33.3322896],[44.3895141,33.3322899],[44.3895237,33.3322934],[44.389531,33.3322998],[44.3895347,33.332308],[44.3895345,33.3323168],[44.3895302,33.3323248],[44.3895226,33.3323309],[44.3895131,33.3323359],[44.389511,33.332337]]]}},{"type":"Feature","properties":{"kind":"street_edge_area"},"geometry":{"type":"Polygon","coordinates":[[[44.3910665,33.3323871],[44.3912211,33.3324524],[44.3913716,33.3325159],[44.3913736,33.3325168],[44.3914424,33.3325498],[44.3915429,33.332598],[44.3918646,33.3327522],[44.3920122,33.332823],[44.3921154,33.3328725],[44.3921212,33.3328758],[44.3921862,33.33292],[44.3923572,33.3330364],[44.392509,33.3329029],[44.3925969,33.3328257],[44.3927682,33.3326752],[44.3926523,33.3325975],[44.3926495,33.3325954],[44.3925992,33.3325552],[44.3925227,33.3324941],[44.3925118,33.3324886],[44.3923661,33.3324156],[44.3923597,33.3324117],[44.3922608,33.3323383],[44.3922507,33.3323271],[44.3922464,33.3323135],[44.3922487,33.3322996],[44.3922571,33.3322874],[44.3922638,33.3322831],[44.3922705,33.3322789],[44.3922867,33.3322753],[44.3923033,33.3322772],[44.3923159,33.3322834],[44.3923179,33.3322843],[44.3924137,33.3323554],[44.3925123,33.3324048],[44.3925709,33.3324342],[44.3925786,33.332439],[44.3927076,33.3325421],[44.392728,33.3325558],[44.3928281,33.3326229],[44.3928337,33.3326181],[44.3929049,33.3325566],[44.3930576,33.3324248],[44.3929668,33.3323344],[44.3929587,33.3323221],[44.3929568,33.3323081],[44.3929615,33.3322946],[44.3929692,33.3322864],[44.3929719,33.3322836],[44.3929866,33.3322768],[44.3930033,33.3322752],[44.3930195,33.3322791],[44.3930308,33.3322867],[44.3930326,33.3322879],[44.3931187,33.3323736],[44.3931582,33.3323413],[44.3932238,33.3322876],[44.3932267,33.3322853],[44.3932407,33.3322776],[44.3932572,33.332275],[44.3932737,33.332278],[44.3932875,33.3322859],[44.393289,33.3322879],[44.3932967,33.3322977],[44.3932997,33.3323115],[44.3932963,33.3323253],[44.3932868,33.3323369],[44.3931575,33.3324426],[44.3931461,33.332452],[44.3930242,33.3325572],[44.3928627,33.3326966],[44.392833,33.3327228],[44.3927152,33.3328263],[44.3925083,33.3330081],[44.392409,33.3330954],[44.392392,33.3331103],[44.3923918,33.3331104],[44.3923916,33.3331106],[44.3921837,33.3332885],[44.392095,33.3333644],[44.3918592,33.3335662],[44.3917805,33.3336335],[44.3915346,33.3338439],[44.391466,33.3339025],[44.39121,33.3341215],[44.3911515,33.3341716],[44.3908854,33.3343992],[44.3908838,33.3344006],[44.3908832,33.3344009],[44.3908828,33.3344014],[44.390834,33.3344406],[44.390561,33.3346596],[44.3904987,33.3347096],[44.3902365,33.3349199],[44.3901635,33.3349785],[44.3899121,33.3351802],[44.3898282,33.3352475],[44.3896788,33.3353673],[44.3895876,33.3354421],[44.3894968,33.3355164],[44.3892631,33.3357079],[44.3891685,33.3357854],[44.3889631,33.3359538],[44.3890229,33.3359998],[44.3890233,33.3360002],[44.3890239,33.3360005],[44.3890344,33.3360095],[44.3890423,33.3360026],[44.389046,33.3360003],[44.3890497,33.3359979],[44.3890947,33.3359788],[44.3890965,33.3359784],[44.3890982,33.3359776],[44.3891015,33.3359772],[44.3891048,33.3359764],[44.3891067,33.3359766],[44.3891086,33.3359764],[44.3892341,33.3359831],[44.3892442,33.3359854],[44.3892515,33.33599],[44.3892519,33.33599],[44.3892612,33.3359982],[44.3893009,33.3360331],[44.3893065,33.3360405],[44.3893083,33.3360492],[44.3893063,33.3360566],[44.389306,33.3360578],[44.3893,33.336065],[44.3892911,33.3360697],[44.3892808,33.3360712],[44.3892705,33.3360693],[44.389262,33.3360642],[44.3892607,33.3360631],[44.389253,33.3360563],[44.3892301,33.3360363],[44.3892012,33.3360561],[44.3890354,33.3361698],[44.3890357,33.3361721],[44.3890314,33.3361857],[44.3890212,33.3361969],[44.3889367,33.3362593],[44.3889065,33.3362816],[44.3888992,33.3362859],[44.388817,33.3363248],[44.3886129,33.3364216],[44.3883074,33.3365664],[44.3882891,33.3365863],[44.3882831,33.3365929],[44.3881309,33.3367583],[44.3881269,33.3367621],[44.3880264,33.3368443],[44.3880123,33.3368519],[44.3879958,33.3368545],[44.3879794,33.3368516],[44.3879656,33.3368436],[44.3879646,33.3368425],[44.3879564,33.3368319],[44.3879533,33.336818],[44.3879568,33.3368042],[44.387965,33.3367943],[44.3879663,33.3367926],[44.3880646,33.3367122],[44.3881749,33.3365923],[44.3881886,33.3365774],[44.388163,33.3365782],[44.3881455,33.3365922],[44.3880688,33.3366535],[44.3880619,33.336658],[44.3880191,33.3366805],[44.3880034,33.3366855],[44.3879866,33.336685],[44.3879713,33.3366793],[44.3879658,33.3366743],[44.3879598,33.336669],[44.3879539,33.3366559],[44.3879544,33.3366418],[44.3879612,33.336629],[44.3879661,33.3366251],[44.3879735,33.3366193],[44.3880126,33.3365988],[44.3880215,33.3365916],[44.3881155,33.3365166],[44.3881159,33.3365162],[44.3882904,33.3363802],[44.3883643,33.3363227],[44.3886148,33.3361275],[44.3887094,33.3360538],[44.3888171,33.3359699],[44.3886558,33.335853],[44.3886165,33.3358727],[44.3884301,33.3359662],[44.3883737,33.335957],[44.3882938,33.3358682],[44.3882651,33.3358363],[44.3881679,33.3357807],[44.3881311,33.3357597],[44.3881011,33.3357804],[44.3880234,33.3358342],[44.3880086,33.3358408],[44.3879919,33.3358422],[44.3879758,33.3358382],[44.3879713,33.3358351],[44.3879628,33.3358293],[44.3879549,33.3358169],[44.3879532,33.3358029],[44.387958,33.3357894],[44.3879674,33.3357798],[44.3879686,33.3357785],[44.3879717,33.3357764],[44.3881013,33.3356868],[44.3881529,33.3356849],[44.3882945,33.3357658],[44.3883194,33.33578],[44.3883212,33.3357815],[44.3883295,33.3357881],[44.3884191,33.3358876],[44.3886171,33.3357883],[44.3886279,33.3357829],[44.3886383,33.3357777],[44.3886885,33.3357814],[44.3886911,33.3357832],[44.3888805,33.3359205],[44.3888824,33.335919],[44.3889393,33.3358724],[44.3890461,33.3357849],[44.3892638,33.3356065],[44.3893744,33.3355159],[44.3895883,33.3353406],[44.3895906,33.3353388],[44.3895883,33.3353364],[44.3894995,33.3352459],[44.3894222,33.3351672],[44.389415,33.3351567],[44.3893356,33.3349746],[44.389329,33.3349595],[44.3893275,33.3349551],[44.3892695,33.3347414],[44.3892593,33.3347038],[44.3892551,33.3346882],[44.3891038,33.3345704],[44.389094,33.3345592],[44.3890237,33.3344321],[44.3889656,33.3343273],[44.3889497,33.3343032],[44.388874,33.334188],[44.3888561,33.3341608],[44.3886774,33.3338895],[44.3886302,33.3338177],[44.3884988,33.3336181],[44.388433,33.3335181],[44.3883092,33.3335642],[44.3881685,33.3336166],[44.3880127,33.3336746],[44.3879964,33.3336776],[44.3879857,33.3336761],[44.3879798,33.3336753],[44.3879656,33.3336677],[44.3879559,33.3336562],[44.3879523,33.3336425],[44.3879551,33.3336286],[44.3879641,33.3336167],[44.387966,33.3336156],[44.3879778,33.3336086],[44.3879862,33.3336055],[44.3883097,33.3334851],[44.3884341,33.3334388],[44.3886333,33.3333646],[44.3886769,33.3333484],[44.3888017,33.333302],[44.3889569,33.3332277],[44.3892644,33.3330806],[44.3892806,33.3330729],[44.3894886,33.3329734],[44.3894897,33.3329729],[44.3896044,33.3329218],[44.3897134,33.3328732],[44.3897171,33.3328693],[44.3897145,33.3328592],[44.3896792,33.3328121],[44.3896058,33.3327141],[44.3895122,33.3325892],[44.3894586,33.3326137],[44.3894536,33.3326157],[44.3892833,33.3326712],[44.3889599,33.3327768],[44.3888637,33.3328082],[44.3886365,33.3328824],[44.3885105,33.3329235],[44.3883128,33.3330275],[44.3882211,33.3330758],[44.388018,33.3331826],[44.3880023,33.3331876],[44.387989,33.3331873],[44.3879855,33.3331872],[44.3879702,33.3331815],[44.3879587,33.3331713],[44.3879527,33.3331581],[44.3879532,33.333144],[44.38796,33.3331312],[44.3879722,33.3331215],[44.3879895,33.3331124],[44.3880607,33.333075],[44.3883133,33.3329421],[44.3884682,33.3328606],[44.3884755,33.3328575],[44.3886299,33.3328071],[44.388637,33.3328048],[44.3889604,33.3326992],[44.3892838,33.3325937],[44.3894198,33.3325493],[44.3894392,33.3325404],[44.3895065,33.3325096],[44.3896074,33.3324634],[44.3896977,33.3324221],[44.3899025,33.3322884],[44.3899034,33.3322876],[44.3899169,33.3322792],[44.3899314,33.3322761],[44.3899332,33.3322757],[44.3899498,33.3322778],[44.3899642,33.332285],[44.3899742,33.3322963],[44.3899783,33.3323099],[44.3899759,33.3323239],[44.3899673,33.3323359],[44.3899638,33.3323391],[44.3899583,33.3323434],[44.3899308,33.3323614],[44.3897478,33.3324808],[44.389742,33.332484],[44.389617,33.3325412],[44.3896069,33.3325459],[44.3895878,33.3325546],[44.3896067,33.3325797],[44.3897811,33.3328125],[44.3897914,33.3328263],[44.3897971,33.3328379],[44.3898055,33.3328708],[44.3897972,33.3329007],[44.3897754,33.3329239],[44.3897618,33.3329334],[44.3896038,33.3330037],[44.3895713,33.3330182],[44.3896035,33.3330603],[44.3896203,33.3330823],[44.3898275,33.3333538],[44.3899234,33.3334794],[44.3899627,33.3335308],[44.3900494,33.3336254],[44.3902437,33.3338371],[44.3902988,33.3338971],[44.3903927,33.3339994],[44.3905646,33.334122],[44.3906305,33.3341691],[44.3908504,33.3343261],[44.3908861,33.3342956],[44.3910317,33.334171],[44.3912107,33.3340179],[44.3913462,33.333902],[44.3915353,33.3337402],[44.3916607,33.3336329],[44.3918599,33.3334625],[44.3919752,33.3333639],[44.3921844,33.3331848],[44.3922897,33.3330948],[44.3922971,33.3330884],[44.3921856,33.3330125],[44.3920697,33.3329336],[44.391864,33.332835],[44.3918372,33.3328222],[44.3915423,33.3326808],[44.3913319,33.3325799],[44.3912585,33.3325489],[44.3912206,33.3325329],[44.3909753,33.3324293],[44.3908988,33.3323989],[44.3907609,33.3323442],[44.3907474,33.3323358],[44.3907388,33.3323237],[44.3907364,33.3323098],[44.3907404,33.3322962],[44.3907505,33.3322849],[44.3907649,33.3322776],[44.3907768,33.3322761],[44.3907815,33.3322756],[44.3907844,33.3322762],[44.3907978,33.332279],[44.3908993,33.3323193],[44.3909851,33.3323534],[44.3910647,33.3322861],[44.3910786,33.3322783],[44.3910827,33.3322776],[44.391095,33.3322755],[44.3911087,33.3322777],[44.3911115,33.3322782],[44.3911255,33.3322859],[44.3911349,33.3322976],[44.3911383,33.3323114],[44.391135,33.3323252],[44.3911258,33.3323369],[44.3910665,33.3323871]]]}},{"type":"Feature","properties":{"kind":"street_edge_area"},"geometry":{"type":"Polygon","coordinates":[[[44.3882592,33.3365031],[44.3882898,33.3364792],[44.3884899,33.3363233],[44.3886142,33.3362265],[44.388835,33.3360544],[44.3889108,33.3359953],[44.3889241,33.335985],[44.3889384,33.335996],[44.3889861,33.3360326],[44.3889975,33.3360423],[44.3889833,33.3360551],[44.3889819,33.3360564],[44.3889811,33.3360574],[44.3889799,33.3360583],[44.3889783,33.3360611],[44.3889763,33.3360638],[44.3889761,33.3360651],[44.3889754,33.3360662],[44.388964,33.3361038],[44.3889638,33.336107],[44.3889632,33.3361102],[44.3889647,33.3361426],[44.3889644,33.3361427],[44.3889373,33.3361627],[44.388853,33.3362249],[44.3886439,33.336324],[44.3886134,33.3363385],[44.3882897,33.3364919],[44.3882666,33.3365028],[44.3882592,33.3365031]]]}},{"type":"Feature","properties":{"kind":"street_edge_area"},"geometry":{"type":"Polygon","coordinates":[[[44.3885119,33.3334887],[44.3886327,33.3334438],[44.3888386,33.3333672],[44.3888424,33.3333655],[44.3888763,33.3333493],[44.3889563,33.333311],[44.3892801,33.3331562],[44.3894364,33.3330814],[44.3894957,33.333053],[44.3895177,33.3330818],[44.3896026,33.333193],[44.389725,33.3333533],[44.3898693,33.3335424],[44.3897356,33.3336239],[44.3895991,33.333707],[44.389295,33.3338924],[44.3892751,33.3339045],[44.3889511,33.334102],[44.3889258,33.3341174],[44.388776,33.3338899],[44.3886312,33.3336699],[44.3885974,33.3336186],[44.3885119,33.3334887]]]}},{"type":"Feature","properties":{"kind":"street_edge_area"},"geometry":{"type":"Polygon","coordinates":[[[44.3889677,33.334181],[44.3889997,33.3341615],[44.3892745,33.3339941],[44.3894403,33.333893],[44.3895986,33.3337966],[44.3898808,33.3336246],[44.3899189,33.3336014],[44.3899225,33.3336054],[44.3899404,33.3336248],[44.3901897,33.3338965],[44.3902429,33.3339545],[44.3903042,33.3340213],[44.3902422,33.3340733],[44.3901308,33.3341668],[44.3899176,33.3343458],[44.3898103,33.3344358],[44.3895931,33.3346182],[44.389547,33.3346569],[44.3895417,33.3346588],[44.3894987,33.334586],[44.3894907,33.3345766],[44.3894643,33.3345543],[44.3894204,33.3345454],[44.3893595,33.3345621],[44.389341,33.3345722],[44.3892915,33.3346181],[44.3892705,33.3346017],[44.3891685,33.3345224],[44.3891188,33.3344326],[44.389043,33.3342958],[44.3890417,33.3342936],[44.3889677,33.334181]]]}},{"type":"Feature","properties":{"kind":"street_edge_area"},"geometry":{"type":"Polygon","coordinates":[[[44.3893411,33.3346796],[44.3893971,33.3346277],[44.3894219,33.3346209],[44.3894247,33.3346233],[44.3894699,33.3346998],[44.3894748,33.3347048],[44.3894821,33.3347123],[44.3895082,33.3347292],[44.3895517,33.3347338],[44.3895888,33.3347203],[44.3895924,33.3347182],[44.3896021,33.3347127],[44.3896108,33.3347054],[44.3899169,33.3344484],[44.3899313,33.3344364],[44.3902415,33.334176],[44.3902518,33.3341674],[44.3903637,33.3340734],[44.3904969,33.3341685],[44.3905639,33.3342163],[44.3907889,33.3343769],[44.3907103,33.33444],[44.3905616,33.3345592],[44.390375,33.334709],[44.3902372,33.3348195],[44.3900397,33.3349779],[44.3899127,33.3350798],[44.3897045,33.3352469],[44.3896527,33.3352885],[44.3896114,33.3352465],[44.389589,33.3352237],[44.3894933,33.3351261],[44.3894274,33.3349751],[44.3894108,33.3349369],[44.3893477,33.3347042],[44.3893411,33.3346796]]]}},{"type":"Feature","properties":{"kind":"street_edge_area"},"geometry":{"type":"Polygon","coordinates":[[[44.3890171,33.3361117],[44.3890258,33.336083],[44.3890545,33.3360574],[44.3890567,33.3360554],[44.3890781,33.3360364],[44.3891125,33.3360218],[44.3891624,33.3360245],[44.3891168,33.3360557],[44.3890176,33.3361237],[44.3890171,33.3361117]]]}},{"type":"Feature","properties":{"kind":"street_edge_area"},"geometry":{"type":"Polygon","coordinates":[[[44.3970947,33.3330075],[44.3971333,33.3330682],[44.3971382,33.3330817],[44.3971365,33.3330957],[44.3971286,33.3331081],[44.3971156,33.333117],[44.3971141,33.3331174],[44.3970995,33.3331211],[44.3970828,33.3331197],[44.3970773,33.3331172],[44.397068,33.333113],[44.3970574,33.3331022],[44.3970262,33.3330531],[44.3970089,33.333026],[44.3970075,33.3329946],[44.3970268,33.3329574],[44.3970611,33.3328915],[44.3970715,33.3328794],[44.3971137,33.3328469],[44.3973515,33.3326636],[44.3974626,33.332578],[44.3975601,33.3325029],[44.3975607,33.3325024],[44.3976759,33.332417],[44.3978212,33.3323091],[44.3978562,33.3322832],[44.3978707,33.3322761],[44.3978873,33.3322742],[44.3979035,33.3322778],[44.3979169,33.3322863],[44.3979254,33.3322984],[44.3979272,33.3323096],[44.3979276,33.3323124],[44.3979234,33.332326],[44.3979132,33.3323372],[44.3976752,33.3325138],[44.397618,33.3325562],[44.397589,33.3325786],[44.3973508,33.3327621],[44.3972401,33.3328475],[44.3971364,33.3329273],[44.3970947,33.3330075]]]}},{"type":"Feature","properties":{"kind":"street_edge_area"},"geometry":{"type":"Polygon","coordinates":[[[44.3978809,33.3329052],[44.3979947,33.3329962],[44.3980718,33.3330578],[44.3980814,33.3330693],[44.3980851,33.333083],[44.3980822,33.3330969],[44.3980732,33.3331088],[44.3980595,33.3331169],[44.3980431,33.33312],[44.3980265,33.3331175],[44.3980124,33.33311],[44.3979941,33.3330954],[44.3978215,33.3329574],[44.3978119,33.3329459],[44.3978082,33.3329321],[44.3978111,33.3329183],[44.3978201,33.3329064],[44.3978338,33.3328983],[44.3978502,33.3328952],[44.3978667,33.3328977],[44.3978809,33.3329052]]]}},{"type":"Feature","properties":{"kind":"street_edge_area"},"geometry":{"type":"Polygon","coordinates":[[[44.3966179,33.333086],[44.3963817,33.3329106],[44.3962906,33.332843],[44.3960605,33.3326721],[44.395924,33.3325708],[44.3957394,33.3324337],[44.39561,33.3323376],[44.3955999,33.3323264],[44.3955956,33.3323128],[44.3955979,33.3322989],[44.395598,33.3322987],[44.3956064,33.3322867],[44.3956197,33.3322782],[44.395636,33.3322746],[44.3956526,33.3322765],[44.3956671,33.3322836],[44.395688,33.3322991],[44.39574,33.3323378],[44.3960546,33.3325714],[44.3960612,33.3325762],[44.3963823,33.3328147],[44.3964213,33.3328436],[44.3966748,33.3330319],[44.3967035,33.3330526],[44.396791,33.3331159],[44.3970246,33.3332847],[44.3971677,33.3333882],[44.3972051,33.3334152],[44.3972059,33.3334161],[44.397207,33.3334167],[44.3972791,33.3334756],[44.3973465,33.3334185],[44.3973812,33.3333892],[44.3975998,33.3332039],[44.3976085,33.333199],[44.3976188,33.3331972],[44.3976291,33.3331989],[44.3976378,33.3332037],[44.3976437,33.333211],[44.3976458,33.3332196],[44.3976438,33.3332283],[44.397638,33.3332356],[44.3974564,33.3333895],[44.397346,33.333483],[44.3973186,33.3335063],[44.3973457,33.3335265],[44.3975256,33.3336604],[44.3976669,33.3337655],[44.3977033,33.3337926],[44.3978528,33.3336619],[44.3979076,33.333614],[44.3979911,33.3335409],[44.3980111,33.3335234],[44.3980248,33.3335153],[44.3980412,33.3335123],[44.3980578,33.3335147],[44.3980719,33.3335223],[44.3980816,33.3335338],[44.3980852,33.3335475],[44.3980823,33.3335614],[44.3980733,33.3335733],[44.3979969,33.3336401],[44.3980204,33.3336627],[44.3980746,33.3337148],[44.398083,33.333727],[44.3980851,33.3337409],[44.3980808,33.3337545],[44.3980705,33.3337656],[44.3980559,33.3337727],[44.3980393,33.3337745],[44.3980231,33.3337708],[44.3980098,33.3337622],[44.3979898,33.3337429],[44.3979372,33.3336924],[44.397764,33.3338438],[44.3978556,33.3339324],[44.3979876,33.3340602],[44.3980748,33.3341445],[44.3980831,33.3341567],[44.3980852,33.3341707],[44.3980808,33.3341842],[44.3980705,33.3341954],[44.3980559,33.3342023],[44.3980417,33.3342038],[44.3980393,33.3342041],[44.3980381,33.3342038],[44.3980231,33.3342004],[44.3980098,33.3341917],[44.3979869,33.3341696],[44.3977411,33.3339319],[44.3977042,33.3338962],[44.3976658,33.3339297],[44.3976637,33.3339315],[44.3975373,33.3340422],[44.3976642,33.3341653],[44.3977022,33.3342022],[44.3979824,33.3344741],[44.3979849,33.3344765],[44.398075,33.3345639],[44.3980833,33.3345761],[44.3980853,33.3345901],[44.3980809,33.3346037],[44.3980705,33.3346148],[44.3980559,33.3346217],[44.3980393,33.3346235],[44.3980231,33.3346197],[44.3980098,33.3346111],[44.3979841,33.3345861],[44.3978681,33.3344735],[44.3976635,33.334275],[44.397588,33.3342017],[44.3974785,33.3340955],[44.397424,33.3341464],[44.3973738,33.3342007],[44.3973478,33.3342288],[44.397341,33.3342375],[44.3972764,33.3343206],[44.3973402,33.3343555],[44.397395,33.3343854],[44.3973965,33.3343862],[44.3974905,33.3344422],[44.3974956,33.3344458],[44.3975276,33.3344719],[44.3976614,33.3345814],[44.3977387,33.3346446],[44.3977417,33.3346473],[44.3977934,33.3346994],[44.3978014,33.3347118],[44.3978032,33.3347258],[44.3977984,33.3347393],[44.3977941,33.3347437],[44.3977878,33.3347502],[44.3977731,33.3347569],[44.3977564,33.3347584],[44.3977403,33.3347544],[44.3977272,33.3347456],[44.3977251,33.3347434],[44.397677,33.3346949],[44.3976608,33.3346816],[44.3974379,33.3344993],[44.3973908,33.3344713],[44.3973474,33.3344454],[44.3973397,33.3344412],[44.3972298,33.3343813],[44.3971717,33.3344581],[44.397199,33.3344704],[44.397339,33.3345332],[44.3973832,33.334553],[44.3973889,33.3345561],[44.3975016,33.3346277],[44.3975089,33.3346336],[44.3975894,33.3347163],[44.3976159,33.3347429],[44.3976601,33.3347871],[44.3976631,33.3347901],[44.3976712,33.3348025],[44.397673,33.3348165],[44.3976682,33.33483],[44.3976597,33.3348388],[44.3976577,33.3348409],[44.397643,33.3348477],[44.3976263,33.3348492],[44.3976102,33.3348452],[44.3975971,33.3348364],[44.3975232,33.3347624],[44.3975229,33.3347621],[44.3975037,33.3347424],[44.3974455,33.3346826],[44.3973396,33.3346153],[44.3973385,33.3346148],[44.3971255,33.3345192],[44.3970653,33.3345987],[44.3973117,33.3347415],[44.3973376,33.3347564],[44.3973497,33.3347635],[44.3973532,33.3347657],[44.3975063,33.3348755],[44.3975096,33.3348781],[44.3976586,33.3350099],[44.3976628,33.3350136],[44.3977808,33.3351181],[44.3979092,33.3350148],[44.3979817,33.3349564],[44.3980083,33.334935],[44.397982,33.3349104],[44.3978653,33.3348015],[44.3978567,33.3347894],[44.3978543,33.3347754],[44.3978585,33.3347618],[44.3978685,33.3347505],[44.3978814,33.3347441],[44.397883,33.3347433],[44.3978996,33.3347413],[44.3979133,33.3347443],[44.3979158,33.3347448],[44.3979293,33.3347533],[44.3979827,33.3348031],[44.3980745,33.3348887],[44.3980831,33.3349008],[44.3980854,33.3349148],[44.3980813,33.3349284],[44.3980754,33.334935],[44.3980826,33.3349443],[44.3980855,33.3349582],[44.3980819,33.3349719],[44.3980723,33.3349835],[44.3980327,33.3350154],[44.397981,33.335057],[44.3978098,33.3351948],[44.3977066,33.3352843],[44.3976728,33.3353137],[44.3977076,33.3353422],[44.3977684,33.3352846],[44.3977698,33.3352833],[44.3977831,33.3352748],[44.3977994,33.3352712],[44.397816,33.3352731],[44.3978305,33.3352802],[44.3978348,33.3352849],[44.3978407,33.3352914],[44.3978449,33.335305],[44.3978427,33.335319],[44.3978342,33.3353311],[44.3977422,33.3354183],[44.3976553,33.3355021],[44.3976011,33.3355544],[44.3974964,33.3356555],[44.397408,33.3357515],[44.3974671,33.3357815],[44.3975537,33.3358247],[44.3975973,33.3358464],[44.397601,33.3358485],[44.3976528,33.3358809],[44.3976709,33.3358922],[44.3976725,33.3358932],[44.3977313,33.3359338],[44.3978887,33.3360079],[44.3979745,33.3360279],[44.3980543,33.3360465],[44.3980693,33.3360528],[44.3980802,33.3360635],[44.3980855,33.3360769],[44.3980842,33.3360909],[44.3980801,33.3360977],[44.3980766,33.3361035],[44.3980639,33.3361126],[44.398048,33.336117],[44.3980312,33.336116],[44.397974,33.3361027],[44.39795,33.3360971],[44.3978606,33.3360762],[44.3978511,33.3360729],[44.3976858,33.3359951],[44.3976796,33.3359915],[44.3976522,33.3359726],[44.3976186,33.3359495],[44.3975514,33.3359075],[44.397423,33.3358434],[44.3974227,33.3358433],[44.3973844,33.3358239],[44.3973306,33.3357966],[44.3973222,33.3357924],[44.3973221,33.3357923],[44.397268,33.3357648],[44.3972241,33.3358231],[44.3970963,33.3359929],[44.3970241,33.3360927],[44.3970058,33.3361181],[44.3969905,33.3361392],[44.396985,33.3361453],[44.3969697,33.3361589],[44.3969846,33.3361667],[44.3970054,33.336176],[44.3970455,33.336194],[44.397121,33.3361997],[44.397205,33.3361912],[44.397227,33.3361938],[44.3973277,33.3362296],[44.3973908,33.336252],[44.3973977,33.3362551],[44.3975726,33.3363518],[44.3975981,33.3363659],[44.3976494,33.3363943],[44.3977429,33.3364459],[44.397816,33.3364863],[44.3979462,33.3364341],[44.3979572,33.3364311],[44.3979719,33.3364289],[44.3980353,33.3364195],[44.3980521,33.3364198],[44.3980674,33.3364254],[44.3980791,33.3364356],[44.3980852,33.3364487],[44.3980849,33.3364627],[44.3980781,33.3364756],[44.398066,33.3364854],[44.3980504,33.3364905],[44.3979781,33.3365013],[44.3979714,33.336504],[44.397867,33.3365458],[44.3978915,33.3365996],[44.3978942,33.3366099],[44.3978966,33.3366379],[44.397902,33.3367004],[44.3979011,33.3367109],[44.3978776,33.3367995],[44.3978732,33.3368092],[44.3978202,33.3368887],[44.3978126,33.336897],[44.3977991,33.3369079],[44.3977346,33.3369603],[44.3977205,33.3369679],[44.397704,33.3369704],[44.3976876,33.3369675],[44.3976738,33.3369595],[44.3976647,33.3369476],[44.3976617,33.3369338],[44.3976652,33.33692],[44.3976748,33.3369085],[44.3976761,33.3369073],[44.3977482,33.3368489],[44.397795,33.3367786],[44.3978157,33.3367004],[44.3978103,33.3366375],[44.3978088,33.3366204],[44.3977774,33.3365513],[44.3977273,33.3365237],[44.397648,33.3366015],[44.3976123,33.3366365],[44.3976109,33.3366379],[44.3975799,33.3366506],[44.3974796,33.336654],[44.3973837,33.3368685],[44.3973681,33.3369059],[44.3973442,33.3369631],[44.3975266,33.3370662],[44.3975345,33.3370719],[44.3976442,33.3371734],[44.3976489,33.3371777],[44.3976742,33.3372012],[44.397705,33.337178],[44.3977482,33.3371454],[44.3977657,33.3371374],[44.397784,33.3371333],[44.3978966,33.3370372],[44.3979105,33.3370293],[44.397927,33.3370264],[44.3979434,33.337029],[44.3979575,33.3370367],[44.3979669,33.3370484],[44.3979677,33.3370515],[44.3979704,33.3370621],[44.3979676,33.3370745],[44.3979672,33.337076],[44.397958,33.3370877],[44.3978514,33.3371787],[44.3978372,33.3371908],[44.3978178,33.3372004],[44.3977981,33.3372048],[44.397732,33.3372547],[44.3977353,33.3372578],[44.3978299,33.3372664],[44.3978377,33.3372677],[44.3979294,33.3372908],[44.3979663,33.3372626],[44.398014,33.3372261],[44.3980284,33.3372188],[44.398045,33.3372167],[44.3980613,33.3372201],[44.3980748,33.3372284],[44.3980835,33.3372404],[44.398086,33.3372544],[44.398082,33.337268],[44.398072,33.3372794],[44.3979694,33.3373579],[44.3979657,33.3373586],[44.397928,33.3373658],[44.3978167,33.3373377],[44.3977921,33.3373355],[44.3978269,33.3373885],[44.3978946,33.3374494],[44.3979646,33.3375124],[44.3979703,33.3375175],[44.3979746,33.3375622],[44.3979642,33.3375752],[44.3978988,33.3376571],[44.3978689,33.337715],[44.3978686,33.3377158],[44.3979094,33.3377038],[44.3979529,33.3376821],[44.3979636,33.3376739],[44.3980138,33.3376348],[44.3980281,33.3376274],[44.3980447,33.3376252],[44.398061,33.3376284],[44.3980746,33.3376367],[44.3980834,33.3376486],[44.3980861,33.3376625],[44.3980822,33.3376762],[44.3980724,33.3376876],[44.39803,33.3377206],[44.3980081,33.3377376],[44.3980008,33.3377422],[44.397963,33.337761],[44.3979496,33.3377676],[44.397942,33.3377706],[44.3978286,33.3378042],[44.3977348,33.33788],[44.3976389,33.3379583],[44.3976012,33.3379891],[44.3975981,33.3379916],[44.3973145,33.3382233],[44.3972719,33.3382581],[44.3972008,33.3383162],[44.3970338,33.3384527],[44.3970185,33.3384608],[44.3969901,33.3384695],[44.3968051,33.3385264],[44.3967342,33.3385482],[44.3967271,33.3385498],[44.3966668,33.3385592],[44.3965231,33.3385813],[44.3965185,33.3385818],[44.3964111,33.3385885],[44.3964079,33.3385886],[44.3963438,33.3385886],[44.3963214,33.3385886],[44.3963033,33.3385852],[44.3961449,33.3385233],[44.3961435,33.3385228],[44.3961244,33.338508],[44.3960966,33.3384675],[44.3960923,33.3384403],[44.3961058,33.3383977],[44.3961111,33.3383876],[44.3962129,33.3382531],[44.3962555,33.3381969],[44.3960451,33.3379818],[44.3960253,33.3379616],[44.3959662,33.3379012],[44.3959565,33.3378783],[44.3959565,33.3378447],[44.3959631,33.3378255],[44.3960062,33.337768],[44.3959986,33.3377478],[44.395963,33.3377109],[44.3958323,33.3375756],[44.3957055,33.3375228],[44.3956792,33.3375118],[44.3953818,33.3376689],[44.395308,33.3377078],[44.3950579,33.3378399],[44.3949607,33.3378912],[44.3949421,33.3379019],[44.3950084,33.3379685],[44.3950168,33.337977],[44.3950568,33.3380172],[44.3952872,33.3382488],[44.3953167,33.3382785],[44.3953354,33.3382972],[44.3953773,33.3383394],[44.3955574,33.3385206],[44.3956713,33.3386351],[44.3956979,33.3386619],[44.3958148,33.3387794],[44.3958277,33.3387924],[44.3960185,33.3389841],[44.3960981,33.3390641],[44.3961604,33.3391269],[44.3963391,33.3393069],[44.3963678,33.3393359],[44.3964037,33.339372],[44.3964483,33.3393363],[44.3966627,33.3391647],[44.3967844,33.3390674],[44.3969872,33.338905],[44.3971204,33.3387984],[44.397288,33.3386643],[44.3973116,33.338645],[44.3974535,33.3385294],[44.3976361,33.3383808],[44.3977336,33.3383014],[44.397734,33.338301],[44.3977853,33.3382605],[44.3979606,33.3381218],[44.3980137,33.3380797],[44.3980279,33.3380723],[44.3980444,33.3380699],[44.3980608,33.3380731],[44.3980745,33.3380812],[44.3980834,33.3380931],[44.3980862,33.338107],[44.3980825,33.3381207],[44.3980727,33.3381322],[44.3979599,33.3382215],[44.3979099,33.3382611],[44.3977933,33.3383533],[44.3976355,33.3384819],[44.3975763,33.33853],[44.3973478,33.3387161],[44.3973476,33.3387163],[44.397311,33.3387456],[44.3972443,33.338799],[44.3969865,33.3390053],[44.3969083,33.3390679],[44.3966621,33.339265],[44.3965722,33.3393369],[44.3964298,33.3394509],[44.3963376,33.3395247],[44.3962362,33.3396058],[44.3962238,33.3396157],[44.3962821,33.339663],[44.396337,33.3396191],[44.3963528,33.3396064],[44.3966614,33.3393594],[44.3966888,33.3393374],[44.39688,33.3391845],[44.3969859,33.3390971],[44.3970207,33.3390685],[44.3973104,33.3388296],[44.3973469,33.3387995],[44.3976349,33.3385621],[44.3976732,33.3385305],[44.3977553,33.3384628],[44.3979594,33.3382945],[44.3979995,33.3382615],[44.3980131,33.3382503],[44.3980271,33.3382426],[44.3980436,33.3382399],[44.39806,33.3382428],[44.3980739,33.3382507],[44.3980827,33.3382619],[44.3980831,33.3382625],[44.3980863,33.3382763],[44.3980829,33.3382901],[44.3980734,33.3383017],[44.3979588,33.3383963],[44.3978452,33.3384899],[44.3978907,33.3385315],[44.3979574,33.3385926],[44.3980091,33.3386399],[44.3980165,33.3386492],[44.398032,33.3386774],[44.3980471,33.338676],[44.3980632,33.3386799],[44.3980763,33.3386887],[44.3980844,33.3387011],[44.3980862,33.3387151],[44.3980815,33.3387286],[44.398071,33.3387396],[44.3980652,33.3387436],[44.3980792,33.3388029],[44.3980856,33.33883],[44.3980856,33.3388441],[44.3980791,33.3388571],[44.3980672,33.338867],[44.3980517,33.3388724],[44.3980349,33.3388724],[44.3980194,33.338867],[44.3980076,33.338857],[44.3980012,33.338844],[44.3979913,33.3388025],[44.3979804,33.338756],[44.3979755,33.338747],[44.3979566,33.3387127],[44.3979411,33.3386845],[44.3977838,33.3385405],[44.3976342,33.3386638],[44.397469,33.3388],[44.3973097,33.3389313],[44.3971427,33.339069],[44.3969852,33.3391989],[44.3969705,33.339211],[44.3969851,33.3392237],[44.3971184,33.3393394],[44.3973036,33.3395003],[44.397306,33.3394974],[44.3974196,33.3393556],[44.3974754,33.3393438],[44.3975586,33.3393808],[44.3975716,33.3393897],[44.3975796,33.339402],[44.3975813,33.339416],[44.3975765,33.3394295],[44.3975659,33.3394404],[44.3975511,33.3394471],[44.3975344,33.3394485],[44.3975183,33.3394445],[44.3974694,33.3394228],[44.3973648,33.3395534],[44.3974316,33.3396114],[44.3974986,33.3396695],[44.3976273,33.3397044],[44.3976658,33.3397148],[44.3977282,33.3396493],[44.3977367,33.3396425],[44.3977855,33.3396131],[44.3978154,33.339595],[44.3978406,33.3395882],[44.3979508,33.3395882],[44.3979755,33.3395882],[44.3980161,33.33956],[44.3980309,33.3395533],[44.3980476,33.3395519],[44.3980637,33.339556],[44.3980767,33.3395649],[44.3980847,33.3395773],[44.3980864,33.3395913],[44.3980815,33.3396047],[44.3980721,33.3396144],[44.3980709,33.3396156],[44.398062,33.3396218],[44.3980682,33.3396254],[44.3980798,33.3396356],[44.3980859,33.3396487],[44.3980856,33.3396628],[44.3980788,33.3396756],[44.3980667,33.3396854],[44.3980511,33.3396905],[44.3980343,33.3396902],[44.3980189,33.3396846],[44.3979774,33.3396603],[44.3979503,33.3396603],[44.3978545,33.3396603],[44.3977918,33.3396982],[44.3977455,33.3397468],[44.3978788,33.3398125],[44.3979491,33.3398396],[44.3979711,33.339848],[44.3980061,33.339796],[44.398017,33.3397853],[44.398032,33.339779],[44.3980488,33.3397779],[44.3980647,33.3397823],[44.3980775,33.3397915],[44.398085,33.339804],[44.3980863,33.3398181],[44.3980811,33.3398314],[44.3980512,33.3398758],[44.3980563,33.3398771],[44.3980711,33.3398838],[44.3980722,33.339885],[44.3980817,33.3398947],[44.3980865,33.3399082],[44.3980847,33.3399222],[44.3980767,33.3399346],[44.3980637,33.3399434],[44.3980476,33.3399475],[44.3980392,33.3399467],[44.3979529,33.3401549],[44.3979469,33.3401692],[44.397945,33.3401738],[44.3979469,33.3401742],[44.3980535,33.340195],[44.3980688,33.3402009],[44.3980802,33.3402111],[44.3980861,33.3402243],[44.3980856,33.3402384],[44.3980786,33.3402512],[44.3980664,33.3402608],[44.3980507,33.3402657],[44.3980339,33.3402653],[44.3979464,33.3402481],[44.3978814,33.3402354],[44.3976239,33.3402115],[44.3975794,33.3402073],[44.3974048,33.3402012],[44.3973928,33.3401993],[44.3973015,33.3401735],[44.3972237,33.3401515],[44.3971932,33.3401429],[44.3971891,33.3401514],[44.3971674,33.3401961],[44.3972364,33.3402137],[44.3972788,33.3402163],[44.3973012,33.3402177],[44.3974318,33.3402257],[44.397446,33.3402287],[44.3975036,33.34025],[44.3975251,33.3402674],[44.3975373,33.3402887],[44.39754,33.3403136],[44.3975316,33.34034],[44.397534,33.3403535],[44.3975989,33.3404238],[44.3976031,33.3404284],[44.3976224,33.3404387],[44.3976827,33.3404709],[44.3976948,33.3404807],[44.3977015,33.3404935],[44.3977019,33.3405076],[44.3976958,33.3405207],[44.3976842,33.3405309],[44.3976688,33.3405365],[44.397652,33.3405368],[44.3976364,33.3405317],[44.3976219,33.340524],[44.3975505,33.3404858],[44.3975397,33.3404775],[44.3974896,33.3404233],[44.397459,33.3403902],[44.3974504,33.3403734],[44.3974452,33.3403431],[44.3974462,33.3403285],[44.3974522,33.3403098],[44.3974181,33.3402972],[44.3973066,33.3402903],[44.3973006,33.3403068],[44.3972579,33.3404222],[44.3972566,33.3404256],[44.3972626,33.3404558],[44.3972821,33.3404783],[44.3972994,33.3404864],[44.3973047,33.3404889],[44.3973106,33.3404922],[44.3974506,33.3405861],[44.3975873,33.3406426],[44.3976006,33.3406512],[44.397609,33.3406634],[44.3976112,33.3406773],[44.3976069,33.3406909],[44.3976037,33.3406943],[44.3975967,33.3407021],[44.3975821,33.3407091],[44.3975655,33.340711],[44.3975493,33.3407073],[44.3975168,33.3406939],[44.3974084,33.3406491],[44.3974005,33.3406449],[44.3972988,33.3405767],[44.3972596,33.3405504],[44.3972318,33.3405374],[44.397218,33.3405271],[44.397187,33.3404912],[44.3971794,33.340476],[44.3971701,33.340429],[44.3971707,33.3404218],[44.3971714,33.3404124],[44.3972188,33.3402844],[44.397216,33.3402839],[44.3971361,33.3402635],[44.3970668,33.3404213],[44.3970195,33.3405289],[44.39698,33.3406914],[44.3969752,33.3407111],[44.39697,33.3407322],[44.396975,33.3407342],[44.3972969,33.3408655],[44.397308,33.34087],[44.3973214,33.3408785],[44.3973298,33.3408907],[44.3973321,33.3409046],[44.3973279,33.3409182],[44.3973177,33.3409294],[44.3973032,33.3409365],[44.3972964,33.3409373],[44.3972866,33.3409385],[44.3972703,33.3409349],[44.3969745,33.3408142],[44.3969462,33.3408026],[44.3968814,33.3409615],[44.3968274,33.3410937],[44.3969724,33.3411232],[44.3972112,33.3411717],[44.3972234,33.3411759],[44.3972945,33.3412121],[44.3973377,33.3412341],[44.3975451,33.3413398],[44.3975517,33.3413439],[44.3976161,33.3413928],[44.3977659,33.3415067],[44.3977879,33.3415234],[44.3977962,33.3415167],[44.3978085,33.3415069],[44.3979387,33.3414022],[44.3980128,33.3413427],[44.398013,33.3413429],[44.3980235,33.3413356],[44.3980396,33.3413315],[44.3980563,33.3413328],[44.3980711,33.3413394],[44.3980818,33.3413503],[44.3980867,33.3413637],[44.3980852,33.3413777],[44.3980773,33.3413902],[44.3980759,33.3413915],[44.3980724,33.3413948],[44.3979381,33.3415027],[44.3979321,33.3415074],[44.397894,33.3415381],[44.3979377,33.3415632],[44.3980683,33.3416384],[44.3980801,33.3416485],[44.3980863,33.3416615],[44.3980861,33.3416756],[44.3980795,33.3416885],[44.3980675,33.3416984],[44.3980519,33.3417036],[44.3980351,33.3417034],[44.3980197,33.3416979],[44.3979371,33.3416504],[44.3978305,33.3415891],[44.3978192,33.3415981],[44.3976168,33.3417765],[44.3976135,33.3417794],[44.3975661,33.3418212],[44.3975604,33.3418254],[44.3974621,33.3418862],[44.3974469,33.3418921],[44.3974302,33.3418928],[44.3974144,33.341888],[44.397402,33.3418785],[44.3973948,33.3418658],[44.397394,33.3418517],[44.3973997,33.3418385],[44.3974111,33.3418281],[44.3974955,33.3417759],[44.3975063,33.3417692],[44.3976142,33.3416742],[44.3977272,33.3415746],[44.397637,33.3415061],[44.3976154,33.3414897],[44.3974969,33.3413996],[44.397294,33.3412963],[44.3971844,33.3412405],[44.3971489,33.3412333],[44.3969719,33.3411973],[44.3967916,33.3411607],[44.3967394,33.3412313],[44.3966481,33.341355],[44.396551,33.3414865],[44.3965488,33.3414892],[44.3965383,33.3415009],[44.3963911,33.3416655],[44.3963441,33.3417258],[44.3964124,33.3417709],[44.3964165,33.3417736],[44.3964274,33.3418196],[44.3963904,33.341875],[44.3963795,33.3418857],[44.3963645,33.3418921],[44.3963478,33.3418932],[44.3963318,33.3418888],[44.3963219,33.3418817],[44.396319,33.3418797],[44.3963114,33.3418671],[44.3963101,33.3418531],[44.3963153,33.3418397],[44.3963223,33.3418293],[44.3963344,33.3418112],[44.3963224,33.3418033],[44.3962722,33.3417702],[44.3962599,33.3417621],[44.3962505,33.341714],[44.3962973,33.341654],[44.3961363,33.3415405],[44.3960065,33.3416226],[44.3960009,33.3416247],[44.3959902,33.3416289],[44.3959838,33.3416302],[44.3958808,33.3417684],[44.3958002,33.3418766],[44.3957887,33.3418868],[44.3957734,33.3418926],[44.3957566,33.341893],[44.3957409,33.3418881],[44.3957287,33.3418784],[44.3957218,33.3418656],[44.3957213,33.3418515],[44.3957272,33.3418384],[44.3957797,33.3417679],[44.3959202,33.3415793],[44.395947,33.3415632],[44.3959619,33.3415603],[44.3960015,33.3415353],[44.3960595,33.3414987],[44.3960765,33.3414879],[44.3960023,33.3414103],[44.3959678,33.3413742],[44.3959426,33.3413774],[44.3959241,33.3413764],[44.3956824,33.3413182],[44.3956802,33.3413172],[44.3956675,33.3413117],[44.3956567,33.341301],[44.3956516,33.3412876],[44.395653,33.3412735],[44.3956607,33.341261],[44.3956735,33.3412519],[44.3956807,33.34125],[44.3956895,33.3412477],[44.3957062,33.3412488],[44.3959388,33.3413049],[44.395953,33.3413031],[44.3959819,33.3412278],[44.3960039,33.3411704],[44.3960205,33.3411272],[44.3960042,33.3411227],[44.3956821,33.3410342],[44.3953923,33.3409545],[44.39536,33.3409456],[44.3952492,33.3409152],[44.3952021,33.3409536],[44.3950363,33.3410893],[44.3948733,33.3412226],[44.3947118,33.3413548],[44.3945776,33.3414645],[44.3946084,33.3414919],[44.3947103,33.3415826],[44.3947734,33.3416387],[44.3949051,33.3415744],[44.3949755,33.3414936],[44.3949857,33.3414819],[44.3949981,33.3414724],[44.3950138,33.3414675],[44.3950306,33.3414681],[44.3950338,33.3414694],[44.3950458,33.3414741],[44.3950572,33.3414844],[44.3950614,33.341494],[44.395063,33.3414976],[44.3950623,33.3415117],[44.3950552,33.3415245],[44.3950332,33.3415497],[44.3949693,33.341623],[44.3949562,33.3416329],[44.3948236,33.3416977],[44.3948672,33.3417636],[44.3949178,33.3418401],[44.3949229,33.3418535],[44.3949216,33.3418676],[44.3949139,33.3418801],[44.3949011,33.3418892],[44.3948851,33.3418935],[44.3948683,33.3418923],[44.3948534,33.3418859],[44.3948426,33.3418751],[44.3947685,33.3417632],[44.3947305,33.3417058],[44.3947096,33.3416871],[44.3945148,33.3415138],[44.3943874,33.3416093],[44.3943137,33.3416646],[44.3943723,33.3417613],[44.3943862,33.3417842],[44.3944209,33.3418414],[44.3944255,33.3418549],[44.3944235,33.3418689],[44.3944153,33.3418812],[44.3944021,33.3418899],[44.3943859,33.3418937],[44.3943855,33.3418936],[44.3943692,33.341892],[44.3943546,33.3418851],[44.3943442,33.3418741],[44.3942755,33.3417609],[44.3942485,33.3417164],[44.3941949,33.3417605],[44.3941411,33.3418047],[44.3941744,33.341832],[44.3941839,33.3418436],[44.3941873,33.3418574],[44.3941842,33.3418712],[44.3941751,33.341883],[44.3941612,33.3418909],[44.3941448,33.3418938],[44.3941283,33.3418913],[44.3941142,33.3418836],[44.3940796,33.3418552],[44.3940629,33.341869],[44.3940452,33.3418836],[44.3940311,33.3418913],[44.3940146,33.3418939],[44.3939982,33.341891],[44.3939843,33.3418831],[44.3939751,33.3418713],[44.393972,33.3418574],[44.3939755,33.3418437],[44.3939849,33.341832],[44.3940495,33.341779],[44.3940636,33.3417674],[44.3940727,33.3417599],[44.3942302,33.3416305],[44.3942316,33.3416294],[44.394388,33.3415121],[44.3944161,33.341491],[44.3944879,33.3414371],[44.3947125,33.3412534],[44.3947508,33.341222],[44.395037,33.340988],[44.3950796,33.340953],[44.3952076,33.3408483],[44.3953615,33.3407206],[44.3954055,33.340684],[44.3956025,33.3405205],[44.3956047,33.3405192],[44.3956065,33.3405176],[44.3956859,33.340466],[44.395764,33.3404152],[44.3958704,33.3403461],[44.3960104,33.3402006],[44.3960629,33.3401461],[44.3960993,33.3401082],[44.3960992,33.3400079],[44.3960336,33.3399611],[44.3960119,33.3399783],[44.3958006,33.3401449],[44.3956874,33.3402341],[44.3954595,33.3404138],[44.395363,33.3404899],[44.3951185,33.3406827],[44.3950386,33.3407457],[44.3947774,33.3409516],[44.3947141,33.3410015],[44.3944363,33.3412206],[44.3943897,33.3412573],[44.3940953,33.3414895],[44.3940653,33.3415131],[44.3937542,33.3417584],[44.3937409,33.3417689],[44.3935947,33.3418842],[44.3935805,33.3418916],[44.3935639,33.3418939],[44.3935476,33.3418908],[44.3935339,33.3418826],[44.393525,33.3418707],[44.3935222,33.3418568],[44.393526,33.3418431],[44.3935358,33.3418316],[44.3936293,33.3417578],[44.3937415,33.3416694],[44.3939704,33.3414889],[44.394066,33.3414136],[44.3943115,33.34122],[44.3943904,33.3411578],[44.3946525,33.340951],[44.3947148,33.3409019],[44.3949936,33.3406821],[44.3950392,33.3406461],[44.3953347,33.3404132],[44.3953637,33.3403903],[44.3956757,33.3401443],[44.3956881,33.3401345],[44.3960026,33.3398866],[44.3960125,33.3398786],[44.3960166,33.3398753],[44.3961577,33.3397625],[44.3962432,33.3396941],[44.3961849,33.3396469],[44.3960903,33.3397226],[44.3960895,33.3397232],[44.3960132,33.3397816],[44.3959819,33.3398056],[44.3958943,33.3398748],[44.3956887,33.3400371],[44.3955539,33.3401437],[44.3953643,33.3402934],[44.3952134,33.3404126],[44.3950399,33.3405497],[44.3949496,33.3406211],[44.394875,33.3406816],[44.3947154,33.3408111],[44.3945435,33.3409505],[44.3943909,33.3410743],[44.394212,33.3412195],[44.3940665,33.3413376],[44.3938805,33.3414885],[44.393742,33.3416009],[44.393549,33.3417575],[44.3934175,33.3418641],[44.3933932,33.3418839],[44.3933791,33.3418915],[44.3933626,33.341894],[44.3933462,33.341891],[44.3933324,33.341883],[44.3933233,33.3418712],[44.3933203,33.3418573],[44.3933238,33.3418436],[44.3933334,33.341832],[44.3934182,33.3417632],[44.393426,33.3417569],[44.3937427,33.3414999],[44.3937575,33.3414879],[44.3940671,33.3412367],[44.394089,33.3412189],[44.3943916,33.3409734],[44.3944205,33.34095],[44.3947161,33.3407101],[44.394752,33.340681],[44.3948899,33.3405691],[44.3948903,33.3405687],[44.3950405,33.3404501],[44.3950887,33.340412],[44.395365,33.3401938],[44.3954291,33.3401431],[44.3956894,33.3399375],[44.3957696,33.3398742],[44.3958941,33.3397758],[44.3957367,33.3396121],[44.3957283,33.3396035],[44.3956919,33.3395655],[44.3955446,33.3394124],[44.395467,33.3393317],[44.3953714,33.3392323],[44.3952711,33.339128],[44.3950488,33.3392036],[44.3949623,33.3392331],[44.3949211,33.339229],[44.3947474,33.3391254],[44.3947266,33.339127],[44.3946211,33.3391353],[44.3944876,33.3391604],[44.3944034,33.3392],[44.3943561,33.3392222],[44.3942882,33.3393262],[44.3942656,33.3393608],[44.3942302,33.3394171],[44.3944016,33.3394804],[44.3947214,33.3395988],[44.3947235,33.3395995],[44.3950454,33.3397186],[44.3951155,33.3397445],[44.3953362,33.3398102],[44.3953677,33.3397856],[44.3955142,33.339671],[44.3955285,33.3396636],[44.3955451,33.3396613],[44.3955614,33.3396646],[44.395575,33.3396728],[44.3955839,33.3396848],[44.3955866,33.3396986],[44.3955827,33.3397123],[44.3955729,33.3397238],[44.3953829,33.3398724],[44.3953758,33.3398779],[44.395367,33.3398847],[44.3950426,33.3401382],[44.3950387,33.3401413],[44.3949041,33.3402465],[44.3947182,33.3403918],[44.3946947,33.3404102],[44.3943938,33.3406455],[44.394378,33.3406578],[44.3943519,33.3406791],[44.3940693,33.3409095],[44.3940324,33.3409395],[44.3940219,33.3409481],[44.3937448,33.3411741],[44.3936922,33.3412171],[44.3936141,33.3412808],[44.3934203,33.3414388],[44.3933624,33.3414861],[44.3932369,33.3415884],[44.3932363,33.3415888],[44.3930959,33.341699],[44.3930246,33.341755],[44.3928597,33.3418844],[44.3928455,33.3418918],[44.3928289,33.3418941],[44.3928125,33.3418909],[44.3927989,33.3418827],[44.39279,33.3418707],[44.3927873,33.3418569],[44.3927911,33.3418431],[44.3928009,33.3418317],[44.3928994,33.3417544],[44.3930965,33.3415997],[44.3931772,33.3415364],[44.3932397,33.3414855],[44.393421,33.3413376],[44.39351,33.341265],[44.3934217,33.3412293],[44.3933878,33.3412157],[44.3931912,33.3411362],[44.3931909,33.3411361],[44.3930999,33.3410987],[44.3930266,33.3410686],[44.3929399,33.3412136],[44.3929215,33.3412442],[44.3928661,33.3412612],[44.3927763,33.341229],[44.3927306,33.3412126],[44.392654,33.3411851],[44.3926402,33.3411771],[44.392631,33.3411653],[44.3926279,33.3411515],[44.3926314,33.3411377],[44.3926409,33.3411261],[44.3926549,33.3411184],[44.3926714,33.3411159],[44.3926879,33.3411188],[44.3927768,33.3411507],[44.3928628,33.3411815],[44.3929501,33.3410357],[44.3927781,33.3409584],[44.3927419,33.3409421],[44.3924563,33.3408138],[44.3924234,33.3407989],[44.3921344,33.3406864],[44.3920885,33.3406685],[44.3920163,33.3406404],[44.3920136,33.3406393],[44.3918127,33.3405461],[44.3916356,33.340464],[44.3914894,33.3406248],[44.3914524,33.3406655],[44.391423,33.3406978],[44.3913088,33.3408229],[44.3914877,33.340886],[44.3916319,33.3409369],[44.3918096,33.3409996],[44.3921316,33.3411132],[44.3921345,33.3411143],[44.3921367,33.3411151],[44.3923704,33.3412109],[44.3924534,33.3412449],[44.3927753,33.3413769],[44.3929285,33.3414397],[44.3929418,33.3414482],[44.3929503,33.3414604],[44.3929525,33.3414743],[44.3929494,33.3414841],[44.3929482,33.3414879],[44.3929381,33.3414991],[44.3929235,33.3415062],[44.3929069,33.3415081],[44.3928907,33.3415045],[44.3928398,33.3414836],[44.3927748,33.341457],[44.3924529,33.341325],[44.3921722,33.34121],[44.3921311,33.3411931],[44.3921,33.3411804],[44.3918091,33.3410777],[44.3914871,33.3409641],[44.3914071,33.3409359],[44.3912556,33.3408824],[44.3912101,33.3409349],[44.3911643,33.3409877],[44.3911438,33.3410113],[44.391164,33.341023],[44.3911682,33.3410254],[44.3911691,33.3410262],[44.3911702,33.3410267],[44.3912016,33.3410487],[44.3912036,33.3410503],[44.3912327,33.3410755],[44.3912342,33.3410769],[44.3912605,33.3411041],[44.3912621,33.3411059],[44.3912851,33.341135],[44.3912863,33.3411368],[44.391306,33.3411673],[44.3913071,33.3411693],[44.391323,33.341201],[44.3913239,33.3412032],[44.391325,33.341206],[44.3913322,33.3412258],[44.3913359,33.3412358],[44.3913366,33.3412381],[44.3913444,33.3412714],[44.3913449,33.3412742],[44.3913477,33.3413075],[44.3913477,33.3413101],[44.3913471,33.341321],[44.3914844,33.3413767],[44.3917356,33.3414784],[44.3918063,33.3415071],[44.391836,33.3415191],[44.3921281,33.3416346],[44.3924257,33.3417522],[44.39245,33.3417618],[44.3926111,33.3418255],[44.3926246,33.3418338],[44.3926333,33.3418459],[44.3926358,33.3418598],[44.3926317,33.3418735],[44.3926217,33.3418848],[44.3926073,33.341892],[44.3925907,33.3418941],[44.3925744,33.3418907],[44.3924495,33.3418413],[44.3922215,33.3417512],[44.3921276,33.3417141],[44.3918392,33.3416001],[44.3918052,33.3416654],[44.391788,33.3416985],[44.391805,33.3417024],[44.3918987,33.3417244],[44.3919034,33.3417257],[44.3919743,33.3417501],[44.3920533,33.3417772],[44.3920614,33.3417808],[44.3921269,33.3418187],[44.3921439,33.3418285],[44.3921556,33.3418386],[44.3921618,33.3418517],[44.3921615,33.3418657],[44.3921549,33.3418786],[44.3921429,33.3418885],[44.3921273,33.3418937],[44.3921264,33.3418936],[44.3921105,33.3418935],[44.392095,33.3418879],[44.3920164,33.3418425],[44.3918731,33.3417933],[44.3918045,33.3417772],[44.3917246,33.3417585],[44.3915485,33.3417709],[44.3916085,33.3418363],[44.3916159,33.3418489],[44.391617,33.341863],[44.3916116,33.3418763],[44.3916005,33.3418869],[44.3915855,33.3418931],[44.3915687,33.3418941],[44.3915528,33.3418895],[44.3915402,33.3418803],[44.3914815,33.3418161],[44.3914322,33.3417624],[44.3914186,33.3417475],[44.3913517,33.3416742],[44.3912294,33.3417466],[44.3911589,33.3417883],[44.3910737,33.3418387],[44.3910752,33.3418412],[44.3910802,33.3418546],[44.3910787,33.3418686],[44.3910709,33.3418811],[44.391058,33.3418901],[44.3910419,33.3418943],[44.3910252,33.341893],[44.3910103,33.3418864],[44.3909996,33.3418756],[44.3909989,33.3418745],[44.3909545,33.3418913],[44.3909381,33.3418945],[44.3909216,33.3418922],[44.3909073,33.3418847],[44.3908976,33.3418733],[44.3908938,33.3418595],[44.3908965,33.3418457],[44.3909054,33.3418337],[44.3909191,33.3418255],[44.390958,33.3418108],[44.3909161,33.3417451],[44.3908759,33.3416822],[44.3908774,33.3416459],[44.390922,33.3415866],[44.3909394,33.3415086],[44.3909134,33.3414968],[44.3909109,33.3414955],[44.3908772,33.3414761],[44.3908751,33.3414747],[44.3908747,33.3414744],[44.3908435,33.3414523],[44.3908427,33.3414515],[44.3908417,33.3414509],[44.3908385,33.3414482],[44.3908127,33.3414261],[44.3908106,33.3414241],[44.3908057,33.3414188],[44.39074,33.3414516],[44.3907349,33.3414738],[44.3907325,33.3414842],[44.3905146,33.3416158],[44.3904987,33.3416254],[44.3905144,33.3416506],[44.3905721,33.3417435],[44.3906332,33.3418418],[44.3906379,33.3418553],[44.3906361,33.3418693],[44.3906281,33.3418817],[44.390615,33.3418905],[44.3905989,33.3418944],[44.3905822,33.3418929],[44.3905674,33.3418861],[44.3905569,33.3418752],[44.3905134,33.3418051],[44.3904748,33.3417431],[44.3904282,33.3416681],[44.3903094,33.3417399],[44.3903057,33.3417423],[44.390257,33.3417733],[44.3902925,33.3418447],[44.3902958,33.3418585],[44.3902926,33.3418723],[44.3902833,33.341884],[44.3902694,33.3418918],[44.3902529,33.3418946],[44.3902364,33.3418919],[44.3902224,33.3418841],[44.3902131,33.3418724],[44.3901905,33.341827],[44.3901863,33.3418185],[44.3901633,33.3418332],[44.3900894,33.341886],[44.3900747,33.3418929],[44.390058,33.3418945],[44.3900419,33.3418907],[44.3900287,33.341882],[44.3900205,33.3418697],[44.3900189,33.3418582],[44.3899792,33.3418862],[44.3899645,33.341893],[44.3899478,33.3418946],[44.3899317,33.3418906],[44.3899186,33.3418818],[44.3899135,33.3418741],[44.3898677,33.3418422],[44.3898303,33.3418161],[44.38983,33.3418158],[44.3898296,33.3418156],[44.3898237,33.3418112],[44.3898187,33.3418075],[44.3897191,33.3417395],[44.3896684,33.3417049],[44.3896674,33.3417042],[44.3895465,33.3416133],[44.3895314,33.3416019],[44.3895306,33.3416013],[44.3894423,33.3415298],[44.3894409,33.3415317],[44.3894387,33.3415347],[44.389395,33.3415853],[44.3893638,33.341629],[44.3894898,33.3417322],[44.3894981,33.3417385],[44.3895454,33.3417741],[44.3896221,33.3418319],[44.3896322,33.3418431],[44.3896363,33.3418568],[44.389634,33.3418707],[44.3896254,33.3418828],[44.3896119,33.3418912],[44.3895957,33.3418947],[44.3895791,33.3418927],[44.3895646,33.3418855],[44.3895448,33.3418706],[44.3894317,33.3417854],[44.3894303,33.3417844],[44.3893736,33.3417379],[44.3892809,33.341662],[44.3892237,33.3416238],[44.389202,33.3416093],[44.3891994,33.3416074],[44.3890953,33.3415256],[44.3890858,33.3414839],[44.3890958,33.3414661],[44.3891127,33.3414359],[44.3891193,33.3414178],[44.3891193,33.3413998],[44.3891011,33.341364],[44.3890888,33.3413518],[44.3889884,33.3414217],[44.3889367,33.3414653],[44.3889018,33.3414948],[44.3888635,33.3415271],[44.3888813,33.3415394],[44.388892,33.3415503],[44.3888969,33.3415638],[44.3888952,33.3415778],[44.3888873,33.3415902],[44.3888743,33.3415991],[44.3888582,33.3416032],[44.3888415,33.3416018],[44.3888267,33.3415952],[44.3888039,33.3415795],[44.3887372,33.3416409],[44.3888913,33.3417356],[44.3889002,33.3417411],[44.3889823,33.3417916],[44.3889837,33.3417925],[44.3890408,33.3418306],[44.3890516,33.3418413],[44.3890568,33.3418547],[44.3890554,33.3418688],[44.3890477,33.3418813],[44.3890348,33.3418904],[44.3890188,33.3418946],[44.3890021,33.3418935],[44.3889872,33.341887],[44.3889308,33.3418494],[44.3888996,33.3418302],[44.3887447,33.341735],[44.3886727,33.3416906],[44.3886679,33.3416934],[44.3886655,33.3416948],[44.3886411,33.3417073],[44.3886361,33.3417095],[44.3885775,33.3417312],[44.3885724,33.3417331],[44.3885692,33.3417341],[44.3885473,33.3417406],[44.3885093,33.3417339],[44.3885035,33.3417328],[44.3883898,33.3416431],[44.3882949,33.3415715],[44.3882556,33.3416042],[44.388117,33.3417199],[44.3881062,33.341732],[44.3880921,33.3417478],[44.3881603,33.34184],[44.3881663,33.3418531],[44.3881657,33.3418672],[44.3881588,33.34188],[44.3881465,33.3418896],[44.3881308,33.3418946],[44.388114,33.3418941],[44.3880987,33.3418883],[44.3880872,33.341878],[44.3880089,33.3417723],[44.3880028,33.3417578],[44.3880014,33.3417489],[44.3880047,33.3417315],[44.3880052,33.3417291],[44.3880099,33.3417207],[44.3880144,33.3417144],[44.3880499,33.3416746],[44.388054,33.3416706],[44.3882312,33.3415228],[44.3882168,33.3415116],[44.3881652,33.341485],[44.3881625,33.3414835],[44.3881262,33.3414615],[44.3881123,33.3414532],[44.388107,33.3414494],[44.3879674,33.3413322],[44.3879581,33.3413205],[44.3879548,33.3413067],[44.3879581,33.3412929],[44.3879675,33.3412812],[44.3879814,33.3412734],[44.3879979,33.3412706],[44.3880144,33.3412734],[44.3880283,33.3412812],[44.3881655,33.3413964],[44.3882116,33.3414242],[44.3882377,33.3414377],[44.3882568,33.3414228],[44.3883866,33.3413218],[44.3883946,33.3413177],[44.3883605,33.3412377],[44.3883615,33.3412115],[44.3883712,33.3411922],[44.3883869,33.3411611],[44.3883946,33.341151],[44.3884852,33.3410671],[44.3884987,33.3410587],[44.388515,33.3410552],[44.3885316,33.3410573],[44.388546,33.3410645],[44.388556,33.3410758],[44.3885601,33.3410894],[44.3885577,33.3411034],[44.3885491,33.3411154],[44.3884658,33.3411926],[44.3884633,33.3411949],[44.3884472,33.3412267],[44.3884821,33.3413087],[44.3885042,33.3413146],[44.3885267,33.3413155],[44.3885805,33.3412758],[44.3886646,33.3412137],[44.3886791,33.3412067],[44.3886958,33.3412048],[44.388712,33.3412084],[44.3887254,33.3412169],[44.3887338,33.3412291],[44.388736,33.3412431],[44.3887317,33.3412567],[44.3887215,33.3412679],[44.3885799,33.3413724],[44.3885705,33.3413793],[44.38854,33.3413883],[44.3884944,33.3413865],[44.3884833,33.3413848],[44.3884501,33.3413759],[44.3884391,33.3413794],[44.3883323,33.3414625],[44.3883063,33.3414827],[44.3883224,33.3414952],[44.3884477,33.3415897],[44.3884485,33.3415903],[44.3885432,33.341665],[44.3885726,33.3416541],[44.3885532,33.3416369],[44.3885443,33.341625],[44.3885414,33.3416112],[44.3885451,33.3415974],[44.3885548,33.3415859],[44.388569,33.3415784],[44.3885785,33.3415771],[44.3885856,33.3415761],[44.388602,33.3415792],[44.3886157,33.3415873],[44.388648,33.3416158],[44.3887678,33.3415056],[44.3887691,33.3415045],[44.3888161,33.3414648],[44.3889025,33.3413918],[44.3889287,33.3413697],[44.3889318,33.3413673],[44.3890665,33.3412736],[44.389137,33.3412247],[44.3891097,33.3411956],[44.3889053,33.3409779],[44.3888546,33.3409239],[44.3886995,33.3407587],[44.3886536,33.3407165],[44.3886215,33.3407328],[44.388584,33.3407534],[44.3882787,33.3409212],[44.3882601,33.3409314],[44.3880899,33.341025],[44.3880246,33.3410686],[44.3880097,33.341075],[44.387993,33.3410762],[44.387977,33.3410719],[44.3879641,33.3410628],[44.3879564,33.3410503],[44.387955,33.3410363],[44.3879601,33.3410229],[44.387971,33.3410122],[44.3880125,33.3409844],[44.387981,33.3409198],[44.3879579,33.3408727],[44.3879547,33.3408589],[44.387958,33.3408451],[44.3879674,33.3408334],[44.3879814,33.3408256],[44.3879979,33.340823],[44.3880143,33.3408257],[44.3880283,33.3408336],[44.3880375,33.3408453],[44.3880742,33.3409203],[44.3880846,33.3409416],[44.3881231,33.3409205],[44.3882607,33.3408449],[44.3885749,33.3406722],[44.3885761,33.3406716],[44.3885846,33.3406672],[44.3885933,33.3406628],[44.3885847,33.3406552],[44.3885811,33.3406521],[44.3882684,33.3403801],[44.3882638,33.3403761],[44.3880351,33.3401771],[44.388018,33.3401941],[44.3880098,33.3401995],[44.3879997,33.340202],[44.3879893,33.340201],[44.3879801,33.3401967],[44.3879736,33.3401898],[44.3879707,33.3401814],[44.3879719,33.3401727],[44.387977,33.340165],[44.3879961,33.340146],[44.3879799,33.3401343],[44.3879734,33.3401273],[44.3879707,33.3401189],[44.3879719,33.3401101],[44.3879733,33.3401082],[44.3879771,33.3401025],[44.3879854,33.3400971],[44.3879955,33.3400947],[44.3880059,33.3400958],[44.3880151,33.3401002],[44.3880265,33.3401085],[44.3880316,33.3401122],[44.3880357,33.3401085],[44.3880393,33.3401052],[44.3880397,33.3401049],[44.38804,33.3401046],[44.3882669,33.3399132],[44.3883543,33.3398395],[44.3883902,33.3398092],[44.3883916,33.3398082],[44.388545,33.339695],[44.3885039,33.339654],[44.3884633,33.3396137],[44.3884188,33.3395692],[44.3883752,33.3395259],[44.3883775,33.339512],[44.3883773,33.3395115],[44.3883772,33.3395027],[44.38838,33.3394968],[44.3883807,33.3394927],[44.3883885,33.3394882],[44.3885932,33.3393716],[44.3887186,33.3393001],[44.3887285,33.3392945],[44.3886443,33.3391885],[44.3886403,33.3391804],[44.3886403,33.3391716],[44.3886444,33.3391634],[44.3886518,33.3391572],[44.3886615,33.3391539],[44.388672,33.3391539],[44.3886817,33.3391573],[44.3886891,33.3391635],[44.388788,33.3392881],[44.3887851,33.3393004],[44.3887807,33.3393192],[44.3885929,33.3394263],[44.3884356,33.3395159],[44.3884894,33.3395696],[44.3885045,33.3395846],[44.3885285,33.3396085],[44.3885893,33.33957],[44.3885919,33.3395684],[44.3887618,33.3394607],[44.3887624,33.3394603],[44.388916,33.3393686],[44.3890118,33.3393115],[44.3889965,33.339308],[44.3889827,33.3393014],[44.388978,33.3392991],[44.3889697,33.3392924],[44.3889694,33.339292],[44.388969,33.3392918],[44.3889168,33.3392473],[44.3886614,33.3390293],[44.388608,33.3389838],[44.3885988,33.338972],[44.388596,33.3389596],[44.3885957,33.3389582],[44.388596,33.3389568],[44.3885991,33.3389444],[44.3886085,33.3389327],[44.3886226,33.338925],[44.3886391,33.3389224],[44.3886555,33.3389253],[44.3886694,33.3389332],[44.3887827,33.3390299],[44.3889175,33.3391449],[44.3890299,33.3392409],[44.3890514,33.3392458],[44.3890899,33.3392439],[44.3890906,33.3392439],[44.3891323,33.3392423],[44.3891256,33.3392357],[44.3889182,33.3390377],[44.3889107,33.3390305],[44.3886259,33.3387586],[44.3885975,33.3387315],[44.3883412,33.3384868],[44.3882768,33.3384253],[44.3880565,33.3382149],[44.3879645,33.3381271],[44.3879562,33.338115],[44.387956,33.3381149],[44.3879538,33.3381009],[44.3879563,33.3380933],[44.3879582,33.3380873],[44.3879684,33.3380762],[44.3879829,33.3380691],[44.3879996,33.3380673],[44.3880158,33.3380709],[44.3880291,33.3380795],[44.3881716,33.3382155],[44.3882775,33.3383167],[44.3884563,33.3384873],[44.3885982,33.3386228],[44.388741,33.3387592],[44.3889189,33.338929],[44.3890257,33.339031],[44.3891904,33.3391883],[44.3891906,33.3391885],[44.3891908,33.3391886],[44.3892164,33.3392136],[44.3892237,33.3392082],[44.3890393,33.3390311],[44.388919,33.3389156],[44.3888211,33.3388216],[44.3888254,33.3387706],[44.3888405,33.3387596],[44.388868,33.3387397],[44.3888576,33.3387291],[44.3888575,33.338729],[44.3888574,33.3387289],[44.3887772,33.3386455],[44.3887724,33.3386377],[44.3887714,33.3386289],[44.3887746,33.3386205],[44.3887813,33.3386138],[44.3887906,33.3386097],[44.3888011,33.3386089],[44.3888111,33.3386116],[44.3888191,33.3386172],[44.3888992,33.3387006],[44.3889086,33.3387102],[44.3889204,33.3387016],[44.3892105,33.3384909],[44.3892447,33.338466],[44.389569,33.3382304],[44.3895805,33.3382221],[44.3897125,33.3381261],[44.3897095,33.3381236],[44.3897091,33.338123],[44.3897085,33.3381226],[44.3896075,33.3380254],[44.3896023,33.3380178],[44.3896009,33.3380091],[44.3896037,33.3380006],[44.3896101,33.3379936],[44.3896192,33.3379893],[44.3896296,33.3379882],[44.3896397,33.3379905],[44.389648,33.3379958],[44.3897485,33.3380925],[44.3897532,33.3380966],[44.3898933,33.3379948],[44.3899505,33.3379533],[44.3900879,33.3378535],[44.3902176,33.3377593],[44.3903206,33.3376845],[44.3905419,33.3375237],[44.3906907,33.3374157],[44.3908662,33.3372882],[44.3910285,33.3371703],[44.3910607,33.3371469],[44.3911905,33.3370526],[44.3914307,33.3368781],[44.3914585,33.3368579],[44.3915148,33.3368157],[44.3915611,33.336781],[44.3917901,33.3366093],[44.3918391,33.3365725],[44.3921486,33.3363404],[44.3921635,33.3363293],[44.3924878,33.336086],[44.3925071,33.3360716],[44.3928122,33.3358428],[44.3928656,33.3358027],[44.3931365,33.3355995],[44.3932055,33.3355478],[44.3932062,33.3355472],[44.3932249,33.3355339],[44.3934608,33.3353654],[44.3936011,33.3352651],[44.3937851,33.3351337],[44.3939773,33.3349964],[44.3941093,33.334902],[44.3941984,33.3348384],[44.3941989,33.334838],[44.394358,33.3347276],[44.3944336,33.3346751],[44.3947451,33.3344589],[44.3947578,33.3344501],[44.395082,33.3342251],[44.3951322,33.3341902],[44.3954062,33.334],[44.3955194,33.3339215],[44.3956649,33.3338205],[44.3955627,33.3336926],[44.3955587,33.3336845],[44.3955587,33.3336757],[44.3955627,33.3336675],[44.3955701,33.3336613],[44.3955798,33.3336579],[44.3955903,33.3336579],[44.3956,33.3336613],[44.3956074,33.3336675],[44.3957065,33.3337916],[44.3957305,33.333775],[44.3959065,33.3336528],[44.3960547,33.3335499],[44.3961304,33.3334973],[44.3961306,33.3334972],[44.3962955,33.3333841],[44.3963789,33.3333269],[44.3966136,33.3331659],[44.3966688,33.3331663],[44.3967025,33.3331905],[44.3969777,33.3333873],[44.3970237,33.3334202],[44.3971593,33.3335171],[44.3971641,33.3335223],[44.3971691,33.3335273],[44.3971693,33.3335278],[44.3971697,33.3335282],[44.3971718,33.3335345],[44.3971741,33.3335407],[44.3971741,33.3335412],[44.3971743,33.3335417],[44.3971733,33.3335482],[44.3971726,33.3335547],[44.3971724,33.3335552],[44.3971723,33.3335557],[44.3971685,33.3335614],[44.3971649,33.3335672],[44.3970773,33.3336583],[44.3970218,33.333716],[44.3969332,33.333808],[44.3970208,33.3338599],[44.3971376,33.3339291],[44.3973423,33.3340503],[44.3973845,33.3340753],[44.3974471,33.3340168],[44.3974481,33.334016],[44.3975452,33.333931],[44.3976438,33.3338447],[44.3973952,33.3336597],[44.3973451,33.3336225],[44.3972396,33.3335439],[44.3972381,33.3335428],[44.3971479,33.3334691],[44.3970351,33.3333875],[44.397024,33.3333795],[44.3967028,33.3331474],[44.3966584,33.3331153],[44.3966184,33.3330863],[44.3966179,33.333086]]]}},{"type":"Feature","properties":{"kind":"street_edge_area"},"geometry":{"type":"Polygon","coordinates":[[[44.3893019,33.3392996],[44.3893289,33.3392814],[44.3893407,33.3392934],[44.3893365,33.3392953],[44.3893319,33.3392973],[44.3893236,33.339303],[44.3893126,33.3393105],[44.3893051,33.3393029],[44.3893019,33.3392996]]]}},{"type":"Feature","properties":{"kind":"street_edge_area"},"geometry":{"type":"Polygon","coordinates":[[[44.3893708,33.3392531],[44.3894889,33.3391731],[44.38952,33.3391528],[44.3895629,33.3391411],[44.3896579,33.3391152],[44.3896648,33.3391123],[44.3898003,33.3390347],[44.3898867,33.3389851],[44.3899301,33.3389602],[44.3901896,33.3388218],[44.3902106,33.3388119],[44.3903068,33.3387665],[44.3905343,33.3386593],[44.3906445,33.3386073],[44.3907809,33.3385539],[44.3908374,33.3386082],[44.3908365,33.3386186],[44.3908418,33.338632],[44.3908528,33.3386426],[44.3908572,33.3386444],[44.3908679,33.3386489],[44.3908846,33.3386499],[44.3909005,33.3386455],[44.3909571,33.3386184],[44.3910118,33.3386894],[44.3910729,33.3387701],[44.3910861,33.3387875],[44.3911471,33.3388888],[44.391162,33.3389381],[44.3909814,33.3390402],[44.390854,33.3391121],[44.3905301,33.3392951],[44.3905234,33.3392989],[44.390516,33.3393052],[44.3905144,33.3393085],[44.390512,33.3393133],[44.3905121,33.3393221],[44.3905161,33.3393302],[44.3905236,33.3393364],[44.3905298,33.3393385],[44.3905333,33.3393397],[44.3905438,33.3393397],[44.3905535,33.3393363],[44.3906019,33.3393089],[44.3908537,33.3391667],[44.3910768,33.3390406],[44.3911681,33.3389891],[44.3911692,33.3390022],[44.3911672,33.3390411],[44.3911662,33.3390616],[44.3911503,33.3391882],[44.39115,33.3391911],[44.3911477,33.3392652],[44.3911478,33.3392653],[44.3910762,33.3393112],[44.3908518,33.3394548],[44.3906566,33.3395797],[44.3905319,33.3396596],[44.3905277,33.3396544],[44.3904662,33.3395788],[44.3903298,33.3394112],[44.3903145,33.3393997],[44.3902602,33.3393754],[44.3902213,33.3393747],[44.3902068,33.3393806],[44.3901564,33.3394008],[44.3901464,33.3394064],[44.389919,33.3395763],[44.3898826,33.3396034],[44.3897183,33.3397262],[44.3895708,33.3395746],[44.3895601,33.3395637],[44.3894565,33.3394572],[44.3894752,33.3394447],[44.3895037,33.3394254],[44.3895077,33.3393936],[44.3894689,33.3393537],[44.3895618,33.3393085],[44.3895707,33.3393041],[44.3896905,33.3392458],[44.3897298,33.3393049],[44.3898007,33.3394116],[44.3898378,33.3394201],[44.389884,33.3393974],[44.3899747,33.3393529],[44.3899802,33.3393492],[44.3900308,33.3393063],[44.3901253,33.3392259],[44.390131,33.3392186],[44.390133,33.33921],[44.3901309,33.3392013],[44.390125,33.3391941],[44.3901162,33.3391892],[44.3901059,33.3391876],[44.3900956,33.3391893],[44.390087,33.3391943],[44.3899556,33.3393059],[44.3899444,33.3393155],[44.3898843,33.339345],[44.3898343,33.3393695],[44.3897915,33.3393051],[44.3897241,33.3392038],[44.3896871,33.3391952],[44.3895622,33.3392561],[44.3894647,33.3393036],[44.3894345,33.3393184],[44.3894199,33.3393034],[44.3893708,33.3392531]]]}},{"type":"Feature","properties":{"kind":"street_edge_area"},"geometry":{"type":"Polygon","coordinates":[[[44.3911746,33.3393049],[44.3911755,33.3393056],[44.391182,33.3393117],[44.3912913,33.3394118],[44.3911741,33.3395065],[44.3910813,33.3395817],[44.3908497,33.3397691],[44.3907938,33.3398143],[44.3907878,33.3398216],[44.3907856,33.3398302],[44.3907875,33.3398388],[44.3907931,33.3398462],[44.3908012,33.3398509],[44.3908018,33.3398512],[44.390812,33.3398531],[44.3908223,33.3398515],[44.3908233,33.339851],[44.3908312,33.3398468],[44.3908492,33.3398322],[44.3911582,33.3395821],[44.3911737,33.3395696],[44.3913276,33.339445],[44.3913726,33.3394862],[44.3913742,33.3394876],[44.3914093,33.3395166],[44.3914479,33.3395484],[44.3914062,33.3395832],[44.3913117,33.3396622],[44.3913062,33.3396875],[44.3913234,33.3397195],[44.3911931,33.3398528],[44.3911717,33.3398746],[44.3911324,33.3399148],[44.3911165,33.3399086],[44.3910862,33.3399131],[44.391003,33.3399826],[44.3909971,33.3399899],[44.3909951,33.3399985],[44.3909971,33.3400071],[44.3910029,33.3400144],[44.3910116,33.3400193],[44.3910219,33.3400211],[44.3910322,33.3400194],[44.3910409,33.3400145],[44.3911109,33.3399561],[44.3911287,33.339963],[44.3911608,33.3399568],[44.3911712,33.3399462],[44.3912623,33.3398531],[44.3913756,33.3397372],[44.3913793,33.3397136],[44.3913628,33.3396831],[44.3914819,33.3395836],[44.3914862,33.33958],[44.3914906,33.3395836],[44.3914963,33.3395884],[44.3916088,33.3396813],[44.3916098,33.339682],[44.391751,33.3397918],[44.3918173,33.3398433],[44.3918291,33.3398524],[44.3918313,33.339854],[44.3918339,33.3398558],[44.3920183,33.3399801],[44.3919101,33.3400849],[44.3918672,33.3401264],[44.3918586,33.3401348],[44.3918453,33.3401263],[44.3918156,33.3401074],[44.391553,33.3399402],[44.3915436,33.3399363],[44.3915331,33.3399358],[44.3915232,33.3399386],[44.3915153,33.3399445],[44.3915107,33.3399524],[44.3915101,33.3399612],[44.3915135,33.3399695],[44.3915205,33.3399761],[44.3917557,33.3401259],[44.3918152,33.3401638],[44.3918233,33.340169],[44.3918151,33.3401769],[44.3915913,33.3403937],[44.3915897,33.3403955],[44.3915895,33.3403957],[44.3914902,33.3405049],[44.3913857,33.3406198],[44.391168,33.3404219],[44.3911368,33.3403935],[44.3911064,33.3403658],[44.390908,33.3401219],[44.3908478,33.340048],[44.3906871,33.3398504],[44.3905622,33.3396969],[44.3907446,33.3395801],[44.3908514,33.3395118],[44.3911641,33.3393116],[44.3911746,33.3393049]]]}},{"type":"Feature","properties":{"kind":"street_edge_area"},"geometry":{"type":"Polygon","coordinates":[[[44.3913327,33.340678],[44.39126,33.3407577],[44.3911765,33.3407073],[44.3911662,33.3407033],[44.3911612,33.3407014],[44.3911444,33.3407009],[44.3911287,33.3407058],[44.3911164,33.3407154],[44.3911095,33.3407282],[44.3911089,33.3407423],[44.3911147,33.3407555],[44.3911262,33.3407658],[44.3911656,33.3407896],[44.3912077,33.3408151],[44.3912067,33.3408162],[44.3912061,33.3408169],[44.3911651,33.3408641],[44.3911041,33.3409344],[44.3910661,33.3409783],[44.3910565,33.340975],[44.3910548,33.3409747],[44.3910533,33.3409741],[44.3910147,33.3409656],[44.3910114,33.3409651],[44.3909805,33.3409617],[44.390977,33.3409615],[44.3909293,33.3409614],[44.3909242,33.3409618],[44.3908856,33.3409679],[44.3908835,33.3409686],[44.3908813,33.3409689],[44.3908439,33.3409805],[44.3908416,33.3409814],[44.3908394,33.3409823],[44.3908235,33.3409902],[44.3907793,33.3409329],[44.3906553,33.340772],[44.3906545,33.340771],[44.3905636,33.3406614],[44.3905213,33.3406104],[44.3903818,33.3404421],[44.3903806,33.3404407],[44.3903339,33.3403898],[44.390201,33.340245],[44.390131,33.3401686],[44.3900845,33.3401181],[44.3899136,33.3399322],[44.3898806,33.3398965],[44.3898344,33.3398464],[44.3898193,33.33983],[44.3898186,33.3398293],[44.3897727,33.3397821],[44.3898819,33.3397005],[44.3900475,33.3395769],[44.3901991,33.3394637],[44.3902063,33.3394608],[44.3902389,33.3394477],[44.3902647,33.3394592],[44.3903616,33.3395783],[44.3904772,33.3397205],[44.3905269,33.3397815],[44.3905825,33.3398499],[44.3908034,33.3401215],[44.390847,33.340175],[44.3910243,33.340393],[44.391037,33.3404087],[44.391041,33.3404128],[44.3911673,33.3405277],[44.3913183,33.3406649],[44.3913327,33.340678]]]}},{"type":"Feature","properties":{"kind":"street_edge_area"},"geometry":{"type":"Polygon","coordinates":[[[44.3910332,33.3410163],[44.3910233,33.3410276],[44.3910191,33.3410269],[44.3909912,33.3410238],[44.3909846,33.3410235],[44.3909563,33.341024],[44.3909494,33.3410246],[44.3909218,33.3410289],[44.3909145,33.3410306],[44.3908879,33.341039],[44.390881,33.3410418],[44.3908682,33.3410482],[44.3908528,33.3410281],[44.3908649,33.3410221],[44.3908978,33.3410119],[44.3909317,33.3410065],[44.3909752,33.3410066],[44.3910027,33.3410096],[44.3910332,33.3410163]]]}},{"type":"Feature","properties":{"kind":"street_edge_area"},"geometry":{"type":"Polygon","coordinates":[[[44.3911066,33.3410543],[44.3911122,33.3410478],[44.3911366,33.3410619],[44.3911636,33.3410809],[44.391166,33.3410825],[44.3911932,33.3411061],[44.3912179,33.3411316],[44.3912395,33.341159],[44.391258,33.3411878],[44.391267,33.3412057],[44.3912729,33.3412175],[44.3912809,33.3412392],[44.3912841,33.341248],[44.3912913,33.3412787],[44.391293,33.3412991],[44.3912798,33.3412937],[44.3912798,33.3412897],[44.3912777,33.3412659],[44.3912771,33.3412616],[44.3912716,33.3412378],[44.3912704,33.3412339],[44.3912618,33.3412106],[44.3912603,33.3412073],[44.3912595,33.3412057],[44.3912489,33.3411847],[44.3912473,33.3411818],[44.3912333,33.3411598],[44.3912312,33.3411568],[44.3912147,33.3411361],[44.3912123,33.3411334],[44.3911935,33.3411139],[44.3911911,33.3411116],[44.3911704,33.3410937],[44.391167,33.341091],[44.3911636,33.3410886],[44.3911445,33.3410753],[44.3911414,33.3410733],[44.3911173,33.3410594],[44.3911131,33.3410573],[44.3911066,33.3410543]]]}},{"type":"Feature","properties":{"kind":"street_edge_area"},"geometry":{"type":"Polygon","coordinates":[[[44.3916911,33.3404073],[44.3917026,33.3403962],[44.3918144,33.3402879],[44.3919078,33.3401973],[44.3919532,33.3401535],[44.3921375,33.3402319],[44.3924593,33.340369],[44.3925323,33.3404001],[44.3927811,33.340506],[44.3931029,33.340643],[44.3931747,33.3406736],[44.3932718,33.3407149],[44.3932497,33.3407528],[44.3932458,33.3407738],[44.3932565,33.3408365],[44.3932583,33.340843],[44.3932722,33.3408777],[44.3932723,33.3409149],[44.393255,33.3409445],[44.3931902,33.3410554],[44.3931004,33.3410186],[44.3930269,33.3409884],[44.3929259,33.340943],[44.3927786,33.3408768],[44.3924629,33.3407349],[44.3924607,33.340734],[44.3924569,33.3407325],[44.3922952,33.3406695],[44.392135,33.3406071],[44.3920539,33.3405755],[44.3918132,33.3404639],[44.3916911,33.3404073]]]}},{"type":"Feature","properties":{"kind":"street_edge_area"},"geometry":{"type":"Polygon","coordinates":[[[44.3920112,33.3400973],[44.3921126,33.339999],[44.3921129,33.3399988],[44.3921392,33.3399727],[44.3922556,33.3398577],[44.3923113,33.3398027],[44.3924356,33.3398586],[44.3924626,33.3398707],[44.3927844,33.3400155],[44.3930432,33.3401319],[44.3931061,33.3401602],[44.3934279,33.340305],[44.3934779,33.3403275],[44.3935174,33.340328],[44.393621,33.3402847],[44.3936818,33.3404055],[44.39373,33.3405013],[44.3937491,33.3405392],[44.3938182,33.3406766],[44.3938791,33.3407975],[44.3937897,33.3407975],[44.3937474,33.3407899],[44.3936436,33.3407711],[44.3934253,33.3406938],[44.3933709,33.3406745],[44.3933472,33.3406661],[44.3931034,33.3405623],[44.3927816,33.3404253],[44.3927245,33.340401],[44.3924598,33.3402883],[44.392138,33.3401513],[44.3920821,33.3401274],[44.3920112,33.3400973]]]}},{"type":"Feature","properties":{"kind":"street_edge_area"},"geometry":{"type":"Polygon","coordinates":[[[44.3923675,33.3397461],[44.3924641,33.3396473],[44.3925217,33.3395885],[44.3927852,33.3393192],[44.392789,33.3393153],[44.3929117,33.3391899],[44.3929513,33.3392185],[44.3929897,33.3392463],[44.3930414,33.3393204],[44.3931111,33.3394202],[44.3932308,33.3395918],[44.3933784,33.3398031],[44.3934086,33.3398631],[44.3934305,33.3399066],[44.3935453,33.3401343],[44.3935875,33.3402181],[44.3934989,33.3402551],[44.3934284,33.3402234],[44.3932271,33.3401328],[44.3931067,33.3400786],[44.3927849,33.3399339],[44.3926195,33.3398594],[44.3924631,33.3397891],[44.3923675,33.3397461]]]}},{"type":"Feature","properties":{"kind":"street_edge_area"},"geometry":{"type":"Polygon","coordinates":[[[44.3929667,33.3391343],[44.3930171,33.339084],[44.3930388,33.3390997],[44.3929873,33.3391492],[44.3929667,33.3391343]]]}},{"type":"Feature","properties":{"kind":"street_edge_area"},"geometry":{"type":"Polygon","coordinates":[[[44.3930759,33.339227],[44.3931126,33.3391914],[44.3931298,33.3391746],[44.3931727,33.3392056],[44.3931774,33.3392086],[44.393266,33.3392566],[44.3932776,33.3392611],[44.393379,33.3392853],[44.3933917,33.3392867],[44.3934347,33.339286],[44.3934969,33.339285],[44.3935094,33.3392833],[44.3935936,33.3392603],[44.3937572,33.3393209],[44.3937649,33.3393238],[44.3939359,33.339387],[44.3940791,33.33944],[44.3941533,33.3394674],[44.394401,33.3395591],[44.3945055,33.3395977],[44.394723,33.3396782],[44.3950449,33.3397973],[44.3950823,33.3398111],[44.3950852,33.3398121],[44.3952653,33.3398657],[44.3952574,33.3398718],[44.3950433,33.3400391],[44.3949133,33.3401407],[44.3948668,33.340177],[44.3947736,33.34014],[44.39472,33.3401188],[44.394619,33.3400787],[44.3944764,33.3400203],[44.3944751,33.3400198],[44.3943982,33.3399911],[44.3940762,33.3398709],[44.3940637,33.3398662],[44.3937543,33.3397507],[44.3936131,33.3396979],[44.3935805,33.3396971],[44.3934358,33.3397425],[44.3934317,33.3397366],[44.3933309,33.3395922],[44.3931414,33.3393208],[44.393112,33.3392787],[44.3930759,33.339227]]]}},{"type":"Feature","properties":{"kind":"street_edge_area"},"geometry":{"type":"Polygon","coordinates":[[[44.3936833,33.3392147],[44.3937061,33.3392014],[44.3937153,33.3391942],[44.3937583,33.3391484],[44.3937796,33.3391258],[44.3937859,33.3391166],[44.3938154,33.3390535],[44.3938236,33.3390358],[44.3938265,33.3390255],[44.3938346,33.3389394],[44.3938337,33.3389289],[44.3938186,33.3388707],[44.394004,33.3387838],[44.3940837,33.3387465],[44.3942094,33.3386877],[44.3942122,33.3386885],[44.3942455,33.3387234],[44.3942655,33.3387526],[44.3942709,33.3387851],[44.3942711,33.3387862],[44.3942622,33.3388174],[44.3941037,33.3390548],[44.3940814,33.3390882],[44.3939349,33.3393078],[44.3937577,33.3392422],[44.3936833,33.3392147]]]}},{"type":"Feature","properties":{"kind":"street_edge_area"},"geometry":{"type":"Polygon","coordinates":[[[44.394014,33.339337],[44.394022,33.339325],[44.3940804,33.3392374],[44.394202,33.3390553],[44.3943402,33.3388483],[44.3943445,33.3388391],[44.3943567,33.3387964],[44.3943574,33.3387855],[44.3943575,33.3387829],[44.3943495,33.3387357],[44.3943443,33.3387228],[44.3943185,33.3386851],[44.3943147,33.3386805],[44.3942869,33.3386513],[44.3944075,33.3385948],[44.3944392,33.3385799],[44.394452,33.3385707],[44.3944596,33.3385582],[44.3944609,33.3385442],[44.3944558,33.3385308],[44.3944449,33.3385201],[44.3944337,33.3385153],[44.3944299,33.3385137],[44.3944132,33.3385126],[44.394408,33.338514],[44.3944036,33.3385152],[44.3943972,33.3385169],[44.3942049,33.3386071],[44.3941827,33.3385955],[44.3941243,33.3385192],[44.3941203,33.3385138],[44.3940856,33.3384685],[44.3940458,33.3384164],[44.3940861,33.3383956],[44.3941924,33.3383406],[44.39421,33.3382971],[44.3941857,33.3382436],[44.3941855,33.3382432],[44.3942085,33.3381739],[44.3942098,33.3381599],[44.3942045,33.3381465],[44.3941936,33.3381358],[44.3941786,33.3381295],[44.3941619,33.3381284],[44.3941459,33.3381328],[44.3941332,33.338142],[44.3941256,33.3381545],[44.3940988,33.3382352],[44.3940992,33.3382432],[44.3941,33.3382578],[44.3941169,33.3382949],[44.3940866,33.3383106],[44.3939994,33.3383557],[44.3939128,33.3382423],[44.3939034,33.3382301],[44.3940619,33.3380688],[44.3940884,33.3380417],[44.3941559,33.337973],[44.394158,33.3379709],[44.39416,33.337973],[44.3944099,33.3382327],[44.3944215,33.3382447],[44.3944925,33.3383185],[44.3946829,33.3385165],[44.3947304,33.3385659],[44.3948153,33.3386542],[44.3948427,33.3386826],[44.3949443,33.3387882],[44.3950509,33.3388991],[44.395138,33.3389896],[44.3952057,33.33906],[44.3952147,33.3390694],[44.3950494,33.3391256],[44.3949518,33.3391588],[44.3947843,33.3390589],[44.3947804,33.339058],[44.3947554,33.3390523],[44.3947271,33.3390545],[44.3946886,33.3390576],[44.3946104,33.3390637],[44.394605,33.3390644],[44.3944626,33.3390911],[44.3944509,33.3390949],[44.394404,33.339117],[44.3943033,33.3391644],[44.3942866,33.3391785],[44.3941904,33.3393257],[44.39419,33.3393264],[44.3941896,33.3393269],[44.3941513,33.3393879],[44.3940796,33.3393613],[44.394014,33.339337]]]}},{"type":"Feature","properties":{"kind":"street_edge_area"},"geometry":{"type":"Polygon","coordinates":[[[44.3959574,33.3397266],[44.3958394,33.339604],[44.3958037,33.3395669],[44.3956926,33.3394514],[44.3956117,33.3393671],[44.3955781,33.3393322],[44.3953721,33.3391181],[44.3953181,33.3390619],[44.3953167,33.3390605],[44.3952134,33.3389531],[44.3952132,33.3389505],[44.3952084,33.3389427],[44.3952004,33.3389369],[44.395197,33.338936],[44.3950553,33.3387887],[44.3950516,33.3387849],[44.3949096,33.3386373],[44.3948931,33.3386201],[44.3948922,33.3386127],[44.3948872,33.3386049],[44.3948791,33.3385994],[44.3948712,33.3385974],[44.3947939,33.338517],[44.3947311,33.3384517],[44.3945721,33.3382864],[44.3945727,33.3382848],[44.3945717,33.338276],[44.3945669,33.3382682],[44.3945588,33.3382626],[44.3945488,33.33826],[44.3945468,33.3382601],[44.3945325,33.3382452],[44.3944106,33.3381185],[44.3942711,33.3379735],[44.3942145,33.3379147],[44.3944133,33.3377243],[44.3944347,33.3377037],[44.3945363,33.3376065],[44.3946339,33.3377047],[44.3947354,33.3378068],[44.3948457,33.3379176],[44.3949042,33.3379765],[44.3949246,33.337997],[44.394903,33.3380116],[44.3948962,33.3380184],[44.3948931,33.3380268],[44.3948941,33.3380355],[44.3948989,33.3380433],[44.394907,33.338049],[44.394917,33.3380516],[44.3949275,33.3380508],[44.3949368,33.3380467],[44.3949591,33.3380316],[44.395056,33.3381291],[44.3951746,33.3382483],[44.3952507,33.3383247],[44.3952518,33.3383259],[44.3952214,33.3383467],[44.3952148,33.3383535],[44.3952117,33.3383619],[44.3952127,33.3383707],[44.3952177,33.3383784],[44.3952258,33.338384],[44.3952358,33.3383866],[44.3952463,33.3383857],[44.3952555,33.3383816],[44.3952862,33.3383605],[44.3953766,33.3384514],[44.3954449,33.33852],[44.3955871,33.3386631],[44.3955478,33.338689],[44.395541,33.3386957],[44.3955377,33.338704],[44.3955385,33.3387128],[44.3955432,33.3387206],[44.3955512,33.3387264],[44.3955612,33.3387291],[44.3955716,33.3387284],[44.395581,33.3387245],[44.3956216,33.3386978],[44.3956972,33.3387738],[44.3957151,33.3387918],[44.3957487,33.3388256],[44.3959855,33.3390636],[44.3960177,33.339096],[44.3960671,33.3391457],[44.3960174,33.3391812],[44.3960172,33.3391814],[44.3959332,33.339234],[44.3958829,33.3392612],[44.3958441,33.3392727],[44.3957903,33.3392727],[44.3957418,33.3392584],[44.3956941,33.3392266],[44.3956924,33.3392254],[44.3956684,33.3392067],[44.3956386,33.3391776],[44.3956254,33.3391689],[44.3956092,33.3391652],[44.3955925,33.3391669],[44.3955779,33.3391738],[44.3955675,33.3391849],[44.3955631,33.3391984],[44.3955651,33.3392124],[44.3955733,33.3392247],[44.3956047,33.3392552],[44.395608,33.3392581],[44.395635,33.3392791],[44.3956375,33.339281],[44.3956935,33.3393183],[44.3956939,33.3393186],[44.3957064,33.3393244],[44.3957355,33.339333],[44.3957686,33.3393428],[44.395783,33.3393448],[44.3958515,33.3393448],[44.3958659,33.3393428],[44.3958963,33.3393337],[44.3959164,33.3393278],[44.3959253,33.3393241],[44.3959811,33.339294],[44.3959836,33.3392925],[44.3960166,33.3392719],[44.3960701,33.3392383],[44.3960723,33.3392368],[44.3961222,33.3392011],[44.3962554,33.3393354],[44.3963383,33.339419],[44.3963413,33.339422],[44.3963383,33.3394244],[44.3961619,33.3395656],[44.3960848,33.3395032],[44.3960807,33.339501],[44.3960766,33.3394986],[44.3960763,33.3394986],[44.396076,33.3394984],[44.3960711,33.3394977],[44.3960664,33.3394969],[44.396066,33.3394969],[44.3960656,33.3394969],[44.3960609,33.3394977],[44.396056,33.3394985],[44.3960557,33.3394987],[44.3960554,33.3394987],[44.3960514,33.3395011],[44.3960473,33.3395033],[44.3960148,33.33953],[44.3959416,33.3395903],[44.3959389,33.3395937],[44.395936,33.339597],[44.395936,33.3395973],[44.3959357,33.3395976],[44.3959347,33.3396016],[44.3959339,33.3396044],[44.3959336,33.3396056],[44.3959337,33.3396059],[44.3959336,33.3396062],[44.3959345,33.3396102],[44.3959353,33.3396143],[44.3959355,33.3396145],[44.3959356,33.3396148],[44.3959382,33.3396183],[44.3959408,33.3396218],[44.3960114,33.3396853],[44.3959574,33.3397266]]]}},{"type":"Feature","properties":{"kind":"street_edge_area"},"geometry":{"type":"Polygon","coordinates":[[[44.3915437,33.3368909],[44.3915599,33.3368787],[44.3916185,33.3368348],[44.3918385,33.3366698],[44.3919184,33.3366099],[44.3921628,33.3364265],[44.3922769,33.336341],[44.3924872,33.3361833],[44.3926353,33.3360722],[44.3928115,33.3359401],[44.3929938,33.3358033],[44.3931359,33.3356968],[44.3932282,33.3356276],[44.3933897,33.3358052],[44.3934358,33.3358558],[44.3934574,33.3358819],[44.3936183,33.3360768],[44.3936291,33.3360898],[44.3937652,33.336297],[44.3936796,33.3363476],[44.3936475,33.3363666],[44.3934535,33.3364666],[44.3932974,33.336547],[44.3931675,33.3363452],[44.3931577,33.3363299],[44.3932206,33.336288],[44.3932274,33.3362812],[44.3932306,33.3362729],[44.3932297,33.3362641],[44.3932249,33.3362563],[44.3932169,33.3362506],[44.3932069,33.3362479],[44.3931965,33.3362486],[44.3931871,33.3362527],[44.3931319,33.3362895],[44.3931066,33.3363064],[44.3930997,33.3363347],[44.3931062,33.3363449],[44.3931313,33.3363838],[44.3932515,33.3365706],[44.393164,33.3366157],[44.3931331,33.3366316],[44.3931329,33.3366317],[44.3931296,33.3366334],[44.3928058,33.3368027],[44.3926935,33.3368614],[44.3926913,33.3368627],[44.3926559,33.3368838],[44.3925053,33.3369738],[44.3925051,33.3369739],[44.3924818,33.336988],[44.39221,33.3371523],[44.3921578,33.3371838],[44.3918367,33.3373779],[44.3918338,33.3373747],[44.3916304,33.3371496],[44.3915828,33.3370969],[44.3916328,33.3370496],[44.3916363,33.3370054],[44.3915437,33.3368909]]]}},{"type":"Feature","properties":{"kind":"street_edge_area"},"geometry":{"type":"Polygon","coordinates":[[[44.3932931,33.33558],[44.3933567,33.3355345],[44.3934602,33.3354606],[44.3937329,33.3352657],[44.3937844,33.3352289],[44.3941087,33.3349973],[44.3941091,33.334997],[44.3942231,33.3349155],[44.3943159,33.334998],[44.3943715,33.3350474],[44.3944248,33.3350948],[44.3941862,33.3352679],[44.3941065,33.3353257],[44.3938156,33.3355367],[44.3937822,33.3355609],[44.3934771,33.3357822],[44.3934582,33.3357614],[44.3932931,33.33558]]]}},{"type":"Feature","properties":{"kind":"street_edge_area"},"geometry":{"type":"Polygon","coordinates":[[[44.393528,33.3358407],[44.3935757,33.3358061],[44.3937816,33.3356568],[44.3939463,33.3355373],[44.3941059,33.3354215],[44.3943169,33.3352685],[44.3944302,33.3351863],[44.3944839,33.3351474],[44.3946219,33.3352699],[44.3947516,33.3353851],[44.3948311,33.3354558],[44.3947507,33.3355219],[44.3947275,33.3355409],[44.394512,33.335718],[44.3945067,33.3357232],[44.394485,33.3357494],[44.3944774,33.3357697],[44.3944772,33.3357982],[44.3944781,33.3358058],[44.3944792,33.3358103],[44.3944797,33.3358123],[44.3944257,33.3358491],[44.3941016,33.3360703],[44.3940888,33.336079],[44.3938342,33.3362526],[44.3937782,33.3361673],[44.3937191,33.3360773],[44.3937034,33.3360534],[44.3937011,33.3360502],[44.393528,33.3358407]]]}},{"type":"Feature","properties":{"kind":"street_edge_area"},"geometry":{"type":"Polygon","coordinates":[[[44.3917662,33.3374194],[44.391764,33.3374207],[44.3915098,33.3375673],[44.3915051,33.33757],[44.3913463,33.3374188],[44.391189,33.337269],[44.3911176,33.337201],[44.3911898,33.3371486],[44.3911913,33.3371475],[44.3914785,33.3369389],[44.3915137,33.3369824],[44.3915463,33.3370227],[44.3915132,33.337054],[44.391495,33.3370711],[44.3914929,33.3371168],[44.3915126,33.3371387],[44.391522,33.3371491],[44.3917662,33.3374194]]]}},{"type":"Feature","properties":{"kind":"street_edge_area"},"geometry":{"type":"Polygon","coordinates":[[[44.3915623,33.3376246],[44.3918179,33.3374772],[44.391833,33.3374942],[44.3920086,33.3376924],[44.3921058,33.3378022],[44.3918718,33.3379512],[44.3918302,33.3379071],[44.3916261,33.3376906],[44.3915784,33.3376399],[44.3915769,33.3376385],[44.3915623,33.3376246]]]}},{"type":"Feature","properties":{"kind":"street_edge_area"},"geometry":{"type":"Polygon","coordinates":[[[44.3918883,33.3374356],[44.3919118,33.3374214],[44.3921572,33.3372731],[44.392356,33.337153],[44.3924812,33.3370773],[44.3925195,33.3370542],[44.3926002,33.3371541],[44.3928018,33.3374037],[44.3928195,33.3374257],[44.3930388,33.3376972],[44.3930565,33.3377191],[44.3927987,33.3378615],[44.39261,33.3379657],[44.3924748,33.3380404],[44.3924342,33.3380629],[44.3923506,33.3379645],[44.3922008,33.3377884],[44.3922003,33.3377878],[44.3921541,33.3377357],[44.3921162,33.3376929],[44.3918883,33.3374356]]]}},{"type":"Feature","properties":{"kind":"street_edge_area"},"geometry":{"type":"Polygon","coordinates":[[[44.3925895,33.3370121],[44.3927402,33.336922],[44.3928052,33.3368881],[44.3928119,33.3368846],[44.3931291,33.3367188],[44.3931547,33.3367053],[44.3932668,33.3368642],[44.3932738,33.3368708],[44.3932833,33.3368746],[44.3932938,33.3368751],[44.3933037,33.3368722],[44.3933115,33.3368663],[44.393316,33.3368584],[44.3933166,33.3368496],[44.3933131,33.3368413],[44.3932005,33.3366816],[44.3933175,33.3366213],[44.3933269,33.3366165],[44.3934529,33.3365515],[44.3936583,33.3364457],[44.3937586,33.3365722],[44.3937753,33.336594],[44.3937943,33.3366187],[44.3938319,33.3366677],[44.3938761,33.3367255],[44.3939673,33.33689],[44.393991,33.3369329],[44.3939075,33.33698],[44.3938581,33.3368895],[44.3938555,33.3368848],[44.3938683,33.3368755],[44.3938787,33.3368645],[44.3938833,33.3368509],[44.3938813,33.336837],[44.393873,33.3368247],[44.3938599,33.336816],[44.3938437,33.3368122],[44.393827,33.3368139],[44.3938124,33.3368207],[44.3937749,33.3368476],[44.3937736,33.3368525],[44.393764,33.336889],[44.3937637,33.3368901],[44.3937732,33.3369075],[44.3938352,33.3370209],[44.3937723,33.3370564],[44.3936742,33.3371118],[44.3936623,33.3371218],[44.393656,33.3371348],[44.393656,33.3371489],[44.3936611,33.3371591],[44.3936625,33.3371619],[44.3936744,33.3371718],[44.39369,33.3371771],[44.3937068,33.3371771],[44.3937223,33.3371716],[44.3937438,33.3371595],[44.3937717,33.3371437],[44.3939135,33.3370636],[44.3940351,33.336995],[44.3940949,33.3370641],[44.3941486,33.3371261],[44.3941731,33.3371615],[44.3943612,33.3374329],[44.3944147,33.3375101],[44.3944577,33.3375722],[44.394414,33.3376141],[44.3943209,33.3377032],[44.394126,33.33789],[44.3941251,33.3378908],[44.3940892,33.3379274],[44.394045,33.3379724],[44.3940316,33.3379861],[44.3940202,33.3379723],[44.3937954,33.3377008],[44.3937682,33.3376679],[44.3937182,33.3376074],[44.3937058,33.3375975],[44.3936499,33.3375679],[44.3936305,33.3375625],[44.3935807,33.337559],[44.3935531,33.337565],[44.3934457,33.3376253],[44.3933155,33.3376985],[44.3931974,33.3377649],[44.3931522,33.3377089],[44.3931431,33.3376977],[44.3931227,33.3376724],[44.3929238,33.3374261],[44.3928026,33.337276],[44.3927045,33.3371546],[44.3925895,33.3370121]]]}},{"type":"Feature","properties":{"kind":"street_edge_area"},"geometry":{"type":"Polygon","coordinates":[[[44.3937302,33.336406],[44.3937768,33.3363784],[44.3938278,33.3363483],[44.3938462,33.3363374],[44.3938486,33.3363359],[44.3941009,33.3361637],[44.3942242,33.3360796],[44.3944251,33.3359425],[44.3945318,33.3358698],[44.3945501,33.3358783],[44.3945614,33.3358971],[44.3945773,33.3359788],[44.3945954,33.3360814],[44.3946221,33.3362327],[44.3946225,33.336235],[44.3946524,33.3363521],[44.3946801,33.3364611],[44.394636,33.3365605],[44.3946349,33.3365825],[44.3946479,33.3366226],[44.3946837,33.3367326],[44.3946856,33.3367689],[44.3946613,33.336806],[44.3945873,33.3367873],[44.3944202,33.3366836],[44.3943349,33.3366307],[44.3942963,33.3366253],[44.3941396,33.3366669],[44.3940975,33.3366709],[44.3940336,33.3366769],[44.3939382,33.336673],[44.393929,33.336661],[44.3939983,33.3366286],[44.3940072,33.3366231],[44.3940114,33.3366197],[44.3940984,33.3365493],[44.3940985,33.3365493],[44.3941081,33.3365377],[44.3941116,33.3365239],[44.3941086,33.3365101],[44.3940996,33.3364983],[44.3940987,33.3364978],[44.3940858,33.3364902],[44.3940694,33.3364872],[44.3940528,33.3364897],[44.3940387,33.3364973],[44.3939515,33.3365679],[44.3938824,33.3366002],[44.3938308,33.3365329],[44.3938305,33.3365325],[44.3937762,33.3364641],[44.3937302,33.336406]]]}},{"type":"Feature","properties":{"kind":"street_edge_area"},"geometry":{"type":"Polygon","coordinates":[[[44.3945652,33.3358029],[44.3945632,33.3357948],[44.3945634,33.3357813],[44.3945751,33.3357671],[44.39475,33.3356235],[44.3948498,33.3355415],[44.3948902,33.3355083],[44.394928,33.3355419],[44.3950724,33.33567],[44.3951179,33.3357105],[44.3950875,33.3357561],[44.3950823,33.3357695],[44.3950833,33.3357797],[44.3950716,33.335791],[44.3950489,33.335813],[44.395024,33.3358371],[44.3949385,33.3358297],[44.3949364,33.3358295],[44.3948317,33.3358274],[44.3948261,33.3358278],[44.3947485,33.33584],[44.3946342,33.3358579],[44.3946211,33.335836],[44.3946035,33.3358206],[44.3945823,33.3358108],[44.3945652,33.3358029]]]}},{"type":"Feature","properties":{"kind":"street_edge_area"},"geometry":{"type":"Polygon","coordinates":[[[44.3951239,33.3358093],[44.3951255,33.3358091],[44.3951297,33.3358133],[44.3951987,33.335882],[44.3950703,33.335985],[44.3949924,33.3360475],[44.3949856,33.3360712],[44.3949905,33.3360832],[44.3950684,33.3362716],[44.3951025,33.3363543],[44.3951346,33.3364318],[44.3951442,33.3364427],[44.3953623,33.3365752],[44.3953213,33.3366258],[44.3952999,33.3366523],[44.3952588,33.3366255],[44.3950719,33.3365036],[44.3950669,33.3364982],[44.3950591,33.3364897],[44.3949999,33.3363538],[44.3948818,33.3360827],[44.3948698,33.3360552],[44.3950555,33.3358755],[44.3950711,33.3358603],[44.3951197,33.3358133],[44.3951239,33.3358093]]]}},{"type":"Feature","properties":{"kind":"street_edge_area"},"geometry":{"type":"Polygon","coordinates":[[[44.3951687,33.3357821],[44.3952085,33.3357226],[44.3952022,33.3356802],[44.3950731,33.3355656],[44.395047,33.3355424],[44.3949519,33.335458],[44.3950745,33.3353586],[44.3951808,33.3352725],[44.3953989,33.3350957],[44.3955127,33.3350036],[44.3957186,33.3348367],[44.3957234,33.3348403],[44.3959447,33.3350056],[44.3960445,33.3350801],[44.3961176,33.3351346],[44.3960436,33.3352132],[44.3960166,33.3352418],[44.3959368,33.335193],[44.3959016,33.3351955],[44.3958094,33.3352755],[44.3957581,33.3353199],[44.3957576,33.3353203],[44.3957199,33.3353546],[44.395669,33.335401],[44.3956681,33.3354018],[44.395593,33.3354769],[44.3955879,33.3354846],[44.3955868,33.3354933],[44.3955897,33.3355018],[44.3955963,33.3355086],[44.3956055,33.3355129],[44.3956159,33.3355138],[44.395626,33.3355114],[44.3956342,33.3355059],[44.3957089,33.3354312],[44.3957195,33.3354216],[44.395797,33.335351],[44.3958838,33.3352758],[44.395924,33.335241],[44.3959817,33.3352763],[44.396005,33.3352905],[44.3960429,33.3353177],[44.3960869,33.3353492],[44.3960858,33.335353],[44.3960424,33.3353966],[44.3960138,33.3354254],[44.3959889,33.3354367],[44.3959806,33.3354425],[44.3958822,33.3355463],[44.3958256,33.3356061],[44.3957832,33.3355937],[44.395774,33.3355919],[44.3957184,33.3355865],[44.3956899,33.3355837],[44.3956797,33.3355838],[44.3955996,33.335592],[44.3955847,33.3355959],[44.3955183,33.3356253],[44.3955111,33.3356293],[44.3954447,33.3356749],[44.3954372,33.3356816],[44.3953947,33.3357304],[44.3953903,33.3357355],[44.3953845,33.3357448],[44.3953555,33.3358144],[44.3953532,33.3358198],[44.3953509,33.3358293],[44.395345,33.3359025],[44.3953456,33.3359114],[44.3953585,33.3359708],[44.3952561,33.3358691],[44.3952004,33.3358137],[44.3951687,33.3357821]]]}},{"type":"Feature","properties":{"kind":"street_edge_area"},"geometry":{"type":"Polygon","coordinates":[[[44.3958731,33.3356285],[44.3959506,33.3355467],[44.3960193,33.3354742],[44.3960419,33.3354639],[44.396044,33.3354629],[44.3960519,33.3354575],[44.396131,33.3353779],[44.3961364,33.3353691],[44.3961432,33.3353467],[44.3961346,33.335324],[44.3960685,33.3352767],[44.3960588,33.3352698],[44.3961578,33.3351647],[44.396309,33.3352778],[44.3963656,33.3353202],[44.396374,33.3353264],[44.3963655,33.3353369],[44.3961947,33.3355478],[44.3961007,33.3356638],[44.3960469,33.3357303],[44.3960402,33.3357264],[44.3958731,33.3356285]]]}},{"type":"Feature","properties":{"kind":"street_edge_area"},"geometry":{"type":"Polygon","coordinates":[[[44.3964228,33.3352662],[44.3963663,33.335224],[44.396193,33.3350944],[44.3960749,33.3350062],[44.3960451,33.334984],[44.3957806,33.3347865],[44.3958446,33.3347346],[44.3959595,33.3346415],[44.3960479,33.3345733],[44.396178,33.334473],[44.3963701,33.3346527],[44.3964607,33.3347375],[44.3966829,33.3349453],[44.3966314,33.3350088],[44.3964967,33.335175],[44.3964228,33.3352662]]]}},{"type":"Feature","properties":{"kind":"street_edge_area"},"geometry":{"type":"Polygon","coordinates":[[[44.3967326,33.3348837],[44.3966915,33.3348453],[44.3965769,33.334738],[44.3963708,33.3345452],[44.3962862,33.3344661],[44.3962413,33.3344241],[44.3963723,33.334323],[44.3965283,33.3342026],[44.3965317,33.3341997],[44.3965347,33.3341968],[44.3966969,33.3340394],[44.3968121,33.3339275],[44.396878,33.3338636],[44.3969873,33.3339284],[44.3970202,33.3339479],[44.3973294,33.334131],[44.3972787,33.3341858],[44.3972766,33.3341882],[44.3972673,33.3342002],[44.3971807,33.3343115],[44.3971805,33.3343118],[44.3970742,33.3344523],[44.397061,33.3344698],[44.3970163,33.3345287],[44.3969708,33.3345889],[44.3968493,33.3347393],[44.3968123,33.334785],[44.3967326,33.3348837]]]}},{"type":"Feature","properties":{"kind":"street_edge_area"},"geometry":{"type":"Polygon","coordinates":[[[44.3950236,33.3347142],[44.395044,33.3347308],[44.3950785,33.3347591],[44.3951873,33.3348484],[44.3952014,33.334856],[44.3952179,33.3348586],[44.3952343,33.3348557],[44.3952482,33.3348478],[44.3952574,33.334836],[44.3952604,33.3348222],[44.395257,33.3348084],[44.3952475,33.3347968],[44.3951678,33.3347314],[44.3950894,33.3346672],[44.3951815,33.3345853],[44.3951904,33.3345733],[44.3951932,33.3345595],[44.3951895,33.3345458],[44.3951797,33.3345343],[44.3951655,33.3345268],[44.3951489,33.3345245],[44.3951326,33.3345276],[44.3951189,33.3345358],[44.3950797,33.3345707],[44.3950279,33.3346168],[44.3949333,33.3345392],[44.3949192,33.3345315],[44.3949027,33.334529],[44.3948863,33.3345319],[44.3948724,33.3345398],[44.3948632,33.3345516],[44.3948602,33.3345654],[44.3948636,33.3345792],[44.3948731,33.3345908],[44.3949605,33.3346625],[44.394836,33.3347299],[44.3947556,33.3347733],[44.3944317,33.3349486],[44.3944261,33.3349516],[44.3944184,33.3349569],[44.3944031,33.3349703],[44.3942891,33.3348691],[44.3944329,33.3347692],[44.394492,33.3347283],[44.3947572,33.3345442],[44.3948791,33.3344595],[44.3950814,33.3343192],[44.3952663,33.3341908],[44.3954056,33.3340941],[44.3956534,33.3339221],[44.3957298,33.3338691],[44.3957372,33.333864],[44.3960405,33.3336534],[44.3960541,33.333644],[44.3961852,33.333553],[44.3963783,33.3334205],[44.3964305,33.3333847],[44.3966403,33.3332408],[44.3967019,33.3332848],[44.3968443,33.3333866],[44.3970231,33.3335146],[44.3970716,33.3335492],[44.3970225,33.3336002],[44.3969672,33.3336577],[44.3968379,33.3337922],[44.3966989,33.333927],[44.3966976,33.3339283],[44.3964682,33.3341509],[44.3964096,33.3341962],[44.3963729,33.3342245],[44.3961518,33.3343951],[44.3960611,33.3344651],[44.3960485,33.3344748],[44.3959008,33.3345888],[44.3959001,33.3345894],[44.3957241,33.3347319],[44.3957215,33.334734],[44.3956875,33.3347616],[44.3953996,33.3349948],[44.3953896,33.335003],[44.3950751,33.3352578],[44.3950576,33.3352719],[44.3948928,33.3354055],[44.3947523,33.3352806],[44.3947408,33.3352705],[44.3945182,33.3350727],[44.3944622,33.3350229],[44.394477,33.3350099],[44.3944976,33.3349988],[44.3947551,33.3348595],[44.3949933,33.3347306],[44.3950236,33.3347142]]]}},{"type":"Feature","properties":{"kind":"street_edge_area"},"geometry":{"type":"Polygon","coordinates":[[[44.3970181,33.334659],[44.3971591,33.3347407],[44.397299,33.3348217],[44.3973369,33.334849],[44.3974486,33.3349291],[44.3975436,33.3350131],[44.3976579,33.3351142],[44.3977198,33.335169],[44.3976572,33.3352234],[44.3976113,33.3352632],[44.3974441,33.3351258],[44.3974394,33.3351225],[44.3973355,33.3350589],[44.3972584,33.3350117],[44.3970141,33.3348623],[44.3969069,33.3347967],[44.3969528,33.3347398],[44.3970155,33.3346623],[44.3970181,33.334659]]]}},{"type":"Feature","properties":{"kind":"street_edge_area"},"geometry":{"type":"Polygon","coordinates":[[[44.3968586,33.3348564],[44.3970135,33.3349512],[44.3971113,33.335011],[44.3973349,33.3351479],[44.3973861,33.3351792],[44.397513,33.3352834],[44.3975821,33.3353402],[44.3976508,33.3353965],[44.3974877,33.3355538],[44.3974306,33.3356089],[44.397429,33.3356106],[44.3973339,33.3357139],[44.3973312,33.3357125],[44.3973174,33.3357055],[44.3973053,33.335684],[44.3973036,33.3356812],[44.3972795,33.3356465],[44.3972703,33.3356372],[44.3971735,33.3355678],[44.3971519,33.3355523],[44.3970783,33.3354994],[44.3970103,33.3354412],[44.3969775,33.3354132],[44.3969727,33.3354096],[44.3968123,33.3353083],[44.3968102,33.335307],[44.3967617,33.3352799],[44.3966889,33.3352393],[44.3965923,33.3351854],[44.39669,33.3350648],[44.396735,33.3350093],[44.396773,33.3349624],[44.3968586,33.3348564]]]}},{"type":"Feature","properties":{"kind":"street_edge_area"},"geometry":{"type":"Polygon","coordinates":[[[44.3965439,33.3352451],[44.3966051,33.3352792],[44.3966883,33.3353257],[44.3967615,33.3353665],[44.3969183,33.3354656],[44.3970096,33.3355438],[44.3970181,33.3355511],[44.3970189,33.3355517],[44.3970209,33.3355532],[44.3971175,33.3356226],[44.3972088,33.3356881],[44.3972161,33.3356986],[44.3971227,33.3358227],[44.397045,33.3359258],[44.3970072,33.3359083],[44.3969114,33.3358638],[44.3968985,33.3358599],[44.3968421,33.3358511],[44.3968414,33.335851],[44.3967649,33.33584],[44.3967004,33.3358272],[44.3966892,33.3358206],[44.396685,33.3358182],[44.3966154,33.3357772],[44.3966773,33.3357128],[44.3966857,33.3357182],[44.396742,33.3357549],[44.3967996,33.3357512],[44.3968452,33.3357108],[44.3968542,33.3356989],[44.396857,33.335685],[44.3968533,33.3356713],[44.3968436,33.3356598],[44.3968294,33.3356523],[44.3968128,33.3356499],[44.3967965,33.3356531],[44.3967828,33.3356612],[44.3967639,33.3356778],[44.3966967,33.3356341],[44.3966862,33.3356351],[44.3966368,33.3356399],[44.3965281,33.3357531],[44.3965245,33.3357574],[44.3965176,33.3357672],[44.396486,33.3358123],[44.3963706,33.3357302],[44.3963629,33.3357262],[44.3963596,33.3357245],[44.3962013,33.3356681],[44.3962983,33.3355483],[44.3963646,33.3354664],[44.3964664,33.3353408],[44.3965166,33.3352788],[44.3965439,33.3352451]]]}},{"type":"Feature","properties":{"kind":"street_edge_area"},"geometry":{"type":"Polygon","coordinates":[[[44.3948332,33.3358725],[44.394934,33.3358746],[44.394981,33.3358787],[44.394836,33.336019],[44.3947478,33.3359575],[44.394664,33.3358991],[44.3947482,33.3358859],[44.3948332,33.3358725]]]}},{"type":"Feature","properties":{"kind":"street_edge_area"},"geometry":{"type":"Polygon","coordinates":[[[44.396152,33.3357289],[44.3963199,33.3357888],[44.3963623,33.3358189],[44.3963626,33.3358191],[44.3964441,33.335877],[44.3964084,33.3359398],[44.3963611,33.3360034],[44.3963305,33.3360445],[44.396328,33.3360483],[44.3963052,33.3360894],[44.3962949,33.3361078],[44.3962576,33.3361503],[44.3961723,33.3362406],[44.3960372,33.3361682],[44.3958865,33.3360874],[44.3958691,33.3360781],[44.3960392,33.3358681],[44.39608,33.3358178],[44.3960936,33.3358011],[44.396152,33.3357289]]]}},{"type":"Feature","properties":{"kind":"street_edge_area"},"geometry":{"type":"Polygon","coordinates":[[[44.3966577,33.3358903],[44.3966726,33.3358958],[44.3966845,33.3358982],[44.3967464,33.3359105],[44.3967491,33.3359109],[44.3968266,33.335922],[44.3968758,33.3359298],[44.3969997,33.3359873],[44.3969238,33.3360923],[44.3969192,33.3360986],[44.3968727,33.33614],[44.3968478,33.3361575],[44.3967151,33.3362269],[44.3967033,33.336228],[44.3966823,33.3362233],[44.3966385,33.3362135],[44.3966332,33.3362127],[44.396505,33.3361982],[44.3964082,33.3361846],[44.39636,33.3361625],[44.3963556,33.3361604],[44.3963601,33.3361554],[44.3963667,33.3361478],[44.3963711,33.3361416],[44.3963999,33.3360898],[44.3964049,33.3360808],[44.3964827,33.3359762],[44.396485,33.3359727],[44.3965352,33.3358844],[44.3965682,33.3358375],[44.3966577,33.3358903]]]}},{"type":"Feature","properties":{"kind":"street_edge_area"},"geometry":{"type":"Polygon","coordinates":[[[44.3939747,33.338044],[44.3938173,33.3382043],[44.3937791,33.3382417],[44.3937643,33.3382563],[44.3936693,33.3383492],[44.3936432,33.3383169],[44.3935818,33.3382408],[44.3934428,33.3380687],[44.3933625,33.3379692],[44.3932456,33.3378246],[44.3934452,33.3377125],[44.3934688,33.3376992],[44.3935885,33.3376319],[44.3936129,33.3376336],[44.3936525,33.3376546],[44.3936903,33.3377003],[44.3937673,33.3377934],[44.393915,33.3379718],[44.3939747,33.338044]]]}},{"type":"Feature","properties":{"kind":"street_edge_area"},"geometry":{"type":"Polygon","coordinates":[[[44.393611,33.3384057],[44.3935003,33.3385109],[44.3934395,33.3385688],[44.3932171,33.3387801],[44.3931225,33.3388701],[44.3931148,33.3388611],[44.393045,33.3387793],[44.3928135,33.3385077],[44.3927946,33.3384855],[44.3925819,33.3382361],[44.3924843,33.3381216],[44.3927651,33.3379665],[44.3927981,33.3379482],[44.3931047,33.3377788],[44.3931219,33.3378],[44.3931502,33.337835],[44.3932581,33.3379688],[44.3934419,33.3381963],[44.3934774,33.3382403],[44.3935719,33.3383573],[44.393611,33.3384057]]]}},{"type":"Feature","properties":{"kind":"street_edge_area"},"geometry":{"type":"Polygon","coordinates":[[[44.3930422,33.3389469],[44.3929866,33.3390024],[44.3929658,33.3389873],[44.3930215,33.3389338],[44.3930226,33.3389327],[44.3930422,33.3389469]]]}},{"type":"Feature","properties":{"kind":"street_edge_area"},"geometry":{"type":"Polygon","coordinates":[[[44.392952,33.3390369],[44.3929395,33.3390494],[44.3929016,33.3390872],[44.3928789,33.3390708],[44.3929013,33.3390492],[44.3929304,33.3390213],[44.392952,33.3390369]]]}},{"type":"Feature","properties":{"kind":"street_edge_area"},"geometry":{"type":"Polygon","coordinates":[[[44.3928466,33.3391427],[44.3927898,33.3392007],[44.3926744,33.3393186],[44.3924649,33.3395328],[44.3924109,33.3395879],[44.392268,33.339734],[44.3921433,33.3398572],[44.3921399,33.3398605],[44.3920744,33.3399253],[44.3919722,33.3398564],[44.3918865,33.3397986],[44.3918403,33.3397627],[44.3920253,33.3395861],[44.3921201,33.3394957],[44.3921297,33.33948],[44.3921378,33.3394509],[44.3921366,33.3394313],[44.3921259,33.3394044],[44.3921175,33.3393921],[44.3920378,33.3393157],[44.3919164,33.3391991],[44.3921144,33.3390609],[44.3921379,33.3390456],[44.3921454,33.3390407],[44.3924695,33.3388299],[44.3925016,33.338809],[44.392638,33.3389685],[44.3926403,33.338971],[44.3927053,33.3390345],[44.3927086,33.3390373],[44.3927226,33.3390483],[44.3927905,33.3391014],[44.3928009,33.3391096],[44.3928021,33.3391105],[44.3928466,33.3391427]]]}},{"type":"Feature","properties":{"kind":"street_edge_area"},"geometry":{"type":"Polygon","coordinates":[[[44.3930517,33.3390495],[44.3931073,33.3389941],[44.3931139,33.3389988],[44.393131,33.3390112],[44.3931301,33.3390121],[44.3931137,33.3390279],[44.3930905,33.3390501],[44.3930742,33.3390658],[44.3930522,33.3390499],[44.3930517,33.3390495]]]}},{"type":"Feature","properties":{"kind":"street_edge_area"},"geometry":{"type":"Polygon","coordinates":[[[44.3931425,33.33896],[44.393151,33.3389521],[44.3931512,33.3389519],[44.3933313,33.3387807],[44.3934387,33.3386785],[44.3936145,33.3385115],[44.3936976,33.3384324],[44.393698,33.338432],[44.3937635,33.3383679],[44.3938453,33.3382878],[44.3939291,33.3383975],[44.3937631,33.3385122],[44.3937626,33.3385125],[44.3935625,33.3386507],[44.3935597,33.3386535],[44.3935564,33.3386559],[44.3935545,33.3386589],[44.3935519,33.3386616],[44.3935506,33.3386651],[44.3935486,33.3386684],[44.3935482,33.3386718],[44.3935471,33.3386751],[44.3935475,33.3386787],[44.3935471,33.3386824],[44.3935483,33.3386857],[44.3935487,33.3386891],[44.3935508,33.3386923],[44.3935521,33.3386958],[44.3935547,33.3386984],[44.3935567,33.3387015],[44.3935601,33.3387038],[44.3935629,33.3387066],[44.3936175,33.3387434],[44.3936597,33.3387779],[44.393665,33.3387822],[44.3936853,33.3387988],[44.3937291,33.338865],[44.3937483,33.338939],[44.3937412,33.3390145],[44.3937232,33.339053],[44.3937081,33.3390853],[44.3936517,33.3391453],[44.3935766,33.3391891],[44.3934889,33.339213],[44.3934352,33.3392139],[44.3933965,33.3392145],[44.3933074,33.3391932],[44.3932266,33.3391494],[44.393174,33.3391113],[44.3932325,33.3390552],[44.3932321,33.3390507],[44.3932299,33.3390233],[44.3931866,33.3389919],[44.3931425,33.33896]]]}},{"type":"Feature","properties":{"kind":"street_edge_area"},"geometry":{"type":"Polygon","coordinates":[[[44.3945927,33.3375506],[44.3947052,33.3374345],[44.3947381,33.3374004],[44.3948958,33.3372376],[44.3948969,33.3372364],[44.3949603,33.3371652],[44.3950094,33.33711],[44.3950626,33.3371423],[44.3951014,33.3371658],[44.395384,33.3373374],[44.3955506,33.3374384],[44.3956,33.3374684],[44.3953824,33.3375833],[44.395148,33.3377071],[44.3950585,33.3377543],[44.3949142,33.3378305],[44.3949128,33.3378313],[44.3948867,33.3378462],[44.3947465,33.3377052],[44.3947362,33.3376949],[44.3945927,33.3375506]]]}},{"type":"Feature","properties":{"kind":"street_edge_area"},"geometry":{"type":"Polygon","coordinates":[[[44.3950605,33.3370519],[44.3950632,33.3370488],[44.3951961,33.3368957],[44.3953536,33.3367144],[44.3953544,33.3367134],[44.3953884,33.3366714],[44.3954249,33.3366263],[44.3954479,33.336598],[44.3956434,33.3363568],[44.3957138,33.3362698],[44.3957193,33.3362631],[44.3957229,33.3362586],[44.3958604,33.3363463],[44.395851,33.3363578],[44.395845,33.336365],[44.395795,33.3364195],[44.3957659,33.3364438],[44.3957464,33.3364339],[44.3957127,33.3364404],[44.3956878,33.3364452],[44.3955898,33.336573],[44.3955831,33.3365945],[44.3955843,33.3366135],[44.395591,33.3366271],[44.395595,33.3366354],[44.3956904,33.3367261],[44.3957038,33.3367346],[44.3957107,33.3367362],[44.39572,33.3367382],[44.3957367,33.3367364],[44.3957512,33.3367293],[44.3957614,33.3367181],[44.3957657,33.3367045],[44.3957634,33.3366906],[44.395755,33.3366784],[44.3957114,33.3366369],[44.3957016,33.3366276],[44.3956719,33.3365994],[44.395712,33.336547],[44.3957375,33.3365138],[44.3957499,33.3365202],[44.3958027,33.3365149],[44.3958578,33.3364689],[44.3958615,33.3364654],[44.3959138,33.3364083],[44.3959151,33.3364068],[44.3959298,33.336389],[44.395949,33.3364004],[44.3959342,33.3364503],[44.3959464,33.3364852],[44.3960305,33.3365521],[44.3960347,33.336558],[44.3960852,33.3366294],[44.3961009,33.3366517],[44.3961178,33.3367222],[44.3961099,33.3367732],[44.3960453,33.3368464],[44.3960375,33.3368741],[44.3960418,33.3368948],[44.3960366,33.3368997],[44.3960323,33.3369036],[44.3959246,33.3370027],[44.3959159,33.3370148],[44.3959134,33.3370287],[44.3959175,33.3370423],[44.3959274,33.3370537],[44.3959418,33.3370609],[44.3959584,33.337063],[44.3959747,33.3370596],[44.3959882,33.3370513],[44.3960316,33.3370114],[44.3961197,33.3369303],[44.3961302,33.3369001],[44.3961303,33.3368998],[44.3961255,33.3368769],[44.3961603,33.3368373],[44.3962646,33.3369007],[44.3963547,33.3369556],[44.3965016,33.3370449],[44.3966391,33.337173],[44.3966426,33.3371763],[44.3966758,33.3372073],[44.3967976,33.3373211],[44.3966747,33.3373674],[44.3965053,33.3374313],[44.396475,33.3374428],[44.3963512,33.3374894],[44.3962487,33.337528],[44.3961417,33.3375233],[44.3961477,33.3374412],[44.3961495,33.3374172],[44.3961937,33.3373085],[44.3962646,33.3372302],[44.3962688,33.3372246],[44.3962876,33.3371932],[44.396292,33.3371797],[44.3962908,33.3371714],[44.39629,33.3371657],[44.3962817,33.3371535],[44.3962685,33.3371448],[44.3962523,33.3371411],[44.3962356,33.3371428],[44.396221,33.3371497],[44.3962107,33.3371608],[44.3962046,33.337171],[44.3961937,33.3371892],[44.3961209,33.3372695],[44.3961145,33.3372797],[44.3960661,33.3373985],[44.3960639,33.3374079],[44.3960615,33.3374408],[44.3960558,33.3375194],[44.3960283,33.3375182],[44.3958711,33.3375112],[44.395706,33.3374424],[44.3956991,33.3374395],[44.3956984,33.3374391],[44.3953846,33.3372486],[44.3952493,33.3371665],[44.3950632,33.3370536],[44.3950605,33.3370519]]]}},{"type":"Feature","properties":{"kind":"street_edge_area"},"geometry":{"type":"Polygon","coordinates":[[[44.3963317,33.3375758],[44.3963506,33.3375687],[44.3965406,33.3374971],[44.3966742,33.3374467],[44.3966821,33.3374437],[44.3968637,33.3373752],[44.3969105,33.3374039],[44.3969121,33.3374048],[44.3969123,33.337405],[44.3969127,33.3374052],[44.396915,33.3374064],[44.3969969,33.3374446],[44.3969982,33.3374452],[44.3972519,33.3375636],[44.3973186,33.3376035],[44.3973751,33.3376373],[44.3973211,33.3376973],[44.3973214,33.3377173],[44.3973217,33.3377414],[44.3974095,33.3378344],[44.3975122,33.337961],[44.3974786,33.3379885],[44.3973151,33.3381221],[44.3971699,33.3382407],[44.3969925,33.3381036],[44.3968397,33.3379855],[44.3966715,33.3378555],[44.3966468,33.3378364],[44.3966421,33.3378325],[44.3966718,33.3378059],[44.3967239,33.3377592],[44.396985,33.3379457],[44.3969936,33.3379497],[44.3969941,33.3379499],[44.3970046,33.337951],[44.3970147,33.3379486],[44.3970229,33.3379431],[44.397028,33.3379354],[44.3970292,33.3379267],[44.3970264,33.3379182],[44.3970199,33.3379113],[44.3969939,33.3378928],[44.3967443,33.3377146],[44.3967392,33.3377109],[44.3967021,33.3377127],[44.3967003,33.3377144],[44.3966722,33.3377395],[44.3966038,33.3378008],[44.3964981,33.3377134],[44.3963505,33.3375913],[44.3963317,33.3375758]]]}},{"type":"Feature","properties":{"kind":"street_edge_area"},"geometry":{"type":"Polygon","coordinates":[[[44.3975748,33.3379099],[44.3974798,33.3377927],[44.3974779,33.3377907],[44.3974098,33.3377185],[44.3974106,33.3377177],[44.3974704,33.3376511],[44.3974611,33.3376001],[44.3973345,33.3375244],[44.3973984,33.3374471],[44.3974395,33.3373974],[44.3975301,33.3373237],[44.3975829,33.337333],[44.3976161,33.3373275],[44.3976433,33.3373118],[44.3976644,33.3372996],[44.3976792,33.3373133],[44.3977541,33.3374272],[44.3977603,33.3374344],[44.3977764,33.3374489],[44.3978841,33.3375458],[44.3978251,33.3376197],[44.3978213,33.3376254],[44.3977887,33.3376887],[44.3977867,33.3376935],[44.3977783,33.3377194],[44.397767,33.3377537],[44.397675,33.3378282],[44.3976748,33.3378283],[44.3976396,33.337857],[44.3975748,33.3379099]]]}},{"type":"Feature","properties":{"kind":"street_edge_area"},"geometry":{"type":"Polygon","coordinates":[[[44.3954698,33.3359989],[44.3954429,33.3359566],[44.3954312,33.3359029],[44.3954364,33.335839],[44.3954464,33.3358148],[44.3954636,33.3357737],[44.3955035,33.3357278],[44.3955623,33.3356874],[44.3956179,33.3356628],[44.3956851,33.3356559],[44.3957179,33.3356591],[44.3957593,33.3356631],[44.3958044,33.3356763],[44.3959985,33.33579],[44.3959764,33.3358173],[44.3957731,33.3360682],[44.395758,33.3360868],[44.3957147,33.3361402],[44.3956782,33.3361853],[44.3955671,33.3360859],[44.3954698,33.3359989]]]}},{"type":"Feature","properties":{"kind":"street_edge_area"},"geometry":{"type":"Polygon","coordinates":[[[44.3952335,33.3359165],[44.3953924,33.3360745],[44.3954031,33.3360851],[44.395545,33.3362261],[44.3955532,33.3362316],[44.3955632,33.336234],[44.3955737,33.336233],[44.3955828,33.3362288],[44.3955894,33.3362219],[44.3955922,33.3362138],[44.3956287,33.3362465],[44.3955397,33.3363563],[44.3953926,33.3365379],[44.3953893,33.3365359],[44.3951827,33.3364104],[44.3951596,33.3363545],[44.3950693,33.336136],[44.3950476,33.3360835],[44.395042,33.3360701],[44.3950699,33.3360478],[44.3952335,33.3359165]]]}},{"type":"Feature","properties":{"kind":"street_edge_area"},"geometry":{"type":"Polygon","coordinates":[[[44.3962411,33.336284],[44.3963029,33.3362185],[44.3963595,33.3362445],[44.3963732,33.3362508],[44.3963868,33.3362548],[44.3964915,33.3362694],[44.3964929,33.3362696],[44.396619,33.3362838],[44.3966818,33.3362978],[44.3966891,33.3362994],[44.3967049,33.3363004],[44.3967344,33.3362976],[44.3967523,33.3362924],[44.396896,33.3362174],[44.3969009,33.3362144],[44.3969061,33.3362107],[44.3969403,33.3362286],[44.3969428,33.3362298],[44.3970048,33.3362575],[44.3970127,33.3362611],[44.3970291,33.3362651],[44.3971177,33.3362719],[44.3971268,33.3362718],[44.397204,33.336264],[44.3973272,33.3363078],[44.3973536,33.3363172],[44.3974405,33.3363652],[44.3975252,33.3364121],[44.3976488,33.3364804],[44.3976548,33.3364837],[44.3976487,33.3364897],[44.3975576,33.3365791],[44.3974475,33.3365829],[44.397409,33.3366063],[44.3973959,33.3366355],[44.397324,33.3367966],[44.3973194,33.3368067],[44.397002,33.3366799],[44.3968851,33.3366331],[44.3967862,33.3365936],[44.3966802,33.3365464],[44.3964745,33.3364548],[44.3963586,33.33637],[44.396345,33.3363601],[44.3962411,33.336284]]]}},{"type":"Feature","properties":{"kind":"street_edge_area"},"geometry":{"type":"Polygon","coordinates":[[[44.3946599,33.3359549],[44.3947474,33.3360158],[44.3948164,33.3360639],[44.3948244,33.3360824],[44.3949425,33.3363535],[44.39501,33.3365085],[44.395014,33.3365145],[44.3950314,33.3365335],[44.3950362,33.3365375],[44.3950665,33.3365572],[44.3951706,33.3366251],[44.395269,33.3366893],[44.3950901,33.3368952],[44.395064,33.3369253],[44.3949919,33.3370084],[44.3948194,33.336894],[44.3947419,33.3368425],[44.3947375,33.3368396],[44.3947419,33.3368328],[44.3947669,33.3367948],[44.3947721,33.3367759],[44.3947695,33.3367254],[44.394768,33.3367175],[44.3947432,33.3366412],[44.3947373,33.3366231],[44.3947215,33.3365747],[44.394744,33.3365241],[44.3947651,33.3364764],[44.3947669,33.3364563],[44.394745,33.3363704],[44.3947405,33.3363526],[44.394707,33.3362211],[44.3946825,33.3360818],[44.3946624,33.335968],[44.3946623,33.3359674],[44.3946599,33.3359549]]]}},{"type":"Feature","properties":{"kind":"street_edge_area"},"geometry":{"type":"Polygon","coordinates":[[[44.396156,33.3363175],[44.3962133,33.3363595],[44.396358,33.3364653],[44.3964216,33.3365119],[44.3964298,33.3365166],[44.3966796,33.3366278],[44.3966895,33.3366322],[44.3967466,33.3366577],[44.3967483,33.3366584],[44.3970015,33.3367596],[44.3972899,33.3368749],[44.3972771,33.3369055],[44.3972546,33.3369592],[44.3971249,33.3370869],[44.3969999,33.3370019],[44.3969185,33.3369466],[44.3968827,33.336948],[44.3966873,33.3371101],[44.3966765,33.3371],[44.3965625,33.3369938],[44.3965558,33.3369887],[44.3964123,33.3369014],[44.3963553,33.3368668],[44.3961971,33.3367705],[44.3962041,33.3367256],[44.3962036,33.3367138],[44.3961839,33.3366315],[44.3961831,33.3366298],[44.3961787,33.3366202],[44.3961015,33.336511],[44.3960941,33.3365032],[44.3960353,33.3364565],[44.3960238,33.3364473],[44.3960357,33.3364073],[44.3960396,33.3363939],[44.3960358,33.3363852],[44.396024,33.3363586],[44.3960227,33.3363557],[44.3959447,33.3363094],[44.3957713,33.3361988],[44.3958207,33.3361378],[44.3960367,33.3362535],[44.396156,33.3363175]]]}},{"type":"Feature","properties":{"kind":"street_edge_area"},"geometry":{"type":"Polygon","coordinates":[[[44.3947213,33.3369209],[44.3947412,33.3369341],[44.3949408,33.3370665],[44.3948569,33.3371608],[44.3947469,33.3370736],[44.3947404,33.3370601],[44.3947213,33.3370202],[44.3947213,33.3369209]]]}},{"type":"Feature","properties":{"kind":"street_edge_area"},"geometry":{"type":"Polygon","coordinates":[[[44.3970901,33.3371212],[44.3970595,33.3371513],[44.3970563,33.3371549],[44.3970407,33.3371749],[44.3969984,33.3372291],[44.3969248,33.3373233],[44.396898,33.3373068],[44.3967553,33.3371736],[44.3967233,33.3371436],[44.3969034,33.3369943],[44.3969995,33.3370596],[44.3970901,33.3371212]]]}},{"type":"Feature","properties":{"kind":"street_edge_area"},"geometry":{"type":"Polygon","coordinates":[[[44.3969972,33.3373622],[44.3969975,33.3373619],[44.3971268,33.3371964],[44.3971481,33.3371754],[44.3971737,33.3371502],[44.3973004,33.3370254],[44.3973224,33.3370378],[44.3974742,33.3371236],[44.3975321,33.3371772],[44.3976062,33.3372457],[44.3975826,33.3372592],[44.3975254,33.3372491],[44.3974866,33.3372585],[44.3973765,33.3373481],[44.3973711,33.3373535],[44.3973198,33.3374155],[44.3972941,33.3374466],[44.3972618,33.3374857],[44.3971769,33.3374461],[44.3969975,33.3373623],[44.3969972,33.3373622]]]}},{"type":"Feature","properties":{"kind":"street_edge_area"},"geometry":{"type":"Polygon","coordinates":[[[44.3940329,33.3367491],[44.3940398,33.336749],[44.3940971,33.3367435],[44.3941534,33.3367382],[44.3941616,33.3367367],[44.3943013,33.3366996],[44.3944196,33.336773],[44.3945421,33.336849],[44.3945553,33.3368546],[44.3946376,33.3368754],[44.3946366,33.3368931],[44.3946353,33.3369157],[44.3946352,33.3369175],[44.3946352,33.3370272],[44.3946383,33.3370407],[44.3946706,33.3371079],[44.3946809,33.3371206],[44.3947358,33.3371641],[44.3947397,33.3371672],[44.3948039,33.3372181],[44.3947389,33.3372852],[44.3945948,33.337434],[44.3945171,33.3375143],[44.394461,33.3374333],[44.3944156,33.3373679],[44.3942729,33.3371619],[44.3942219,33.3370883],[44.3942195,33.3370852],[44.3940957,33.3369422],[44.3940828,33.3369273],[44.3940624,33.3368904],[44.393983,33.3367471],[44.3940329,33.3367491]]]}},{"type":"Feature","properties":{"kind":"street_edge_area"},"geometry":{"type":"Polygon","coordinates":[[[44.3893159,33.3391975],[44.3893167,33.3391878],[44.3892404,33.3391146],[44.3891541,33.3390316],[44.3889197,33.3388066],[44.3889144,33.3388014],[44.3889198,33.3387975],[44.3889438,33.3387801],[44.3889711,33.3387603],[44.3892441,33.3385619],[44.3893411,33.3384915],[44.3895684,33.3383263],[44.389711,33.3382227],[44.3897913,33.3381644],[44.3898927,33.3380907],[44.3900811,33.3379539],[44.3901119,33.3379315],[44.3901354,33.3379541],[44.3902158,33.3380314],[44.3904182,33.338226],[44.3905199,33.3383237],[44.3905365,33.3383396],[44.3906082,33.3384085],[44.3905357,33.3384468],[44.3904415,33.3384966],[44.390279,33.3385826],[44.3902768,33.3385838],[44.3902118,33.3386231],[44.3899772,33.338765],[44.3899237,33.3387974],[44.3899224,33.3387982],[44.3898878,33.3388208],[44.3895637,33.3390328],[44.3895625,33.3390336],[44.3894357,33.3391165],[44.3894351,33.3391168],[44.3893159,33.3391975]]]}},{"type":"Feature","properties":{"kind":"street_edge_area"},"geometry":{"type":"Polygon","coordinates":[[[44.3906793,33.3384562],[44.3907227,33.3384979],[44.3907441,33.3385185],[44.3906208,33.3385669],[44.390619,33.3385676],[44.3905347,33.3386074],[44.3902109,33.33876],[44.3901982,33.338766],[44.3901626,33.3387828],[44.3901613,33.3387834],[44.3899008,33.3389224],[44.3899001,33.3389228],[44.3898871,33.3389303],[44.3897058,33.3390342],[44.3896699,33.3390548],[44.3897014,33.3390342],[44.3898872,33.3389127],[44.3899747,33.3388555],[44.3901232,33.3387657],[44.3902112,33.3387124],[44.3903261,33.338643],[44.3905352,33.3385324],[44.3906014,33.3384974],[44.3906793,33.3384562]]]}},{"type":"Feature","properties":{"kind":"street_edge_area"},"geometry":{"type":"Polygon","coordinates":[[[44.3910291,33.338579],[44.3911556,33.3385],[44.3911809,33.3384841],[44.3914058,33.3383436],[44.3915039,33.3384514],[44.3915497,33.3385018],[44.3917257,33.3386951],[44.3916883,33.3387271],[44.391685,33.3387302],[44.3916457,33.3387728],[44.3915904,33.3388327],[44.3915823,33.3388475],[44.3915729,33.3388856],[44.3915725,33.3388874],[44.3915672,33.3389165],[44.3915749,33.3389433],[44.3916621,33.3390434],[44.3916891,33.3390743],[44.3916898,33.3390751],[44.3917958,33.3391899],[44.3916219,33.3393137],[44.3914976,33.3394022],[44.3914416,33.339442],[44.3914353,33.3394368],[44.3913721,33.339379],[44.3912993,33.3393122],[44.3912342,33.3392526],[44.391236,33.3391944],[44.3912519,33.339068],[44.3912521,33.3390658],[44.3912534,33.3390415],[44.3912553,33.3390032],[44.3912552,33.338999],[44.3912498,33.3389373],[44.3912486,33.3389311],[44.3912294,33.3388673],[44.3912261,33.3388598],[44.391179,33.3387817],[44.3911723,33.3387706],[44.3911619,33.3387534],[44.3911599,33.3387504],[44.3910843,33.3386506],[44.3910841,33.3386504],[44.3910291,33.338579]]]}},{"type":"Feature","properties":{"kind":"street_edge_area"},"geometry":{"type":"Polygon","coordinates":[[[44.3914743,33.3383],[44.3914956,33.3382862],[44.3915049,33.3382973],[44.3916771,33.3385024],[44.3917956,33.3386435],[44.3917902,33.3386471],[44.3916585,33.3385023],[44.3915047,33.3383334],[44.3914743,33.3383]]]}},{"type":"Feature","properties":{"kind":"street_edge_area"},"geometry":{"type":"Polygon","coordinates":[[[44.3918635,33.338599],[44.3918259,33.3385543],[44.3917828,33.3385029],[44.3915637,33.338242],[44.39158,33.3382314],[44.3916662,33.3381755],[44.3918292,33.3380697],[44.3918553,33.3380528],[44.3918857,33.3380883],[44.3918288,33.3381212],[44.3916909,33.338201],[44.3916835,33.3382074],[44.3916797,33.3382155],[44.3916798,33.3382243],[44.3916837,33.3382319],[44.391684,33.3382324],[44.3916915,33.3382385],[44.3917013,33.3382418],[44.3917118,33.3382416],[44.3917214,33.3382382],[44.3917318,33.3382321],[44.3918284,33.3381762],[44.391917,33.338125],[44.3920098,33.3382334],[44.3920739,33.3383084],[44.3921497,33.3383972],[44.3921575,33.3384063],[44.3921496,33.3384114],[44.3920085,33.338504],[44.3918635,33.338599]]]}},{"type":"Feature","properties":{"kind":"street_edge_area"},"geometry":{"type":"Polygon","coordinates":[[[44.3922076,33.338465],[44.3922418,33.338505],[44.3924515,33.3387503],[44.3924114,33.3387764],[44.392146,33.338949],[44.3920953,33.338982],[44.3919058,33.338774],[44.3918425,33.3387044],[44.3918809,33.3386792],[44.3921472,33.3385046],[44.392149,33.3385034],[44.3922076,33.338465]]]}},{"type":"Feature","properties":{"kind":"street_edge_area"},"geometry":{"type":"Polygon","coordinates":[[[44.3928389,33.3390406],[44.3927911,33.3390032],[44.392769,33.338986],[44.3927069,33.3389252],[44.3925803,33.3387772],[44.3925455,33.3387365],[44.3924707,33.338649],[44.3923481,33.3385055],[44.3922514,33.3383924],[44.3921698,33.3382968],[44.3922811,33.3382347],[44.3924125,33.3381615],[44.3924735,33.3382331],[44.3924757,33.3382356],[44.3927073,33.3385072],[44.3927937,33.3386086],[44.3929388,33.3387788],[44.3930289,33.3388844],[44.3929996,33.3388861],[44.3929809,33.3389041],[44.3929075,33.3389747],[44.3928389,33.3390406]]]}},{"type":"Feature","properties":{"kind":"street_edge_area"},"geometry":{"type":"Polygon","coordinates":[[[44.3921565,33.3378605],[44.3922445,33.337964],[44.3923624,33.3381027],[44.3921509,33.3382206],[44.3921269,33.338234],[44.3921196,33.3382381],[44.3921161,33.3382339],[44.3919717,33.3380651],[44.3919236,33.3380089],[44.3919958,33.3379628],[44.3921533,33.3378626],[44.3921565,33.3378605]]]}},{"type":"Feature","properties":{"kind":"street_edge_area"},"geometry":{"type":"Polygon","coordinates":[[[44.3913337,33.3378433],[44.3914313,33.3379602],[44.3915066,33.3380503],[44.3915811,33.3381395],[44.3915141,33.3381829],[44.3915057,33.338173],[44.3914694,33.3381298],[44.3913772,33.33802],[44.3913266,33.3379597],[44.3912656,33.337887],[44.3913337,33.3378433]]]}},{"type":"Feature","properties":{"kind":"street_edge_area"},"geometry":{"type":"Polygon","coordinates":[[[44.3916492,33.3380953],[44.3915368,33.3379607],[44.3915074,33.3379255],[44.3914021,33.3377993],[44.3915087,33.3377308],[44.3915371,33.3377125],[44.3917721,33.3379618],[44.3918035,33.3379951],[44.3916492,33.3380953]]]}},{"type":"Feature","properties":{"kind":"street_edge_area"},"geometry":{"type":"Polygon","coordinates":[[[44.3914819,33.3376571],[44.3914312,33.3376897],[44.391317,33.3377631],[44.3911852,33.3378478],[44.3911804,33.3378509],[44.3910133,33.3379583],[44.3908611,33.3380561],[44.3905954,33.3382268],[44.3905582,33.3382507],[44.3905372,33.3382306],[44.390533,33.3382265],[44.3902501,33.3379547],[44.3902165,33.3379224],[44.3901769,33.3378843],[44.390217,33.3378552],[44.3904511,33.3376851],[44.3905413,33.3376197],[44.3908212,33.3374163],[44.3908655,33.3373841],[44.3910526,33.3372483],[44.3911883,33.3373775],[44.3912311,33.3374182],[44.3914657,33.3376417],[44.3914819,33.3376571]]]}},{"type":"Feature","properties":{"kind":"street_edge_area"},"geometry":{"type":"Polygon","coordinates":[[[44.3906149,33.3383052],[44.3907358,33.3382275],[44.3908605,33.3381474],[44.3911537,33.3379589],[44.3911846,33.3379391],[44.3911972,33.337931],[44.3912209,33.3379592],[44.3912909,33.3380425],[44.3911835,33.3381037],[44.3909642,33.3382285],[44.3908595,33.3382881],[44.3907193,33.338368],[44.3906935,33.3383807],[44.3906149,33.3383052]]]}},{"type":"Feature","properties":{"kind":"street_edge_area"},"geometry":{"type":"Polygon","coordinates":[[[44.3907157,33.338422],[44.3907472,33.3384065],[44.3907488,33.3384057],[44.3908592,33.3383429],[44.3910591,33.338229],[44.3911831,33.3381584],[44.3913218,33.3380794],[44.3913838,33.3381531],[44.3912559,33.3382299],[44.3911823,33.3382741],[44.3908583,33.3384686],[44.3908292,33.3384861],[44.3907966,33.3384983],[44.390795,33.3384989],[44.3907944,33.3384983],[44.3907157,33.3384226],[44.3907157,33.338422]]]}},{"type":"Feature","properties":{"kind":"street_edge_area"},"geometry":{"type":"Polygon","coordinates":[[[44.3914148,33.33819],[44.391446,33.3382271],[44.3914404,33.3382308],[44.3913881,33.3382647],[44.3911815,33.3383938],[44.3910127,33.3384993],[44.3909476,33.33854],[44.3908742,33.338575],[44.3908577,33.3385591],[44.390832,33.3385344],[44.3908536,33.3385264],[44.390858,33.3385243],[44.3908583,33.3385241],[44.3909005,33.3384988],[44.391182,33.3383298],[44.3913476,33.3382303],[44.3914148,33.33819]]]}},{"type":"Feature","properties":{"kind":"street_edge_area"},"geometry":{"type":"Polygon","coordinates":[[[44.393658,33.3386782],[44.3937619,33.3386064],[44.3938975,33.3385128],[44.3939759,33.3384587],[44.3940177,33.3385134],[44.3940286,33.3385277],[44.3937615,33.3386708],[44.3936953,33.3387063],[44.3936761,33.3386905],[44.393673,33.3386883],[44.393658,33.3386782]]]}},{"type":"Feature","properties":{"kind":"street_edge_area"},"geometry":{"type":"Polygon","coordinates":[[[44.3931157,33.3390988],[44.3931132,33.3390989],[44.3931109,33.3390991],[44.3931132,33.3390968],[44.3931616,33.3390504],[44.3931707,33.3390417],[44.3931717,33.3390407],[44.3931742,33.3390426],[44.3931661,33.3390504],[44.3931237,33.3390911],[44.3931157,33.3390988]]]}},{"type":"Feature","properties":{"kind":"street_edge_area"},"geometry":{"type":"Polygon","coordinates":[[[44.3937571,33.3387588],[44.3937609,33.3387568],[44.3940751,33.3385884],[44.3940847,33.338601],[44.3941155,33.3386413],[44.3941214,33.3386462],[44.3940843,33.3386636],[44.3938294,33.338783],[44.3937865,33.3388031],[44.3937731,33.3387827],[44.3937609,33.3387643],[44.3937575,33.3387592],[44.3937571,33.3387588]]]}},{"type":"Feature","properties":{"kind":"street_edge_area"},"geometry":{"type":"Polygon","coordinates":[[[44.3917784,33.338753],[44.3917971,33.3387735],[44.3918243,33.3388033],[44.3920282,33.3390272],[44.3920027,33.339045],[44.3918617,33.3391434],[44.3918223,33.3391007],[44.3917698,33.3390439],[44.3917582,33.3390314],[44.3916549,33.3389128],[44.3916574,33.3388993],[44.3916645,33.3388703],[44.3917515,33.338776],[44.3917547,33.3387733],[44.3917784,33.338753]]]}},{"type":"Feature","properties":{"kind":"street_edge_area"},"geometry":{"type":"Polygon","coordinates":[[[44.3918505,33.3392456],[44.391923,33.3393151],[44.392047,33.3394341],[44.3920512,33.3394445],[44.3920483,33.3394549],[44.3919114,33.3395856],[44.3918185,33.3396742],[44.3917771,33.3397137],[44.3916687,33.3396295],[44.3916139,33.3395842],[44.3915277,33.339513],[44.3915032,33.3394928],[44.391754,33.3393143],[44.3918212,33.3392665],[44.3918505,33.3392456]]]}},{"type":"Feature","properties":{"kind":"street_edge_area"},"geometry":{"type":"Polygon","coordinates":[[[44.3963076,33.3381364],[44.3961569,33.3379823],[44.3960425,33.3378654],[44.3960425,33.3378551],[44.3960897,33.3377922],[44.3960943,33.3377621],[44.3960782,33.3377195],[44.396073,33.3377114],[44.3960706,33.3377077],[44.3960273,33.3376629],[44.3959542,33.3375871],[44.3960278,33.3375904],[44.3960938,33.3375934],[44.3962382,33.3375998],[44.3963498,33.3376921],[44.3963749,33.3377128],[44.3965596,33.3378656],[44.3964497,33.3379837],[44.3963471,33.338094],[44.3963076,33.3381364]]]}},{"type":"Feature","properties":{"kind":"street_edge_area"},"geometry":{"type":"Polygon","coordinates":[[[44.3966223,33.3379156],[44.3966708,33.3379531],[44.396712,33.3379849],[44.3969919,33.3382012],[44.3970642,33.3382571],[44.3971082,33.3382911],[44.3969906,33.3383872],[44.3969803,33.3383957],[44.396708,33.3384795],[44.3966673,33.3384857],[44.3965098,33.33851],[44.3964063,33.3385165],[44.3963443,33.3385164],[44.396331,33.3385164],[44.3961922,33.3384622],[44.39618,33.3384444],[44.3961873,33.3384216],[44.3963144,33.3382536],[44.3963437,33.338215],[44.3963464,33.3382121],[44.3965584,33.3379842],[44.3966223,33.3379156]]]}},{"type":"Feature","properties":{"kind":"street_edge_area"},"geometry":{"type":"Polygon","coordinates":[[[44.3880707,33.3401432],[44.3880785,33.3401361],[44.3881108,33.3401089],[44.3882665,33.3399775],[44.3884278,33.3398415],[44.38843,33.3398398],[44.3885909,33.3397212],[44.3885994,33.3397149],[44.3888249,33.3395772],[44.388835,33.3395712],[44.3889149,33.3395242],[44.3891061,33.3394119],[44.3891066,33.3394115],[44.3891072,33.3394112],[44.3891409,33.3393892],[44.3892379,33.339492],[44.3892864,33.3395435],[44.3893146,33.3395734],[44.3894555,33.3397229],[44.3894242,33.3397504],[44.3892978,33.3398439],[44.3892352,33.3398902],[44.3890541,33.340024],[44.3890537,33.3400244],[44.3889397,33.3401127],[44.3889228,33.3401258],[44.3889194,33.340129],[44.3889108,33.3401388],[44.3888408,33.3402186],[44.3888368,33.3402388],[44.3888436,33.3402566],[44.3888487,33.3402644],[44.3889096,33.3403245],[44.3889692,33.3403834],[44.3890759,33.3404887],[44.3889976,33.3405381],[44.3889975,33.3405382],[44.3889078,33.3405956],[44.3888178,33.3406532],[44.3887233,33.3407137],[44.3886894,33.3406825],[44.38869,33.3406718],[44.3886842,33.3406586],[44.3886776,33.3406526],[44.3886728,33.3406482],[44.3886576,33.3406423],[44.388644,33.3406418],[44.3885851,33.3405906],[44.3883435,33.3403805],[44.3882642,33.3403115],[44.3880707,33.3401432]]]}},{"type":"Feature","properties":{"kind":"street_edge_area"},"geometry":{"type":"Polygon","coordinates":[[[44.3891191,33.3404617],[44.3890401,33.3403837],[44.3889101,33.3402553],[44.3888932,33.3402387],[44.3888922,33.3402361],[44.3889103,33.3402155],[44.3889612,33.3401575],[44.3890185,33.3401131],[44.38909,33.3400577],[44.3892348,33.3399506],[44.3893786,33.3398443],[44.3894607,33.3397836],[44.3894624,33.3397822],[44.3894892,33.3397586],[44.3895583,33.339832],[44.3895707,33.3398452],[44.3896568,33.3399365],[44.3896945,33.3399402],[44.3897678,33.3398921],[44.3898281,33.3399575],[44.3897723,33.3399909],[44.3896305,33.3400748],[44.3896232,33.3400811],[44.3896195,33.3400894],[44.3896197,33.3400981],[44.389624,33.3401062],[44.3896316,33.3401122],[44.3896414,33.3401154],[44.3896519,33.3401152],[44.3896615,33.3401116],[44.3898034,33.3400277],[44.3898036,33.3400276],[44.389861,33.3399932],[44.3898799,33.3400137],[44.3899754,33.3401176],[44.3900448,33.340193],[44.3899773,33.3402315],[44.3899269,33.3402603],[44.389878,33.3402882],[44.3897051,33.3403868],[44.3895541,33.340473],[44.3894837,33.3405132],[44.3893494,33.3403852],[44.3893235,33.3403605],[44.3893202,33.3403583],[44.3893171,33.340356],[44.3893161,33.3403557],[44.3893152,33.3403551],[44.3893112,33.3403542],[44.3893073,33.340353],[44.3893061,33.3403531],[44.389305,33.3403528],[44.3893009,33.3403533],[44.3892968,33.3403535],[44.3892958,33.3403539],[44.3892946,33.340354],[44.389291,33.3403557],[44.3892873,33.3403572],[44.3892431,33.3403847],[44.3892319,33.3403916],[44.3891191,33.3404617]]]}},{"type":"Feature","properties":{"kind":"street_edge_area"},"geometry":{"type":"Polygon","coordinates":[[[44.3900777,33.3402288],[44.3902003,33.3403624],[44.3902249,33.3403893],[44.3903117,33.340484],[44.3904584,33.3406609],[44.3905205,33.3407358],[44.3905834,33.3408117],[44.3906765,33.3409324],[44.3907577,33.3410378],[44.3907438,33.3410525],[44.3907413,33.3410557],[44.3907224,33.3410844],[44.3907205,33.3410881],[44.3907079,33.3411195],[44.3907077,33.3411211],[44.390707,33.3411226],[44.3906998,33.3411551],[44.3906994,33.3411581],[44.3906975,33.3411914],[44.3906976,33.3411941],[44.3906983,33.3412031],[44.3907005,33.3412274],[44.3907009,33.3412301],[44.3907088,33.3412633],[44.3907094,33.3412655],[44.3907214,33.3412983],[44.3907224,33.3413004],[44.3907383,33.3413322],[44.390739,33.3413331],[44.3907394,33.3413341],[44.3907558,33.3413597],[44.3907055,33.3413848],[44.3907039,33.3413828],[44.390642,33.341373],[44.3905157,33.3414511],[44.390481,33.3414726],[44.3902161,33.3416364],[44.3902158,33.3416366],[44.3901917,33.3416519],[44.3900709,33.3417281],[44.3899598,33.3416096],[44.3899197,33.341564],[44.3900115,33.3414812],[44.3900155,33.3414704],[44.3900225,33.3414515],[44.3900183,33.3414269],[44.3900195,33.3413767],[44.3900345,33.3413243],[44.3900618,33.3412806],[44.3901384,33.3412089],[44.390153,33.3412158],[44.3901945,33.341223],[44.3902039,33.3412246],[44.3902282,33.3412364],[44.3902441,33.3412409],[44.3902609,33.34124],[44.3902759,33.3412338],[44.390287,33.3412232],[44.3902924,33.3412099],[44.3902917,33.3412012],[44.3902913,33.3411958],[44.3902838,33.3411832],[44.3902712,33.3411739],[44.3902409,33.3411593],[44.3902282,33.3411552],[44.390195,33.3411494],[44.3901837,33.3411474],[44.3901729,33.3411379],[44.390151,33.3410888],[44.3901499,33.3410866],[44.3901131,33.3410184],[44.3901965,33.3409314],[44.3901976,33.3409302],[44.3902303,33.3408961],[44.3902952,33.3409306],[44.3904635,33.3410203],[44.3904792,33.3410253],[44.390496,33.341025],[44.3905113,33.3410193],[44.3905186,33.3410129],[44.3905229,33.3410092],[44.390529,33.340996],[44.3905286,33.340982],[44.3905218,33.3409691],[44.390519,33.3409668],[44.3905097,33.3409594],[44.3904571,33.3409314],[44.3902447,33.3408183],[44.3901974,33.3407905],[44.3899935,33.3406706],[44.3899782,33.3406649],[44.3899614,33.3406645],[44.3899457,33.3406696],[44.3899336,33.3406794],[44.3899268,33.3406922],[44.3899264,33.3407063],[44.3899325,33.3407194],[44.3899441,33.3407296],[44.3901585,33.3408558],[44.3900877,33.3409297],[44.3900295,33.3409905],[44.3900238,33.3410279],[44.3900709,33.3411152],[44.3900863,33.3411496],[44.3900325,33.3411999],[44.3900217,33.3412101],[44.3900069,33.3411998],[44.3899784,33.3411801],[44.3899636,33.3411735],[44.3899469,33.3411721],[44.3899308,33.3411761],[44.3899178,33.341185],[44.3899099,33.3411974],[44.3899096,33.3411994],[44.3899082,33.3412114],[44.389913,33.3412249],[44.3899236,33.3412358],[44.3899719,33.3412691],[44.3899558,33.3412948],[44.3899521,33.3413031],[44.3899347,33.3413636],[44.3899335,33.3413714],[44.3899322,33.3414284],[44.3899326,33.3414342],[44.3899344,33.3414447],[44.3899065,33.3414699],[44.3898699,33.3415029],[44.3898324,33.3415367],[44.3898293,33.3415827],[44.3898691,33.341628],[44.3898909,33.3416528],[44.3898917,33.3416537],[44.3899733,33.3417407],[44.3900046,33.3417741],[44.3899298,33.3418268],[44.3898681,33.3417838],[44.389865,33.3417817],[44.3898594,33.3417775],[44.3898593,33.3417774],[44.3898538,33.3417734],[44.3898534,33.3417732],[44.3898531,33.3417728],[44.3898048,33.3417399],[44.3897029,33.3416703],[44.3895676,33.3415686],[44.3895469,33.3415518],[44.3894711,33.3414905],[44.3894894,33.3414679],[44.3895429,33.3414019],[44.3895479,33.341392],[44.3895495,33.341389],[44.3895496,33.3413749],[44.3895481,33.3413717],[44.3895433,33.3413618],[44.3895315,33.3413518],[44.3895161,33.3413463],[44.3894993,33.3413462],[44.3894837,33.3413515],[44.3894718,33.3413613],[44.3894117,33.3414355],[44.3892262,33.3412459],[44.3892259,33.3412456],[44.3892262,33.3412448],[44.3892272,33.3412421],[44.3892263,33.3412348],[44.3892254,33.3412281],[44.3892175,33.3412157],[44.3892045,33.3412068],[44.3891884,33.3412028],[44.3891851,33.3412031],[44.3891784,33.3411959],[44.3889233,33.3409242],[44.3889057,33.3409055],[44.3887581,33.3407482],[44.3889058,33.3406536],[44.3889074,33.3406526],[44.3890093,33.3405874],[44.3890737,33.3406544],[44.3890813,33.3406623],[44.3890894,33.3406679],[44.3890994,33.3406706],[44.3891098,33.3406698],[44.3891191,33.3406657],[44.3891259,33.3406589],[44.3891275,33.3406547],[44.389129,33.3406506],[44.3891281,33.3406418],[44.3891232,33.340634],[44.3890522,33.3405602],[44.389131,33.3405104],[44.3892315,33.340448],[44.3892994,33.3404058],[44.3894589,33.3405579],[44.3894943,33.3405617],[44.3895537,33.3405278],[44.3897999,33.3403873],[44.3898777,33.3403429],[44.3899572,33.3402975],[44.3900076,33.3402687],[44.3900777,33.3402288]]]}},{"type":"Feature","properties":{"kind":"street_edge_area"},"geometry":{"type":"Polygon","coordinates":[[[44.3907886,33.3410778],[44.3908047,33.3410987],[44.3908023,33.3411017],[44.3907888,33.3411221],[44.3907857,33.3411282],[44.3907767,33.3411507],[44.3907752,33.3411556],[44.3907701,33.3411788],[44.3907694,33.3411836],[44.3907683,33.3412034],[44.3907681,33.3412073],[44.3907681,33.3412116],[44.3907703,33.3412354],[44.3907709,33.3412397],[44.3907765,33.3412634],[44.3907776,33.3412672],[44.3907863,33.3412905],[44.3907876,33.3412937],[44.3907989,33.3413164],[44.3908007,33.3413197],[44.3908093,33.341333],[44.3908021,33.3413366],[44.3907874,33.3413137],[44.3907725,33.341284],[44.3907613,33.3412534],[44.390754,33.3412227],[44.3907523,33.3412033],[44.3907513,33.3411922],[44.3907531,33.3411618],[44.3907595,33.3411323],[44.3907707,33.3411044],[44.3907873,33.341079],[44.3907886,33.3410778]]]}},{"type":"Feature","properties":{"kind":"street_edge_area"},"geometry":{"type":"Polygon","coordinates":[[[44.3891388,33.3393143],[44.3891548,33.3393136],[44.3891636,33.3393125],[44.3891734,33.3393104],[44.3891499,33.339326],[44.3891388,33.3393143]]]}},{"type":"Feature","properties":{"kind":"street_edge_area"},"geometry":{"type":"Polygon","coordinates":[[[44.3891075,33.3393538],[44.3890747,33.3393753],[44.3889153,33.339469],[44.3887938,33.3395404],[44.3887934,33.3395406],[44.388744,33.3395708],[44.3885913,33.3396641],[44.3885869,33.3396668],[44.3885632,33.3396431],[44.3885915,33.3396251],[44.3886778,33.3395705],[44.3887939,33.3394968],[44.3889156,33.3394242],[44.3890445,33.3393473],[44.3890449,33.3393469],[44.3890454,33.3393467],[44.3890798,33.3393243],[44.3891075,33.3393538]]]}},{"type":"Feature","properties":{"kind":"street_edge_area"},"geometry":{"type":"Polygon","coordinates":[[[44.3891832,33.3393614],[44.3892244,33.3393342],[44.3892388,33.3393489],[44.3892457,33.3393558],[44.3892388,33.3393605],[44.3892261,33.3393691],[44.3892261,33.3393692],[44.3892228,33.3393725],[44.3892194,33.3393759],[44.3892194,33.3393759],[44.3892179,33.3393801],[44.3892163,33.3393843],[44.3892163,33.3393844],[44.3892168,33.3393887],[44.3892173,33.339393],[44.3892173,33.3393931],[44.3892197,33.3393969],[44.3892222,33.3394008],[44.3892222,33.3394009],[44.3892384,33.3394174],[44.3893146,33.3394957],[44.3893117,33.3394976],[44.3892384,33.3394199],[44.3891832,33.3393614]]]}},{"type":"Feature","properties":{"kind":"street_edge_area"},"geometry":{"type":"Polygon","coordinates":[[[44.3893695,33.3395165],[44.3893896,33.3395026],[44.3894592,33.3395741],[44.3895594,33.339677],[44.38968,33.339801],[44.3897237,33.3398459],[44.3897344,33.3398568],[44.3896824,33.3398909],[44.3896396,33.3398455],[44.3895588,33.3397598],[44.3895121,33.3397103],[44.3893835,33.3395738],[44.3893451,33.339533],[44.3893695,33.3395165]]]}},{"type":"Feature","properties":{"kind":"street_edge_area"},"geometry":{"type":"Polygon","coordinates":[[[44.3891909,33.3412809],[44.3892257,33.3413165],[44.3893733,33.3414674],[44.3893808,33.341475],[44.3893677,33.3414939],[44.3893242,33.3415443],[44.3893222,33.3415469],[44.3892978,33.341581],[44.389257,33.3415538],[44.3892243,33.3415281],[44.3891769,33.3414909],[44.3891906,33.3414665],[44.3891919,33.3414643],[44.3891941,33.3414595],[44.3892035,33.3414337],[44.3892054,33.3414232],[44.3892054,33.3413924],[44.3892019,33.3413783],[44.3891777,33.3413306],[44.3891709,33.3413213],[44.389155,33.3413058],[44.3891909,33.3412809]]]}},{"type":"Feature","properties":{"kind":"street_edge_area"},"geometry":{"type":"Polygon","coordinates":[[[44.3910326,33.3417748],[44.3910139,33.3417456],[44.3909636,33.3416666],[44.3909992,33.3416193],[44.3910051,33.3416067],[44.3910213,33.3415339],[44.3910306,33.341536],[44.3910341,33.3415366],[44.3910732,33.3415407],[44.3910773,33.3415409],[44.3911168,33.3415401],[44.3911209,33.3415397],[44.3911597,33.3415337],[44.3911606,33.3415334],[44.3911619,33.341533],[44.3911642,33.3415327],[44.3912015,33.341521],[44.3912058,33.3415193],[44.3912083,33.341518],[44.3912992,33.341617],[44.3911595,33.3416996],[44.3910813,33.3417459],[44.3910326,33.3417748]]]}},{"type":"Feature","properties":{"kind":"street_edge_area"},"geometry":{"type":"Polygon","coordinates":[[[44.3914862,33.3417029],[44.3914823,33.3416985],[44.3913949,33.3416029],[44.3913948,33.3416028],[44.3912786,33.3414763],[44.3912772,33.3414747],[44.3913015,33.3414489],[44.3913026,33.3414472],[44.3913041,33.3414456],[44.3913227,33.3414165],[44.3913245,33.3414132],[44.3913319,33.341395],[44.3914839,33.3414566],[44.3915355,33.3414775],[44.3917615,33.341569],[44.3916996,33.3416879],[44.3914862,33.3417029]]]}},{"type":"Feature","properties":{"kind":"street_edge_area"},"geometry":{"type":"Polygon","coordinates":[[[44.3908792,33.3414186],[44.3908523,33.3413955],[44.3908595,33.3413919],[44.3908778,33.3414075],[44.3908807,33.3414098],[44.3909033,33.3414258],[44.3909066,33.3414279],[44.3909164,33.3414335],[44.3909154,33.3414349],[44.3909125,33.3414417],[44.3909088,33.3414396],[44.3908792,33.3414186]]]}},{"type":"Feature","properties":{"kind":"street_edge_area"},"geometry":{"type":"Polygon","coordinates":[[[44.3910378,33.3414754],[44.391057,33.3414775],[44.3910636,33.3414778],[44.3910918,33.3414772],[44.3910987,33.3414766],[44.3911055,33.3414755],[44.3911263,33.3414722],[44.3911333,33.3414706],[44.3911578,33.341463],[44.3911611,33.3414665],[44.3911696,33.3414758],[44.3911746,33.3414813],[44.3911609,33.3414856],[44.3911477,33.3414898],[44.3911133,33.341495],[44.391078,33.3414958],[44.3910428,33.341492],[44.3910331,33.3414898],[44.3910378,33.3414754]]]}},{"type":"Feature","properties":{"kind":"street_edge_area"},"geometry":{"type":"Polygon","coordinates":[[[44.3912271,33.3414201],[44.3912418,33.3414044],[44.391246,33.3413991],[44.3912592,33.3413784],[44.391262,33.3413731],[44.3912643,33.3413675],[44.3912832,33.3413752],[44.3912743,33.3413968],[44.3912578,33.3414225],[44.3912434,33.3414379],[44.3912271,33.3414201]]]}},{"type":"Feature","properties":{"kind":"street_edge_area"},"geometry":{"type":"Polygon","coordinates":[[[44.3911264,33.3413958],[44.3911069,33.3414019],[44.3910862,33.3414051],[44.3910647,33.3414056],[44.3910429,33.3414032],[44.3910207,33.3413982],[44.3909988,33.3413909],[44.3909776,33.3413813],[44.3909573,33.3413696],[44.3909378,33.3413558],[44.39092,33.3413405],[44.3909038,33.3413238],[44.3908896,33.3413058],[44.3908775,33.341287],[44.3908679,33.3412676],[44.3908605,33.3412476],[44.3908559,33.3412279],[44.3908542,33.3412085],[44.3908544,33.3412038],[44.3908552,33.3411895],[44.3908593,33.3411711],[44.390866,33.3411541],[44.3908759,33.3411392],[44.3908887,33.3411256],[44.3909042,33.3411142],[44.3909218,33.3411054],[44.3909412,33.3410993],[44.3909617,33.3410961],[44.3909832,33.3410957],[44.3910053,33.3410982],[44.3910274,33.341103],[44.3910491,33.3411104],[44.3910705,33.3411199],[44.3910909,33.3411317],[44.3911101,33.3411452],[44.3911278,33.3411606],[44.3911442,33.3411775],[44.3911584,33.3411953],[44.3911628,33.3412024],[44.3911647,33.3412052],[44.3911704,33.3412143],[44.3911802,33.3412338],[44.3911875,33.3412535],[44.3911921,33.3412732],[44.3911937,33.3412928],[44.3911928,33.3413118],[44.3911888,33.3413299],[44.3911818,33.3413469],[44.391172,33.3413622],[44.3911617,33.3413731],[44.3911592,33.3413758],[44.3911439,33.3413871],[44.3911264,33.3413958]]]}},{"type":"Feature","properties":{"kind":"street_edge_area"},"geometry":{"type":"Polygon","coordinates":[[[44.3960964,33.3399112],[44.3961406,33.3398759],[44.3961987,33.3398295],[44.3962558,33.3398765],[44.39627,33.3398882],[44.3962742,33.3398905],[44.3962783,33.3398928],[44.3962785,33.3398929],[44.3962787,33.339893],[44.3962837,33.3398938],[44.3962886,33.3398946],[44.3962888,33.3398946],[44.3962891,33.3398946],[44.396294,33.3398938],[44.3962989,33.339893],[44.3962991,33.3398929],[44.3962993,33.3398928],[44.3963035,33.3398904],[44.3963077,33.3398881],[44.3963215,33.3398768],[44.3963353,33.3398654],[44.3964132,33.3398012],[44.3964134,33.339801],[44.3964137,33.3398008],[44.3964163,33.3397974],[44.3964191,33.339794],[44.3964192,33.3397937],[44.3964194,33.3397934],[44.3964202,33.3397894],[44.3964212,33.3397853],[44.3964212,33.3397851],[44.3964212,33.3397848],[44.3964202,33.3397807],[44.3964193,33.3397767],[44.3964191,33.3397765],[44.396419,33.3397762],[44.3964162,33.3397728],[44.3964135,33.3397693],[44.3964132,33.3397692],[44.396413,33.3397689],[44.3963441,33.3397131],[44.3964767,33.339607],[44.3966608,33.3394597],[44.3968127,33.339338],[44.3969087,33.3392612],[44.3969844,33.339327],[44.3969981,33.3393389],[44.3972787,33.3395825],[44.3973052,33.3396056],[44.3973114,33.3396109],[44.397394,33.3396826],[44.3973046,33.3397035],[44.3970232,33.3397694],[44.3970085,33.3397755],[44.3969813,33.3397931],[44.3968475,33.3398792],[44.3966572,33.3400018],[44.396455,33.340132],[44.3964415,33.3401468],[44.3964409,33.3401478],[44.396332,33.3403668],[44.3963067,33.3404177],[44.3961724,33.3406876],[44.3961516,33.3407293],[44.3961498,33.3407337],[44.3960774,33.3409577],[44.3960449,33.341058],[44.3960047,33.341047],[44.3956826,33.3409584],[44.3956732,33.3409558],[44.3953605,33.3408698],[44.3953181,33.3408582],[44.3953608,33.3408227],[44.3955271,33.3406846],[44.3956612,33.3405733],[44.3956853,33.3405576],[44.3959035,33.3404159],[44.3959271,33.3404005],[44.3959343,33.3403946],[44.3960096,33.3403163],[44.3961729,33.3401466],[44.3961758,33.3401436],[44.3961853,33.340121],[44.3961853,33.3399912],[44.3961701,33.3399637],[44.3960964,33.3399112]]]}},{"type":"Feature","properties":{"kind":"street_edge_area"},"geometry":{"type":"Polygon","coordinates":[[[44.3974742,33.3397387],[44.3976268,33.33978],[44.3976632,33.3397899],[44.397837,33.3398756],[44.3978409,33.3398773],[44.3978583,33.339884],[44.3979486,33.3399187],[44.3979582,33.3399224],[44.3979484,33.3399459],[44.3978619,33.3401545],[44.3978593,33.3401608],[44.3977882,33.3401542],[44.3976244,33.3401389],[44.3975874,33.3401355],[44.3975845,33.3401353],[44.3974145,33.3401293],[44.397302,33.3400975],[44.3971823,33.3400637],[44.3971753,33.3400629],[44.3971683,33.3400618],[44.397167,33.340062],[44.3971657,33.3400618],[44.3971588,33.3400634],[44.3971518,33.3400646],[44.3971507,33.3400652],[44.3971495,33.3400655],[44.3971438,33.3400692],[44.3971379,33.3400725],[44.3971372,33.3400734],[44.3971362,33.3400741],[44.3971326,33.3400793],[44.3971287,33.3400843],[44.3970964,33.3401509],[44.3970699,33.3402055],[44.3970694,33.3402066],[44.3969771,33.3404167],[44.3969753,33.3404209],[44.3969376,33.3405066],[44.3969359,33.3405118],[44.3968922,33.340691],[44.3968796,33.3407429],[44.3967906,33.3409611],[44.3967323,33.341104],[44.3966491,33.3412167],[44.3966386,33.3412309],[44.3964788,33.3414472],[44.3964312,33.3415004],[44.3963469,33.3415947],[44.3963239,33.3415785],[44.3962117,33.3414994],[44.3961687,33.341469],[44.3960339,33.3413279],[44.3960721,33.3412282],[44.3961155,33.3411152],[44.3961161,33.3411136],[44.3961664,33.3409581],[44.3962322,33.3407549],[44.3962654,33.3406881],[44.3963307,33.3405568],[44.3963997,33.3404182],[44.3965165,33.3401834],[44.3965707,33.3401485],[44.3966565,33.3400932],[44.3969807,33.3398845],[44.3969878,33.3398799],[44.3970544,33.339837],[44.3973041,33.3397786],[44.3974742,33.3397387]]]}},{"type":"Feature","properties":{"kind":"street_edge_area"},"geometry":{"type":"Polygon","coordinates":[[[44.3960507,33.3396546],[44.3960142,33.3396217],[44.395998,33.3396071],[44.3960009,33.3396047],[44.3960144,33.3395936],[44.3960663,33.3395509],[44.3961229,33.3395967],[44.3961123,33.3396053],[44.3960507,33.3396546]]]}},{"type":"Feature","properties":{"kind":"street_edge_area"},"geometry":{"type":"Polygon","coordinates":[[[44.3963052,33.3397443],[44.396336,33.3397692],[44.3963558,33.3397853],[44.3963358,33.3398018],[44.3962888,33.3398405],[44.3962376,33.3397983],[44.3963052,33.3397443]]]}},{"type":"Feature","properties":{"kind":"street_edge_area"},"geometry":{"type":"Polygon","coordinates":[[[44.3935941,33.3397698],[44.3937538,33.3398294],[44.3938496,33.3398652],[44.3940757,33.3399496],[44.3943976,33.3400698],[44.3944393,33.3400854],[44.3945454,33.3401288],[44.3945405,33.340139],[44.3944181,33.3403915],[44.3943955,33.3403864],[44.3942149,33.3403462],[44.3942078,33.3403451],[44.3940731,33.3403346],[44.3940065,33.3403295],[44.3939799,33.3403347],[44.3938672,33.3403929],[44.3938668,33.3403932],[44.3938421,33.3404062],[44.3937895,33.3404341],[44.3937754,33.3404059],[44.3937503,33.340356],[44.3936825,33.3402212],[44.3936389,33.3401347],[44.3935023,33.3398636],[44.393474,33.3398075],[44.3935941,33.3397698]]]}},{"type":"Feature","properties":{"kind":"street_edge_area"},"geometry":{"type":"Polygon","coordinates":[[[44.3946231,33.3401601],[44.3947195,33.3401984],[44.3947991,33.3402299],[44.3947189,33.3402927],[44.3945693,33.3404096],[44.3944614,33.340494],[44.3944836,33.3404481],[44.3945024,33.3404093],[44.3946231,33.3401601]]]}},{"type":"Feature","properties":{"kind":"street_edge_area"},"geometry":{"type":"Polygon","coordinates":[[[44.3939199,33.3408697],[44.3939478,33.3409079],[44.3938992,33.3409475],[44.3937455,33.3410729],[44.3935757,33.3412115],[44.3934223,33.3411495],[44.3932676,33.341087],[44.3933505,33.340945],[44.3933539,33.3409391],[44.3933583,33.3409233],[44.3933583,33.3408717],[44.3933561,33.3408602],[44.3933411,33.3408231],[44.3933329,33.3407746],[44.3933499,33.3407454],[44.3934248,33.3407719],[44.3936138,33.3408389],[44.3936215,33.3408409],[44.3937469,33.3408636],[44.3937761,33.3408689],[44.3937852,33.3408697],[44.3939199,33.3408697]]]}},{"type":"Feature","properties":{"kind":"street_edge_area"},"geometry":{"type":"Polygon","coordinates":[[[44.394011,33.3408563],[44.3939824,33.3408171],[44.3939119,33.3406771],[44.3938234,33.3405014],[44.3939125,33.3404542],[44.394004,33.340407],[44.3940129,33.3404024],[44.3940727,33.3404071],[44.3940758,33.3404073],[44.3941962,33.3404167],[44.3943855,33.3404589],[44.3943118,33.3406111],[44.3942291,33.3406785],[44.39407,33.3408083],[44.394011,33.3408563]]]}},{"type":"Feature","properties":{"kind":"street_edge_area"},"geometry":{"type":"Polygon","coordinates":[[[44.3888011,33.3330082],[44.388827,33.3330524],[44.3888297,33.3330609],[44.3888284,33.3330697],[44.3888231,33.3330773],[44.3888211,33.3330786],[44.3888148,33.3330826],[44.3888046,33.3330849],[44.3887942,33.3330837],[44.3887851,33.3330793],[44.3887843,33.3330784],[44.3887788,33.3330723],[44.3887528,33.333028],[44.3887501,33.3330195],[44.3887515,33.3330108],[44.3887568,33.3330032],[44.3887651,33.3329979],[44.3887752,33.3329956],[44.3887856,33.3329968],[44.3887947,33.3330012],[44.3888011,33.3330082]]]}},{"type":"Feature","properties":{"kind":"street_edge_area"},"geometry":{"type":"Polygon","coordinates":[[[44.3880507,33.3340372],[44.3879843,33.3338897],[44.3879828,33.3338862],[44.3879551,33.3338246],[44.3879523,33.3338108],[44.3879561,33.3337971],[44.3879659,33.3337856],[44.3879801,33.3337782],[44.3879851,33.3337775],[44.3879967,33.3337759],[44.3880131,33.3337791],[44.3880267,33.3337872],[44.3880356,33.3337992],[44.3880749,33.3338866],[44.3881286,33.3340061],[44.3882791,33.3341581],[44.3883051,33.3341844],[44.3885479,33.3344299],[44.3886256,33.3345084],[44.3888168,33.3347017],[44.3888865,33.3347721],[44.3888949,33.3347858],[44.3889096,33.3348315],[44.3889071,33.3348558],[44.3888874,33.334892],[44.3888814,33.3349001],[44.3888099,33.3349722],[44.3886959,33.3350871],[44.3886588,33.3351391],[44.38865,33.3351855],[44.388658,33.335242],[44.388666,33.3352981],[44.388724,33.3354943],[44.3887248,33.3355083],[44.3887229,33.3355128],[44.3887191,33.3355215],[44.3887078,33.335532],[44.3886926,33.3355379],[44.3886759,33.3355386],[44.3886601,33.3355338],[44.3886476,33.3355244],[44.388641,33.3355124],[44.3886405,33.3355116],[44.3886194,33.3354404],[44.3885818,33.3353133],[44.3885808,33.3353089],[44.3885713,33.3352416],[44.3885638,33.335189],[44.3885641,33.3351791],[44.3885751,33.3351209],[44.3885807,33.3351081],[44.388622,33.33505],[44.3886237,33.3350477],[44.3886276,33.3350431],[44.3886984,33.3349717],[44.3888115,33.3348577],[44.3888224,33.3348376],[44.3888143,33.3348121],[44.3887045,33.3347012],[44.3886249,33.3346207],[44.3884356,33.3344294],[44.3883043,33.3342967],[44.3881667,33.3341576],[44.3880578,33.3340475],[44.3880507,33.3340372]]]}},{"type":"Feature","properties":{"kind":"street_edge_area"},"geometry":{"type":"Polygon","coordinates":[[[44.3940848,33.3346711],[44.3941107,33.334697],[44.3941397,33.334726],[44.3941401,33.3347266],[44.3941448,33.3347337],[44.3941459,33.3347425],[44.394143,33.3347509],[44.3941364,33.3347578],[44.3941272,33.334762],[44.3941168,33.3347629],[44.3941103,33.3347613],[44.3941067,33.3347605],[44.3940985,33.334755],[44.3940698,33.3347263],[44.3940435,33.3347],[44.3940434,33.3346998],[44.3939374,33.3345919],[44.3939324,33.3345842],[44.3939314,33.3345754],[44.3939344,33.334567],[44.393941,33.3345602],[44.3939503,33.334556],[44.3939607,33.3345552],[44.3939708,33.3345577],[44.3939789,33.3345633],[44.3940848,33.3346711]]]}},{"type":"Feature","properties":{"kind":"street_edge_area"},"geometry":{"type":"Polygon","coordinates":[[[44.3979902,33.3353283],[44.3980709,33.3353875],[44.3980812,33.3353986],[44.3980855,33.3354122],[44.3980834,33.3354262],[44.398075,33.3354384],[44.3980617,33.335447],[44.3980454,33.3354506],[44.3980288,33.3354488],[44.3980143,33.3354418],[44.3979786,33.3354156],[44.3979335,33.3353825],[44.3979233,33.3353714],[44.3979189,33.3353578],[44.3979211,33.3353438],[44.3979295,33.3353316],[44.3979428,33.3353231],[44.397959,33.3353194],[44.3979757,33.3353212],[44.3979792,33.335323],[44.3979902,33.3353283]]]}},{"type":"Feature","properties":{"kind":"street_edge_area"},"geometry":{"type":"Polygon","coordinates":[[[44.3979873,33.3356273],[44.3980278,33.3356148],[44.3980444,33.3356126],[44.3980607,33.3356159],[44.3980743,33.3356242],[44.398083,33.3356362],[44.3980856,33.3356501],[44.3980817,33.3356638],[44.3980718,33.3356752],[44.3980575,33.3356825],[44.3980278,33.3356917],[44.3979764,33.3357427],[44.3979572,33.3357618],[44.3979024,33.3357695],[44.3978191,33.3357281],[44.3978029,33.3356804],[44.397827,33.3356416],[44.3978136,33.3356287],[44.3978027,33.3356196],[44.3977933,33.3356079],[44.39779,33.3355941],[44.3977932,33.3355803],[44.3978025,33.3355686],[44.3978164,33.3355607],[44.3978329,33.3355579],[44.3978493,33.3355606],[44.3978633,33.3355684],[44.3978754,33.3355784],[44.3978776,33.3355804],[44.3979112,33.3356129],[44.3979168,33.3356532],[44.3978981,33.3356835],[44.397915,33.3356919],[44.3979693,33.3356379],[44.3979772,33.3356333],[44.3979873,33.3356273]]]}},{"type":"Feature","properties":{"kind":"street_edge_area"},"geometry":{"type":"Polygon","coordinates":[[[44.3915738,33.3365938],[44.3915664,33.3366082],[44.3915417,33.336656],[44.3915413,33.3366565],[44.3915411,33.3366571],[44.3915383,33.3366601],[44.3915357,33.3366632],[44.3915351,33.3366635],[44.3915346,33.3366641],[44.3915157,33.3366778],[44.3915062,33.3366846],[44.3915099,33.3366884],[44.3915147,33.3366963],[44.3915155,33.3367045],[44.3915156,33.336705],[44.3915155,33.3367052],[44.3915124,33.3367134],[44.3915056,33.3367201],[44.3914963,33.3367241],[44.3914858,33.3367249],[44.3914758,33.3367222],[44.3914678,33.3367165],[44.3914655,33.3367141],[44.3914439,33.3367296],[44.3914416,33.3367307],[44.3914396,33.3367321],[44.3914371,33.3367329],[44.3914347,33.336734],[44.3914321,33.3367342],[44.3914297,33.3367349],[44.3913492,33.3367433],[44.3913387,33.3367427],[44.3913293,33.3367387],[44.3913225,33.3367321],[44.3913192,33.3367237],[44.3913199,33.336715],[44.3913247,33.3367071],[44.3913326,33.3367013],[44.3913425,33.3366986],[44.391415,33.336691],[44.3914516,33.3366646],[44.3914948,33.3366333],[44.3915079,33.3366079],[44.3915163,33.3365917],[44.3915245,33.3365759],[44.3915304,33.3365686],[44.3915393,33.3365638],[44.3915496,33.3365623],[44.3915598,33.3365641],[44.3915685,33.3365691],[44.3915742,33.3365765],[44.391576,33.3365852],[44.3915738,33.3365938]]]}},{"type":"Feature","properties":{"kind":"street_edge_area"},"geometry":{"type":"Polygon","coordinates":[[[44.3979353,33.3390386],[44.3979543,33.3390695],[44.3979563,33.3390728],[44.3980818,33.3392782],[44.3980864,33.3392917],[44.3980844,33.3393057],[44.3980762,33.339318],[44.3980631,33.3393268],[44.3980469,33.3393306],[44.3980303,33.339329],[44.3980156,33.3393221],[44.3980052,33.3393111],[44.3979532,33.3392261],[44.3978593,33.3390724],[44.3978452,33.3390493],[44.3978489,33.3390113],[44.3978677,33.3389901],[44.3978843,33.3389788],[44.397945,33.3389554],[44.3979551,33.3389476],[44.3980141,33.3389015],[44.3980283,33.3388941],[44.3980449,33.3388919],[44.3980612,33.3388951],[44.3980749,33.3389033],[44.3980837,33.3389153],[44.3980864,33.3389292],[44.3980825,33.3389429],[44.3980727,33.3389543],[44.3979986,33.3390122],[44.3979873,33.3390186],[44.3979545,33.3390312],[44.3979353,33.3390386]]]}},{"type":"Feature","properties":{"kind":"street_edge_area"},"geometry":{"type":"Polygon","coordinates":[[[44.3880289,33.3412152],[44.3880081,33.3411905],[44.3879626,33.3411364],[44.3879558,33.3411235],[44.3879554,33.3411094],[44.3879615,33.3410963],[44.387973,33.3410861],[44.3879884,33.3410804],[44.3880052,33.3410801],[44.3880208,33.3410851],[44.388033,33.3410948],[44.3880993,33.3411736],[44.3881061,33.3411865],[44.3881062,33.3411909],[44.3881065,33.3412006],[44.3881004,33.3412137],[44.3880889,33.3412239],[44.3880735,33.3412296],[44.3880567,33.34123],[44.3880411,33.3412249],[44.3880289,33.3412152]]]}},{"type":"Feature","properties":{"kind":"street_edge_area"},"geometry":{"type":"Polygon","coordinates":[[[44.3954242,33.3417541],[44.3954118,33.3417662],[44.3953541,33.3418222],[44.3952935,33.3418811],[44.3952802,33.3418898],[44.3952641,33.3418935],[44.3952474,33.3418918],[44.3952328,33.3418849],[44.3952225,33.3418738],[44.395218,33.3418602],[44.39522,33.3418462],[44.3952283,33.341834],[44.3952987,33.3417656],[44.3953549,33.341711],[44.3953591,33.341707],[44.3953723,33.3416983],[44.3953885,33.3416946],[44.3954051,33.3416963],[44.3954197,33.3417032],[44.3954301,33.3417143],[44.3954345,33.3417279],[44.3954325,33.3417419],[44.3954242,33.3417541]]]}},{"type":"Feature","properties":{"kind":"street_edge_area"},"geometry":{"type":"Polygon","coordinates":[[[44.3970692,33.3418277],[44.3971189,33.3417759],[44.3971214,33.3417742],[44.3971318,33.3417669],[44.3971478,33.3417627],[44.3971645,33.3417639],[44.3971794,33.3417704],[44.3971834,33.3417745],[44.3971902,33.3417812],[44.3971952,33.3417946],[44.3971937,33.3418086],[44.397186,33.3418211],[44.3971323,33.3418771],[44.3971198,33.341886],[44.3971141,33.3418886],[44.3970982,33.341893],[44.3970814,33.3418919],[44.3970665,33.3418855],[44.3970555,33.3418748],[44.3970503,33.3418615],[44.3970516,33.3418474],[44.3970592,33.3418349],[44.3970692,33.3418277]]]}},{"type":"Feature","properties":{"kind":"street_edge_area"},"geometry":{"type":"Polygon","coordinates":[[[44.3946094,33.3418847],[44.3945927,33.3418908],[44.3945763,33.3418938],[44.3945598,33.3418913],[44.3945457,33.3418836],[44.3945361,33.3418721],[44.3945326,33.3418583],[44.3945355,33.3418445],[44.3945446,33.3418326],[44.3945584,33.3418246],[44.3945751,33.3418185],[44.3945915,33.3418155],[44.394608,33.341818],[44.3946222,33.3418257],[44.3946317,33.3418372],[44.3946353,33.341851],[44.3946323,33.3418648],[44.3946232,33.3418767],[44.3946094,33.3418847]]]}},{"type":"Feature","properties":{"kind":"street_space","assumption":"closed_outlines_are_road_surfaces"},"geometry":{"type":"MultiPolygon","coordinates":[[[[44.3894938,33.3322928],[44.3895036,33.3322896],[44.3895141,33.3322899],[44.3895237,33.3322934],[44.389531,33.3322998],[44.3895347,33.332308],[44.3895345,33.3323168],[44.3895302,33.3323248],[44.3895226,33.3323309],[44.3895131,33.3323359],[44.389511,33.332337],[44.3894359,33.3323693],[44.3894344,33.3323707],[44.3894318,33.3323734],[44.3894308,33.3323739],[44.3894301,33.3323746],[44.3894263,33.3323761],[44.3894227,33.3323778],[44.389285,33.3324162],[44.3891942,33.3324416],[44.389178,33.3324461],[44.3889616,33.3325266],[44.3889308,33.332538],[44.388638,33.3326469],[44.3885549,33.3326778],[44.388571,33.3326997],[44.3886378,33.3326766],[44.3889613,33.3325649],[44.3890376,33.3325385],[44.3892848,33.3324531],[44.3893261,33.3324389],[44.3896085,33.332306],[44.3896149,33.332303],[44.3896381,33.3322852],[44.3896524,33.3322779],[44.389669,33.3322758],[44.3896853,33.3322791],[44.3896989,33.3322875],[44.3897076,33.3322995],[44.3897101,33.3323134],[44.3897061,33.3323271],[44.3896961,33.3323384],[44.3896693,33.332359],[44.3896614,33.3323638],[44.3896079,33.332389],[44.3893659,33.3325028],[44.3893613,33.3325047],[44.3892843,33.3325313],[44.3892604,33.3325396],[44.3889608,33.3326431],[44.3886373,33.3327548],[44.3885698,33.3327782],[44.3884878,33.3328065],[44.3884585,33.3328166],[44.3883137,33.3328908],[44.3880175,33.3330426],[44.3880017,33.3330474],[44.3879899,33.333047],[44.387985,33.3330469],[44.3879697,33.333041],[44.3879583,33.3330306],[44.3879525,33.3330174],[44.3879532,33.3330034],[44.3879603,33.3329906],[44.3879726,33.332981],[44.3879904,33.3329719],[44.3883143,33.332806],[44.3883149,33.3328057],[44.3884166,33.3327535],[44.3884226,33.332751],[44.3884904,33.3327276],[44.3884644,33.3326919],[44.3884643,33.3326918],[44.3883508,33.3325353],[44.3883164,33.3324879],[44.3882631,33.3324144],[44.3882681,33.3323977],[44.3882618,33.3323906],[44.3881925,33.3324252],[44.3881923,33.3324253],[44.3881921,33.3324254],[44.3880952,33.3324721],[44.3880852,33.3324749],[44.3880747,33.3324743],[44.3880653,33.3324704],[44.3880584,33.3324637],[44.3880551,33.3324554],[44.3880558,33.3324466],[44.3880592,33.3324409],[44.3880132,33.3324591],[44.3879969,33.3324625],[44.3879938,33.3324621],[44.3879803,33.3324604],[44.3879659,33.3324531],[44.3879559,33.3324418],[44.3879519,33.3324282],[44.3879544,33.3324142],[44.387963,33.3324022],[44.3879765,33.3323938],[44.3879943,33.3323868],[44.38821,33.3323017],[44.3882158,33.3322936],[44.388227,33.3322831],[44.3882422,33.3322771],[44.388259,33.3322764],[44.3882748,33.3322811],[44.3882872,33.3322906],[44.3882944,33.3323033],[44.3882953,33.3323174],[44.3882931,33.3323225],[44.3883176,33.3323103],[44.3883527,33.3322927],[44.3883625,33.3322898],[44.388373,33.3322902],[44.3883825,33.332294],[44.3883895,33.3323005],[44.3883929,33.3323085],[44.3884496,33.3322809],[44.3884655,33.3322763],[44.3884823,33.3322772],[44.3884974,33.3322834],[44.3885085,33.3322939],[44.3885139,33.3323072],[44.3885129,33.3323213],[44.3885055,33.3323339],[44.3884929,33.3323432],[44.3883594,33.3324083],[44.3884518,33.3325358],[44.3885267,33.332639],[44.3886384,33.3325975],[44.3887998,33.3325374],[44.3889619,33.3324772],[44.3891464,33.3324086],[44.3890867,33.3323233],[44.3890833,33.332315],[44.3890839,33.3323063],[44.3890884,33.3322983],[44.3890963,33.3322925],[44.3891062,33.3322896],[44.3891167,33.3322901],[44.3891261,33.3322939],[44.3891331,33.3323005],[44.3891979,33.332393],[44.3892853,33.3323686],[44.3893513,33.3323502],[44.3893146,33.332331],[44.3893069,33.332325],[44.3893026,33.332317],[44.3893022,33.3323082],[44.3893059,33.3323],[44.3893131,33.3322936],[44.3893226,33.3322899],[44.3893331,33.3322896],[44.389343,33.3322927],[44.3894122,33.3323288],[44.3894853,33.3322973],[44.3894938,33.3322928]]],[[[44.3887851,33.3330793],[44.3887843,33.3330784],[44.3887788,33.3330723],[44.3887528,33.333028],[44.3887501,33.3330195],[44.3887515,33.3330108],[44.3887568,33.3330032],[44.3887651,33.3329979],[44.3887752,33.3329956],[44.3887856,33.3329968],[44.3887947,33.3330012],[44.3888011,33.3330082],[44.388827,33.3330524],[44.3888297,33.3330609],[44.3888284,33.3330697],[44.3888231,33.3330773],[44.3888211,33.3330786],[44.3888148,33.3330826],[44.3888046,33.3330849],[44.3887942,33.3330837],[44.3887851,33.3330793]]],[[[44.3910647,33.3322861],[44.3910786,33.3322783],[44.3910827,33.3322776],[44.391095,33.3322755],[44.3911087,33.3322777],[44.3911115,33.3322782],[44.3911255,33.3322859],[44.3911349,33.3322976],[44.3911383,33.3323114],[44.391135,33.3323252],[44.3911258,33.3323369],[44.3910665,33.3323871],[44.3912211,33.3324524],[44.3913716,33.3325159],[44.3913736,33.3325168],[44.3914424,33.3325498],[44.3915429,33.332598],[44.3918646,33.3327522],[44.3920122,33.332823],[44.3921154,33.3328725],[44.3921212,33.3328758],[44.3921862,33.33292],[44.3923572,33.3330364],[44.392509,33.3329029],[44.3925969,33.3328257],[44.3927682,33.3326752],[44.3926523,33.3325975],[44.3926495,33.3325954],[44.3925992,33.3325552],[44.3925227,33.3324941],[44.3925118,33.3324886],[44.3923661,33.3324156],[44.3923597,33.3324117],[44.3922608,33.3323383],[44.3922507,33.3323271],[44.3922464,33.3323135],[44.3922487,33.3322996],[44.3922571,33.3322874],[44.3922638,33.3322831],[44.3922705,33.3322789],[44.3922867,33.3322753],[44.3923033,33.3322772],[44.3923159,33.3322834],[44.3923179,33.3322843],[44.3924137,33.3323554],[44.3925123,33.3324048],[44.3925709,33.3324342],[44.3925786,33.332439],[44.3927076,33.3325421],[44.392728,33.3325558],[44.3928281,33.3326229],[44.3928337,33.3326181],[44.3929049,33.3325566],[44.3930576,33.3324248],[44.3929668,33.3323344],[44.3929587,33.3323221],[44.3929568,33.3323081],[44.3929615,33.3322946],[44.3929692,33.3322864],[44.3929719,33.3322836],[44.3929866,33.3322768],[44.3930033,33.3322752],[44.3930195,33.3322791],[44.3930308,33.3322867],[44.3930326,33.3322879],[44.3931187,33.3323736],[44.3931582,33.3323413],[44.3932238,33.3322876],[44.3932267,33.3322853],[44.3932407,33.3322776],[44.3932572,33.332275],[44.3932737,33.332278],[44.3932875,33.3322859],[44.393289,33.3322879],[44.3932967,33.3322977],[44.3932997,33.3323115],[44.3932963,33.3323253],[44.3932868,33.3323369],[44.3931575,33.3324426],[44.3931461,33.332452],[44.3930242,33.3325572],[44.3928627,33.3326966],[44.392833,33.3327228],[44.3927152,33.3328263],[44.3925083,33.3330081],[44.392409,33.3330954],[44.392392,33.3331103],[44.3923918,33.3331104],[44.3923916,33.3331106],[44.3921837,33.3332885],[44.392095,33.3333644],[44.3918592,33.3335662],[44.3917805,33.3336335],[44.3915346,33.3338439],[44.391466,33.3339025],[44.39121,33.3341215],[44.3911515,33.3341716],[44.3908854,33.3343992],[44.3908838,33.3344006],[44.3908832,33.3344009],[44.3908828,33.3344014],[44.390834,33.3344406],[44.390561,33.3346596],[44.3904987,33.3347096],[44.3902365,33.3349199],[44.3901635,33.3349785],[44.3899121,33.3351802],[44.3898282,33.3352475],[44.3896788,33.3353673],[44.3895876,33.3354421],[44.3894968,33.3355164],[44.3892631,33.3357079],[44.3891685,33.3357854],[44.3889631,33.3359538],[44.3890229,33.3359998],[44.3890233,33.3360002],[44.3890239,33.3360005],[44.3890344,33.3360095],[44.3890423,33.3360026],[44.389046,33.3360003],[44.3890497,33.3359979],[44.3890947,33.3359788],[44.3890965,33.3359784],[44.3890982,33.3359776],[44.3891015,33.3359772],[44.3891048,33.3359764],[44.3891067,33.3359766],[44.3891086,33.3359764],[44.3892341,33.3359831],[44.3892442,33.3359854],[44.3892515,33.33599],[44.3892519,33.33599],[44.3892612,33.3359982],[44.3893009,33.3360331],[44.3893065,33.3360405],[44.3893083,33.3360492],[44.3893063,33.3360566],[44.389306,33.3360578],[44.3893,33.336065],[44.3892911,33.3360697],[44.3892808,33.3360712],[44.3892705,33.3360693],[44.389262,33.3360642],[44.3892607,33.3360631],[44.389253,33.3360563],[44.3892301,33.3360363],[44.3892012,33.3360561],[44.3890354,33.3361698],[44.3890357,33.3361721],[44.3890314,33.3361857],[44.3890212,33.3361969],[44.3889367,33.3362593],[44.3889065,33.3362816],[44.3888992,33.3362859],[44.388817,33.3363248],[44.3886129,33.3364216],[44.3883074,33.3365664],[44.3882891,33.3365863],[44.3882831,33.3365929],[44.3881309,33.3367583],[44.3881269,33.3367621],[44.3880264,33.3368443],[44.3880123,33.3368519],[44.3879958,33.3368545],[44.3879794,33.3368516],[44.3879656,33.3368436],[44.3879646,33.3368425],[44.3879564,33.3368319],[44.3879533,33.336818],[44.3879568,33.3368042],[44.387965,33.3367943],[44.3879663,33.3367926],[44.3880646,33.3367122],[44.3881749,33.3365923],[44.3881886,33.3365774],[44.388163,33.3365782],[44.3881455,33.3365922],[44.3880688,33.3366535],[44.3880619,33.336658],[44.3880191,33.3366805],[44.3880034,33.3366855],[44.3879866,33.336685],[44.3879713,33.3366793],[44.3879658,33.3366743],[44.3879598,33.336669],[44.3879539,33.3366559],[44.3879544,33.3366418],[44.3879612,33.336629],[44.3879661,33.3366251],[44.3879735,33.3366193],[44.3880126,33.3365988],[44.3880215,33.3365916],[44.3881155,33.3365166],[44.3881159,33.3365162],[44.3882904,33.3363802],[44.3883643,33.3363227],[44.3886148,33.3361275],[44.3887094,33.3360538],[44.3888171,33.3359699],[44.3886558,33.335853],[44.3886165,33.3358727],[44.3884301,33.3359662],[44.3883737,33.335957],[44.3882938,33.3358682],[44.3882651,33.3358363],[44.3881679,33.3357807],[44.3881311,33.3357597],[44.3881011,33.3357804],[44.3880234,33.3358342],[44.3880086,33.3358408],[44.3879919,33.3358422],[44.3879758,33.3358382],[44.3879713,33.3358351],[44.3879628,33.3358293],[44.3879549,33.3358169],[44.3879532,33.3358029],[44.387958,33.3357894],[44.3879674,33.3357798],[44.3879686,33.3357785],[44.3879717,33.3357764],[44.3881013,33.3356868],[44.3881529,33.3356849],[44.3882945,33.3357658],[44.3883194,33.33578],[44.3883212,33.3357815],[44.3883295,33.3357881],[44.3884191,33.3358876],[44.3886171,33.3357883],[44.3886279,33.3357829],[44.3886383,33.3357777],[44.3886885,33.3357814],[44.3886911,33.3357832],[44.3888805,33.3359205],[44.3888824,33.335919],[44.3889393,33.3358724],[44.3890461,33.3357849],[44.3892638,33.3356065],[44.3893744,33.3355159],[44.3895883,33.3353406],[44.3895906,33.3353388],[44.3895883,33.3353364],[44.3894995,33.3352459],[44.3894222,33.3351672],[44.389415,33.3351567],[44.3893356,33.3349746],[44.389329,33.3349595],[44.3893275,33.3349551],[44.3892695,33.3347414],[44.3892593,33.3347038],[44.3892551,33.3346882],[44.3891038,33.3345704],[44.389094,33.3345592],[44.3890237,33.3344321],[44.3889656,33.3343273],[44.3889497,33.3343032],[44.388874,33.334188],[44.3888561,33.3341608],[44.3886774,33.3338895],[44.3886302,33.3338177],[44.3884988,33.3336181],[44.388433,33.3335181],[44.3883092,33.3335642],[44.3881685,33.3336166],[44.3880127,33.3336746],[44.3879964,33.3336776],[44.3879857,33.3336761],[44.3879798,33.3336753],[44.3879656,33.3336677],[44.3879559,33.3336562],[44.3879523,33.3336425],[44.3879551,33.3336286],[44.3879641,33.3336167],[44.387966,33.3336156],[44.3879778,33.3336086],[44.3879862,33.3336055],[44.3883097,33.3334851],[44.3884341,33.3334388],[44.3886333,33.3333646],[44.3886769,33.3333484],[44.3888017,33.333302],[44.3889569,33.3332277],[44.3892644,33.3330806],[44.3892806,33.3330729],[44.3894886,33.3329734],[44.3894897,33.3329729],[44.3896044,33.3329218],[44.3897134,33.3328732],[44.3897171,33.3328693],[44.3897145,33.3328592],[44.3896792,33.3328121],[44.3896058,33.3327141],[44.3895122,33.3325892],[44.3894586,33.3326137],[44.3894536,33.3326157],[44.3892833,33.3326712],[44.3889599,33.3327768],[44.3888637,33.3328082],[44.3886365,33.3328824],[44.3885105,33.3329235],[44.3883128,33.3330275],[44.3882211,33.3330758],[44.388018,33.3331826],[44.3880023,33.3331876],[44.387989,33.3331873],[44.3879855,33.3331872],[44.3879702,33.3331815],[44.3879587,33.3331713],[44.3879527,33.3331581],[44.3879532,33.333144],[44.38796,33.3331312],[44.3879722,33.3331215],[44.3879895,33.3331124],[44.3880607,33.333075],[44.3883133,33.3329421],[44.3884682,33.3328606],[44.3884755,33.3328575],[44.3886299,33.3328071],[44.388637,33.3328048],[44.3889604,33.3326992],[44.3892838,33.3325937],[44.3894198,33.3325493],[44.3894392,33.3325404],[44.3895065,33.3325096],[44.3896074,33.3324634],[44.3896977,33.3324221],[44.3899025,33.3322884],[44.3899034,33.3322876],[44.3899169,33.3322792],[44.3899314,33.3322761],[44.3899332,33.3322757],[44.3899498,33.3322778],[44.3899642,33.332285],[44.3899742,33.3322963],[44.3899783,33.3323099],[44.3899759,33.3323239],[44.3899673,33.3323359],[44.3899638,33.3323391],[44.3899583,33.3323434],[44.3899308,33.3323614],[44.3897478,33.3324808],[44.389742,33.332484],[44.389617,33.3325412],[44.3896069,33.3325459],[44.3895878,33.3325546],[44.3896067,33.3325797],[44.3897811,33.3328125],[44.3897914,33.3328263],[44.3897971,33.3328379],[44.3898055,33.3328708],[44.3897972,33.3329007],[44.3897754,33.3329239],[44.3897618,33.3329334],[44.3896038,33.3330037],[44.3895713,33.3330182],[44.3896035,33.3330603],[44.3896203,33.3330823],[44.3898275,33.3333538],[44.3899234,33.3334794],[44.3899627,33.3335308],[44.3900494,33.3336254],[44.3902437,33.3338371],[44.3902988,33.3338971],[44.3903927,33.3339994],[44.3905646,33.334122],[44.3906305,33.3341691],[44.3908504,33.3343261],[44.3908861,33.3342956],[44.3910317,33.334171],[44.3912107,33.3340179],[44.3913462,33.333902],[44.3915353,33.3337402],[44.3916607,33.3336329],[44.3918599,33.3334625],[44.3919752,33.3333639],[44.3921844,33.3331848],[44.3922897,33.3330948],[44.3922971,33.3330884],[44.3921856,33.3330125],[44.3920697,33.3329336],[44.391864,33.332835],[44.3918372,33.3328222],[44.3915423,33.3326808],[44.3913319,33.3325799],[44.3912585,33.3325489],[44.3912206,33.3325329],[44.3909753,33.3324293],[44.3908988,33.3323989],[44.3907609,33.3323442],[44.3907474,33.3323358],[44.3907388,33.3323237],[44.3907364,33.3323098],[44.3907404,33.3322962],[44.3907505,33.3322849],[44.3907649,33.3322776],[44.3907768,33.3322761],[44.3907815,33.3322756],[44.3907844,33.3322762],[44.3907978,33.332279],[44.3908993,33.3323193],[44.3909851,33.3323534],[44.3910647,33.3322861]]],[[[44.3940434,33.3346998],[44.3939374,33.3345919],[44.3939324,33.3345842],[44.3939314,33.3345754],[44.3939344,33.334567],[44.393941,33.3345602],[44.3939503,33.334556],[44.3939607,33.3345552],[44.3939708,33.3345577],[44.3939789,33.3345633],[44.3940848,33.3346711],[44.3941107,33.334697],[44.3941397,33.334726],[44.3941401,33.3347266],[44.3941448,33.3347337],[44.3941459,33.3347425],[44.394143,33.3347509],[44.3941364,33.3347578],[44.3941272,33.334762],[44.3941168,33.3347629],[44.3941103,33.3347613],[44.3941067,33.3347605],[44.3940985,33.334755],[44.3940698,33.3347263],[44.3940435,33.3347],[44.3940434,33.3346998]]],[[[44.3886276,33.3350431],[44.3886984,33.3349717],[44.3888115,33.3348577],[44.3888224,33.3348376],[44.3888143,33.3348121],[44.3887045,33.3347012],[44.3886249,33.3346207],[44.3884356,33.3344294],[44.3883043,33.3342967],[44.3881667,33.3341576],[44.3880578,33.3340475],[44.3880507,33.3340372],[44.3879843,33.3338897],[44.3879828,33.3338862],[44.3879551,33.3338246],[44.3879523,33.3338108],[44.3879561,33.3337971],[44.3879659,33.3337856],[44.3879801,33.3337782],[44.3879851,33.3337775],[44.3879967,33.3337759],[44.3880131,33.3337791],[44.3880267,33.3337872],[44.3880356,33.3337992],[44.3880749,33.3338866],[44.3881286,33.3340061],[44.3882791,33.3341581],[44.3883051,33.3341844],[44.3885479,33.3344299],[44.3886256,33.3345084],[44.3888168,33.3347017],[44.3888865,33.3347721],[44.3888949,33.3347858],[44.3889096,33.3348315],[44.3889071,33.3348558],[44.3888874,33.334892],[44.3888814,33.3349001],[44.3888099,33.3349722],[44.3886959,33.3350871],[44.3886588,33.3351391],[44.38865,33.3351855],[44.388658,33.335242],[44.388666,33.3352981],[44.388724,33.3354943],[44.3887248,33.3355083],[44.3887229,33.3355128],[44.3887191,33.3355215],[44.3887078,33.335532],[44.3886926,33.3355379],[44.3886759,33.3355386],[44.3886601,33.3355338],[44.3886476,33.3355244],[44.388641,33.3355124],[44.3886405,33.3355116],[44.3886194,33.3354404],[44.3885818,33.3353133],[44.3885808,33.3353089],[44.3885713,33.3352416],[44.3885638,33.335189],[44.3885641,33.3351791],[44.3885751,33.3351209],[44.3885807,33.3351081],[44.388622,33.33505],[44.3886237,33.3350477],[44.3886276,33.3350431]]],[[[44.3914948,33.3366333],[44.3915079,33.3366079],[44.3915163,33.3365917],[44.3915245,33.3365759],[44.3915304,33.3365686],[44.3915393,33.3365638],[44.3915496,33.3365623],[44.3915598,33.3365641],[44.3915685,33.3365691],[44.3915742,33.3365765],[44.391576,33.3365852],[44.3915738,33.3365938],[44.3915664,33.3366082],[44.3915417,33.336656],[44.3915413,33.3366565],[44.3915411,33.3366571],[44.3915383,33.3366601],[44.3915357,33.3366632],[44.3915351,33.3366635],[44.3915346,33.3366641],[44.3915157,33.3366778],[44.3915062,33.3366846],[44.3915099,33.3366884],[44.3915147,33.3366963],[44.3915155,33.3367045],[44.3915156,33.336705],[44.3915155,33.3367052],[44.3915124,33.3367134],[44.3915056,33.3367201],[44.3914963,33.3367241],[44.3914858,33.3367249],[44.3914758,33.3367222],[44.3914678,33.3367165],[44.3914655,33.3367141],[44.3914439,33.3367296],[44.3914416,33.3367307],[44.3914396,33.3367321],[44.3914371,33.3367329],[44.3914347,33.336734],[44.3914321,33.3367342],[44.3914297,33.3367349],[44.3913492,33.3367433],[44.3913387,33.3367427],[44.3913293,33.3367387],[44.3913225,33.3367321],[44.3913192,33.3367237],[44.3913199,33.336715],[44.3913247,33.3367071],[44.3913326,33.3367013],[44.3913425,33.3366986],[44.391415,33.336691],[44.3914516,33.3366646],[44.3914948,33.3366333]]],[[[44.3976438,33.3338447],[44.3973952,33.3336597],[44.3973451,33.3336225],[44.3972396,33.3335439],[44.3972381,33.3335428],[44.3971479,33.3334691],[44.3970351,33.3333875],[44.397024,33.3333795],[44.3967028,33.3331474],[44.3966584,33.3331153],[44.3966184,33.3330863],[44.3966179,33.333086],[44.3963817,33.3329106],[44.3962906,33.332843],[44.3960605,33.3326721],[44.395924,33.3325708],[44.3957394,33.3324337],[44.39561,33.3323376],[44.3955999,33.3323264],[44.3955956,33.3323128],[44.3955979,33.3322989],[44.395598,33.3322987],[44.3956064,33.3322867],[44.3956197,33.3322782],[44.395636,33.3322746],[44.3956526,33.3322765],[44.3956671,33.3322836],[44.395688,33.3322991],[44.39574,33.3323378],[44.3960546,33.3325714],[44.3960612,33.3325762],[44.3963823,33.3328147],[44.3964213,33.3328436],[44.3966748,33.3330319],[44.3967035,33.3330526],[44.396791,33.3331159],[44.3970246,33.3332847],[44.3971677,33.3333882],[44.3972051,33.3334152],[44.3972059,33.3334161],[44.397207,33.3334167],[44.3972791,33.3334756],[44.3973465,33.3334185],[44.3973812,33.3333892],[44.3975998,33.3332039],[44.3976085,33.333199],[44.3976188,33.3331972],[44.3976291,33.3331989],[44.3976378,33.3332037],[44.3976437,33.333211],[44.3976458,33.3332196],[44.3976438,33.3332283],[44.397638,33.3332356],[44.3974564,33.3333895],[44.397346,33.333483],[44.3973186,33.3335063],[44.3973457,33.3335265],[44.3975256,33.3336604],[44.3976669,33.3337655],[44.3977033,33.3337926],[44.3978528,33.3336619],[44.3979076,33.333614],[44.3979911,33.3335409],[44.3980111,33.3335234],[44.3980248,33.3335153],[44.3980412,33.3335123],[44.3980578,33.3335147],[44.3980719,33.3335223],[44.3980816,33.3335338],[44.3980852,33.3335475],[44.3980823,33.3335614],[44.3980733,33.3335733],[44.3979969,33.3336401],[44.3980204,33.3336627],[44.3980746,33.3337148],[44.398083,33.333727],[44.3980851,33.3337409],[44.3980808,33.3337545],[44.3980705,33.3337656],[44.3980559,33.3337727],[44.3980393,33.3337745],[44.3980231,33.3337708],[44.3980098,33.3337622],[44.3979898,33.3337429],[44.3979372,33.3336924],[44.397764,33.3338438],[44.3978556,33.3339324],[44.3979876,33.3340602],[44.3980748,33.3341445],[44.3980831,33.3341567],[44.3980852,33.3341707],[44.3980808,33.3341842],[44.3980705,33.3341954],[44.3980559,33.3342023],[44.3980417,33.3342038],[44.3980393,33.3342041],[44.3980381,33.3342038],[44.3980231,33.3342004],[44.3980098,33.3341917],[44.3979869,33.3341696],[44.3977411,33.3339319],[44.3977042,33.3338962],[44.3976658,33.3339297],[44.3976637,33.3339315],[44.3975373,33.3340422],[44.3976642,33.3341653],[44.3977022,33.3342022],[44.3979824,33.3344741],[44.3979849,33.3344765],[44.398075,33.3345639],[44.3980833,33.3345761],[44.3980853,33.3345901],[44.3980809,33.3346037],[44.3980705,33.3346148],[44.3980559,33.3346217],[44.3980393,33.3346235],[44.3980231,33.3346197],[44.3980098,33.3346111],[44.3979841,33.3345861],[44.3978681,33.3344735],[44.3976635,33.334275],[44.397588,33.3342017],[44.3974785,33.3340955],[44.397424,33.3341464],[44.3973738,33.3342007],[44.3973478,33.3342288],[44.397341,33.3342375],[44.3972764,33.3343206],[44.3973402,33.3343555],[44.397395,33.3343854],[44.3973965,33.3343862],[44.3974905,33.3344422],[44.3974956,33.3344458],[44.3975276,33.3344719],[44.3976614,33.3345814],[44.3977387,33.3346446],[44.3977417,33.3346473],[44.3977934,33.3346994],[44.3978014,33.3347118],[44.3978032,33.3347258],[44.3977984,33.3347393],[44.3977941,33.3347437],[44.3977878,33.3347502],[44.3977731,33.3347569],[44.3977564,33.3347584],[44.3977403,33.3347544],[44.3977272,33.3347456],[44.3977251,33.3347434],[44.397677,33.3346949],[44.3976608,33.3346816],[44.3974379,33.3344993],[44.3973908,33.3344713],[44.3973474,33.3344454],[44.3973397,33.3344412],[44.3972298,33.3343813],[44.3971717,33.3344581],[44.397199,33.3344704],[44.397339,33.3345332],[44.3973832,33.334553],[44.3973889,33.3345561],[44.3975016,33.3346277],[44.3975089,33.3346336],[44.3975894,33.3347163],[44.3976159,33.3347429],[44.3976601,33.3347871],[44.3976631,33.3347901],[44.3976712,33.3348025],[44.397673,33.3348165],[44.3976682,33.33483],[44.3976597,33.3348388],[44.3976577,33.3348409],[44.397643,33.3348477],[44.3976263,33.3348492],[44.3976102,33.3348452],[44.3975971,33.3348364],[44.3975232,33.3347624],[44.3975229,33.3347621],[44.3975037,33.3347424],[44.3974455,33.3346826],[44.3973396,33.3346153],[44.3973385,33.3346148],[44.3971255,33.3345192],[44.3970653,33.3345987],[44.3973117,33.3347415],[44.3973376,33.3347564],[44.3973497,33.3347635],[44.3973532,33.3347657],[44.3975063,33.3348755],[44.3975096,33.3348781],[44.3976586,33.3350099],[44.3976628,33.3350136],[44.3977808,33.3351181],[44.3979092,33.3350148],[44.3979817,33.3349564],[44.3980083,33.334935],[44.397982,33.3349104],[44.3978653,33.3348015],[44.3978567,33.3347894],[44.3978543,33.3347754],[44.3978585,33.3347618],[44.3978685,33.3347505],[44.3978814,33.3347441],[44.397883,33.3347433],[44.3978996,33.3347413],[44.3979133,33.3347443],[44.3979158,33.3347448],[44.3979293,33.3347533],[44.3979827,33.3348031],[44.3980745,33.3348887],[44.3980831,33.3349008],[44.3980854,33.3349148],[44.3980813,33.3349284],[44.3980754,33.334935],[44.3980826,33.3349443],[44.3980855,33.3349582],[44.3980819,33.3349719],[44.3980723,33.3349835],[44.3980327,33.3350154],[44.397981,33.335057],[44.3978098,33.3351948],[44.3977066,33.3352843],[44.3976728,33.3353137],[44.3977076,33.3353422],[44.3977684,33.3352846],[44.3977698,33.3352833],[44.3977831,33.3352748],[44.3977994,33.3352712],[44.397816,33.3352731],[44.3978305,33.3352802],[44.3978348,33.3352849],[44.3978407,33.3352914],[44.3978449,33.335305],[44.3978427,33.335319],[44.3978342,33.3353311],[44.3977422,33.3354183],[44.3976553,33.3355021],[44.3976011,33.3355544],[44.3974964,33.3356555],[44.397408,33.3357515],[44.3974671,33.3357815],[44.3975537,33.3358247],[44.3975973,33.3358464],[44.397601,33.3358485],[44.3976528,33.3358809],[44.3976709,33.3358922],[44.3976725,33.3358932],[44.3977313,33.3359338],[44.3978887,33.3360079],[44.3979745,33.3360279],[44.3980543,33.3360465],[44.3980693,33.3360528],[44.3980802,33.3360635],[44.3980855,33.3360769],[44.3980842,33.3360909],[44.3980801,33.3360977],[44.3980766,33.3361035],[44.3980639,33.3361126],[44.398048,33.336117],[44.3980312,33.336116],[44.397974,33.3361027],[44.39795,33.3360971],[44.3978606,33.3360762],[44.3978511,33.3360729],[44.3976858,33.3359951],[44.3976796,33.3359915],[44.3976522,33.3359726],[44.3976186,33.3359495],[44.3975514,33.3359075],[44.397423,33.3358434],[44.3974227,33.3358433],[44.3973844,33.3358239],[44.3973306,33.3357966],[44.3973222,33.3357924],[44.3973221,33.3357923],[44.397268,33.3357648],[44.3972241,33.3358231],[44.3970963,33.3359929],[44.3970241,33.3360927],[44.3970058,33.3361181],[44.3969905,33.3361392],[44.396985,33.3361453],[44.3969697,33.3361589],[44.3969846,33.3361667],[44.3970054,33.336176],[44.3970455,33.336194],[44.397121,33.3361997],[44.397205,33.3361912],[44.397227,33.3361938],[44.3973277,33.3362296],[44.3973908,33.336252],[44.3973977,33.3362551],[44.3975726,33.3363518],[44.3975981,33.3363659],[44.3976494,33.3363943],[44.3977429,33.3364459],[44.397816,33.3364863],[44.3979462,33.3364341],[44.3979572,33.3364311],[44.3979719,33.3364289],[44.3980353,33.3364195],[44.3980521,33.3364198],[44.3980674,33.3364254],[44.3980791,33.3364356],[44.3980852,33.3364487],[44.3980849,33.3364627],[44.3980781,33.3364756],[44.398066,33.3364854],[44.3980504,33.3364905],[44.3979781,33.3365013],[44.3979714,33.336504],[44.397867,33.3365458],[44.3978915,33.3365996],[44.3978942,33.3366099],[44.3978966,33.3366379],[44.397902,33.3367004],[44.3979011,33.3367109],[44.3978776,33.3367995],[44.3978732,33.3368092],[44.3978202,33.3368887],[44.3978126,33.336897],[44.3977991,33.3369079],[44.3977346,33.3369603],[44.3977205,33.3369679],[44.397704,33.3369704],[44.3976876,33.3369675],[44.3976738,33.3369595],[44.3976647,33.3369476],[44.3976617,33.3369338],[44.3976652,33.33692],[44.3976748,33.3369085],[44.3976761,33.3369073],[44.3977482,33.3368489],[44.397795,33.3367786],[44.3978157,33.3367004],[44.3978103,33.3366375],[44.3978088,33.3366204],[44.3977774,33.3365513],[44.3977273,33.3365237],[44.397648,33.3366015],[44.3976123,33.3366365],[44.3976109,33.3366379],[44.3975799,33.3366506],[44.3974796,33.336654],[44.3973837,33.3368685],[44.3973681,33.3369059],[44.3973442,33.3369631],[44.3975266,33.3370662],[44.3975345,33.3370719],[44.3976442,33.3371734],[44.3976489,33.3371777],[44.3976742,33.3372012],[44.397705,33.337178],[44.3977482,33.3371454],[44.3977657,33.3371374],[44.397784,33.3371333],[44.3978966,33.3370372],[44.3979105,33.3370293],[44.397927,33.3370264],[44.3979434,33.337029],[44.3979575,33.3370367],[44.3979669,33.3370484],[44.3979677,33.3370515],[44.3979704,33.3370621],[44.3979676,33.3370745],[44.3979672,33.337076],[44.397958,33.3370877],[44.3978514,33.3371787],[44.3978372,33.3371908],[44.3978178,33.3372004],[44.3977981,33.3372048],[44.397732,33.3372547],[44.3977353,33.3372578],[44.3978299,33.3372664],[44.3978377,33.3372677],[44.3979294,33.3372908],[44.3979663,33.3372626],[44.398014,33.3372261],[44.3980284,33.3372188],[44.398045,33.3372167],[44.3980613,33.3372201],[44.3980748,33.3372284],[44.3980835,33.3372404],[44.398086,33.3372544],[44.398082,33.337268],[44.398072,33.3372794],[44.3979694,33.3373579],[44.3979657,33.3373586],[44.397928,33.3373658],[44.3978167,33.3373377],[44.3977921,33.3373355],[44.3978269,33.3373885],[44.3978946,33.3374494],[44.3979646,33.3375124],[44.3979703,33.3375175],[44.3979746,33.3375622],[44.3979642,33.3375752],[44.3978988,33.3376571],[44.3978689,33.337715],[44.3978686,33.3377158],[44.3979094,33.3377038],[44.3979529,33.3376821],[44.3979636,33.3376739],[44.3980138,33.3376348],[44.3980281,33.3376274],[44.3980447,33.3376252],[44.398061,33.3376284],[44.3980746,33.3376367],[44.3980834,33.3376486],[44.3980861,33.3376625],[44.3980822,33.3376762],[44.3980724,33.3376876],[44.39803,33.3377206],[44.3980081,33.3377376],[44.3980008,33.3377422],[44.397963,33.337761],[44.3979496,33.3377676],[44.397942,33.3377706],[44.3978286,33.3378042],[44.3977348,33.33788],[44.3976389,33.3379583],[44.3976012,33.3379891],[44.3975981,33.3379916],[44.3973145,33.3382233],[44.3972719,33.3382581],[44.3972008,33.3383162],[44.3970338,33.3384527],[44.3970185,33.3384608],[44.3969901,33.3384695],[44.3968051,33.3385264],[44.3967342,33.3385482],[44.3967271,33.3385498],[44.3966668,33.3385592],[44.3965231,33.3385813],[44.3965185,33.3385818],[44.3964111,33.3385885],[44.3964079,33.3385886],[44.3963438,33.3385886],[44.3963214,33.3385886],[44.3963033,33.3385852],[44.3961449,33.3385233],[44.3961435,33.3385228],[44.3961244,33.338508],[44.3960966,33.3384675],[44.3960923,33.3384403],[44.3961058,33.3383977],[44.3961111,33.3383876],[44.3962129,33.3382531],[44.3962555,33.3381969],[44.3960451,33.3379818],[44.3960253,33.3379616],[44.3959662,33.3379012],[44.3959565,33.3378783],[44.3959565,33.3378447],[44.3959631,33.3378255],[44.3960062,33.337768],[44.3959986,33.3377478],[44.395963,33.3377109],[44.3958323,33.3375756],[44.3957055,33.3375228],[44.3956792,33.3375118],[44.3953818,33.3376689],[44.395308,33.3377078],[44.3950579,33.3378399],[44.3949607,33.3378912],[44.3949421,33.3379019],[44.3950084,33.3379685],[44.3950168,33.337977],[44.3950568,33.3380172],[44.3952872,33.3382488],[44.3953167,33.3382785],[44.3953354,33.3382972],[44.3953773,33.3383394],[44.3955574,33.3385206],[44.3956713,33.3386351],[44.3956979,33.3386619],[44.3958148,33.3387794],[44.3958277,33.3387924],[44.3960185,33.3389841],[44.3960981,33.3390641],[44.3961604,33.3391269],[44.3963391,33.3393069],[44.3963678,33.3393359],[44.3964037,33.339372],[44.3964483,33.3393363],[44.3966627,33.3391647],[44.3967844,33.3390674],[44.3969872,33.338905],[44.3971204,33.3387984],[44.397288,33.3386643],[44.3973116,33.338645],[44.3974535,33.3385294],[44.3976361,33.3383808],[44.3977336,33.3383014],[44.397734,33.338301],[44.3977853,33.3382605],[44.3979606,33.3381218],[44.3980137,33.3380797],[44.3980279,33.3380723],[44.3980444,33.3380699],[44.3980608,33.3380731],[44.3980745,33.3380812],[44.3980834,33.3380931],[44.3980862,33.338107],[44.3980825,33.3381207],[44.3980727,33.3381322],[44.3979599,33.3382215],[44.3979099,33.3382611],[44.3977933,33.3383533],[44.3976355,33.3384819],[44.3975763,33.33853],[44.3973478,33.3387161],[44.3973476,33.3387163],[44.397311,33.3387456],[44.3972443,33.338799],[44.3969865,33.3390053],[44.3969083,33.3390679],[44.3966621,33.339265],[44.3965722,33.3393369],[44.3964298,33.3394509],[44.3963376,33.3395247],[44.3962362,33.3396058],[44.3962238,33.3396157],[44.3962821,33.339663],[44.396337,33.3396191],[44.3963528,33.3396064],[44.3966614,33.3393594],[44.3966888,33.3393374],[44.39688,33.3391845],[44.3969859,33.3390971],[44.3970207,33.3390685],[44.3973104,33.3388296],[44.3973469,33.3387995],[44.3976349,33.3385621],[44.3976732,33.3385305],[44.3977553,33.3384628],[44.3979594,33.3382945],[44.3979995,33.3382615],[44.3980131,33.3382503],[44.3980271,33.3382426],[44.3980436,33.3382399],[44.39806,33.3382428],[44.3980739,33.3382507],[44.3980827,33.3382619],[44.3980831,33.3382625],[44.3980863,33.3382763],[44.3980829,33.3382901],[44.3980734,33.3383017],[44.3979588,33.3383963],[44.3978452,33.3384899],[44.3978907,33.3385315],[44.3979574,33.3385926],[44.3980091,33.3386399],[44.3980165,33.3386492],[44.398032,33.3386774],[44.3980471,33.338676],[44.3980632,33.3386799],[44.3980763,33.3386887],[44.3980844,33.3387011],[44.3980862,33.3387151],[44.3980815,33.3387286],[44.398071,33.3387396],[44.3980652,33.3387436],[44.3980792,33.3388029],[44.3980856,33.33883],[44.3980856,33.3388441],[44.3980791,33.3388571],[44.3980672,33.338867],[44.3980517,33.3388724],[44.3980349,33.3388724],[44.3980194,33.338867],[44.3980076,33.338857],[44.3980012,33.338844],[44.3979913,33.3388025],[44.3979804,33.338756],[44.3979755,33.338747],[44.3979566,33.3387127],[44.3979411,33.3386845],[44.3977838,33.3385405],[44.3976342,33.3386638],[44.397469,33.3388],[44.3973097,33.3389313],[44.3971427,33.339069],[44.3969852,33.3391989],[44.3969705,33.339211],[44.3969851,33.3392237],[44.3971184,33.3393394],[44.3973036,33.3395003],[44.397306,33.3394974],[44.3974196,33.3393556],[44.3974754,33.3393438],[44.3975586,33.3393808],[44.3975716,33.3393897],[44.3975796,33.339402],[44.3975813,33.339416],[44.3975765,33.3394295],[44.3975659,33.3394404],[44.3975511,33.3394471],[44.3975344,33.3394485],[44.3975183,33.3394445],[44.3974694,33.3394228],[44.3973648,33.3395534],[44.3974316,33.3396114],[44.3974986,33.3396695],[44.3976273,33.3397044],[44.3976658,33.3397148],[44.3977282,33.3396493],[44.3977367,33.3396425],[44.3977855,33.3396131],[44.3978154,33.339595],[44.3978406,33.3395882],[44.3979508,33.3395882],[44.3979755,33.3395882],[44.3980161,33.33956],[44.3980309,33.3395533],[44.3980476,33.3395519],[44.3980637,33.339556],[44.3980767,33.3395649],[44.3980847,33.3395773],[44.3980864,33.3395913],[44.3980815,33.3396047],[44.3980721,33.3396144],[44.3980709,33.3396156],[44.398062,33.3396218],[44.3980682,33.3396254],[44.3980798,33.3396356],[44.3980859,33.3396487],[44.3980856,33.3396628],[44.3980788,33.3396756],[44.3980667,33.3396854],[44.3980511,33.3396905],[44.3980343,33.3396902],[44.3980189,33.3396846],[44.3979774,33.3396603],[44.3979503,33.3396603],[44.3978545,33.3396603],[44.3977918,33.3396982],[44.3977455,33.3397468],[44.3978788,33.3398125],[44.3979491,33.3398396],[44.3979711,33.339848],[44.3980061,33.339796],[44.398017,33.3397853],[44.398032,33.339779],[44.3980488,33.3397779],[44.3980647,33.3397823],[44.3980775,33.3397915],[44.398085,33.339804],[44.3980863,33.3398181],[44.3980811,33.3398314],[44.3980512,33.3398758],[44.3980563,33.3398771],[44.3980711,33.3398838],[44.3980722,33.339885],[44.3980817,33.3398947],[44.3980865,33.3399082],[44.3980847,33.3399222],[44.3980767,33.3399346],[44.3980637,33.3399434],[44.3980476,33.3399475],[44.3980392,33.3399467],[44.3979529,33.3401549],[44.3979469,33.3401692],[44.397945,33.3401738],[44.3979469,33.3401742],[44.3980535,33.340195],[44.3980688,33.3402009],[44.3980802,33.3402111],[44.3980861,33.3402243],[44.3980856,33.3402384],[44.3980786,33.3402512],[44.3980664,33.3402608],[44.3980507,33.3402657],[44.3980339,33.3402653],[44.3979464,33.3402481],[44.3978814,33.3402354],[44.3976239,33.3402115],[44.3975794,33.3402073],[44.3974048,33.3402012],[44.3973928,33.3401993],[44.3973015,33.3401735],[44.3972237,33.3401515],[44.3971932,33.3401429],[44.3971891,33.3401514],[44.3971674,33.3401961],[44.3972364,33.3402137],[44.3972788,33.3402163],[44.3973012,33.3402177],[44.3974318,33.3402257],[44.397446,33.3402287],[44.3975036,33.34025],[44.3975251,33.3402674],[44.3975373,33.3402887],[44.39754,33.3403136],[44.3975316,33.34034],[44.397534,33.3403535],[44.3975989,33.3404238],[44.3976031,33.3404284],[44.3976224,33.3404387],[44.3976827,33.3404709],[44.3976948,33.3404807],[44.3977015,33.3404935],[44.3977019,33.3405076],[44.3976958,33.3405207],[44.3976842,33.3405309],[44.3976688,33.3405365],[44.397652,33.3405368],[44.3976364,33.3405317],[44.3976219,33.340524],[44.3975505,33.3404858],[44.3975397,33.3404775],[44.3974896,33.3404233],[44.397459,33.3403902],[44.3974504,33.3403734],[44.3974452,33.3403431],[44.3974462,33.3403285],[44.3974522,33.3403098],[44.3974181,33.3402972],[44.3973066,33.3402903],[44.3973006,33.3403068],[44.3972579,33.3404222],[44.3972566,33.3404256],[44.3972626,33.3404558],[44.3972821,33.3404783],[44.3972994,33.3404864],[44.3973047,33.3404889],[44.3973106,33.3404922],[44.3974506,33.3405861],[44.3975873,33.3406426],[44.3976006,33.3406512],[44.397609,33.3406634],[44.3976112,33.3406773],[44.3976069,33.3406909],[44.3976037,33.3406943],[44.3975967,33.3407021],[44.3975821,33.3407091],[44.3975655,33.340711],[44.3975493,33.3407073],[44.3975168,33.3406939],[44.3974084,33.3406491],[44.3974005,33.3406449],[44.3972988,33.3405767],[44.3972596,33.3405504],[44.3972318,33.3405374],[44.397218,33.3405271],[44.397187,33.3404912],[44.3971794,33.340476],[44.3971701,33.340429],[44.3971707,33.3404218],[44.3971714,33.3404124],[44.3972188,33.3402844],[44.397216,33.3402839],[44.3971361,33.3402635],[44.3970668,33.3404213],[44.3970195,33.3405289],[44.39698,33.3406914],[44.3969752,33.3407111],[44.39697,33.3407322],[44.396975,33.3407342],[44.3972969,33.3408655],[44.397308,33.34087],[44.3973214,33.3408785],[44.3973298,33.3408907],[44.3973321,33.3409046],[44.3973279,33.3409182],[44.3973177,33.3409294],[44.3973032,33.3409365],[44.3972964,33.3409373],[44.3972866,33.3409385],[44.3972703,33.3409349],[44.3969745,33.3408142],[44.3969462,33.3408026],[44.3968814,33.3409615],[44.3968274,33.3410937],[44.3969724,33.3411232],[44.3972112,33.3411717],[44.3972234,33.3411759],[44.3972945,33.3412121],[44.3973377,33.3412341],[44.3975451,33.3413398],[44.3975517,33.3413439],[44.3976161,33.3413928],[44.3977659,33.3415067],[44.3977879,33.3415234],[44.3977962,33.3415167],[44.3978085,33.3415069],[44.3979387,33.3414022],[44.3980128,33.3413427],[44.398013,33.3413429],[44.3980235,33.3413356],[44.3980396,33.3413315],[44.3980563,33.3413328],[44.3980711,33.3413394],[44.3980818,33.3413503],[44.3980867,33.3413637],[44.3980852,33.3413777],[44.3980773,33.3413902],[44.3980759,33.3413915],[44.3980724,33.3413948],[44.3979381,33.3415027],[44.3979321,33.3415074],[44.397894,33.3415381],[44.3979377,33.3415632],[44.3980683,33.3416384],[44.3980801,33.3416485],[44.3980863,33.3416615],[44.3980861,33.3416756],[44.3980795,33.3416885],[44.3980675,33.3416984],[44.3980519,33.3417036],[44.3980351,33.3417034],[44.3980197,33.3416979],[44.3979371,33.3416504],[44.3978305,33.3415891],[44.3978192,33.3415981],[44.3976168,33.3417765],[44.3976135,33.3417794],[44.3975661,33.3418212],[44.3975604,33.3418254],[44.3974621,33.3418862],[44.3974469,33.3418921],[44.3974302,33.3418928],[44.3974144,33.341888],[44.397402,33.3418785],[44.3973948,33.3418658],[44.397394,33.3418517],[44.3973997,33.3418385],[44.3974111,33.3418281],[44.3974955,33.3417759],[44.3975063,33.3417692],[44.3976142,33.3416742],[44.3977272,33.3415746],[44.397637,33.3415061],[44.3976154,33.3414897],[44.3974969,33.3413996],[44.397294,33.3412963],[44.3971844,33.3412405],[44.3971489,33.3412333],[44.3969719,33.3411973],[44.3967916,33.3411607],[44.3967394,33.3412313],[44.3966481,33.341355],[44.396551,33.3414865],[44.3965488,33.3414892],[44.3965383,33.3415009],[44.3963911,33.3416655],[44.3963441,33.3417258],[44.3964124,33.3417709],[44.3964165,33.3417736],[44.3964274,33.3418196],[44.3963904,33.341875],[44.3963795,33.3418857],[44.3963645,33.3418921],[44.3963478,33.3418932],[44.3963318,33.3418888],[44.3963219,33.3418817],[44.396319,33.3418797],[44.3963114,33.3418671],[44.3963101,33.3418531],[44.3963153,33.3418397],[44.3963223,33.3418293],[44.3963344,33.3418112],[44.3963224,33.3418033],[44.3962722,33.3417702],[44.3962599,33.3417621],[44.3962505,33.341714],[44.3962973,33.341654],[44.3961363,33.3415405],[44.3960065,33.3416226],[44.3960009,33.3416247],[44.3959902,33.3416289],[44.3959838,33.3416302],[44.3958808,33.3417684],[44.3958002,33.3418766],[44.3957887,33.3418868],[44.3957734,33.3418926],[44.3957566,33.341893],[44.3957409,33.3418881],[44.3957287,33.3418784],[44.3957218,33.3418656],[44.3957213,33.3418515],[44.3957272,33.3418384],[44.3957797,33.3417679],[44.3959202,33.3415793],[44.395947,33.3415632],[44.3959619,33.3415603],[44.3960015,33.3415353],[44.3960595,33.3414987],[44.3960765,33.3414879],[44.3960023,33.3414103],[44.3959678,33.3413742],[44.3959426,33.3413774],[44.3959241,33.3413764],[44.3956824,33.3413182],[44.3956802,33.3413172],[44.3956675,33.3413117],[44.3956567,33.341301],[44.3956516,33.3412876],[44.395653,33.3412735],[44.3956607,33.341261],[44.3956735,33.3412519],[44.3956807,33.34125],[44.3956895,33.3412477],[44.3957062,33.3412488],[44.3959388,33.3413049],[44.395953,33.3413031],[44.3959819,33.3412278],[44.3960039,33.3411704],[44.3960205,33.3411272],[44.3960042,33.3411227],[44.3956821,33.3410342],[44.3953923,33.3409545],[44.39536,33.3409456],[44.3952492,33.3409152],[44.3952021,33.3409536],[44.3950363,33.3410893],[44.3948733,33.3412226],[44.3947118,33.3413548],[44.3945776,33.3414645],[44.3946084,33.3414919],[44.3947103,33.3415826],[44.3947734,33.3416387],[44.3949051,33.3415744],[44.3949755,33.3414936],[44.3949857,33.3414819],[44.3949981,33.3414724],[44.3950138,33.3414675],[44.3950306,33.3414681],[44.3950338,33.3414694],[44.3950458,33.3414741],[44.3950572,33.3414844],[44.3950614,33.341494],[44.395063,33.3414976],[44.3950623,33.3415117],[44.3950552,33.3415245],[44.3950332,33.3415497],[44.3949693,33.341623],[44.3949562,33.3416329],[44.3948236,33.3416977],[44.3948672,33.3417636],[44.3949178,33.3418401],[44.3949229,33.3418535],[44.3949216,33.3418676],[44.3949139,33.3418801],[44.3949011,33.3418892],[44.3948851,33.3418935],[44.3948683,33.3418923],[44.3948534,33.3418859],[44.3948426,33.3418751],[44.3947685,33.3417632],[44.3947305,33.3417058],[44.3947096,33.3416871],[44.3945148,33.3415138],[44.3943874,33.3416093],[44.3943137,33.3416646],[44.3943723,33.3417613],[44.3943862,33.3417842],[44.3944209,33.3418414],[44.3944255,33.3418549],[44.3944235,33.3418689],[44.3944153,33.3418812],[44.3944021,33.3418899],[44.3943859,33.3418937],[44.3943855,33.3418936],[44.3943692,33.341892],[44.3943546,33.3418851],[44.3943442,33.3418741],[44.3942755,33.3417609],[44.3942485,33.3417164],[44.3941949,33.3417605],[44.3941411,33.3418047],[44.3941744,33.341832],[44.3941839,33.3418436],[44.3941873,33.3418574],[44.3941842,33.3418712],[44.3941751,33.341883],[44.3941612,33.3418909],[44.3941448,33.3418938],[44.3941283,33.3418913],[44.3941142,33.3418836],[44.3940796,33.3418552],[44.3940629,33.341869],[44.3940452,33.3418836],[44.3940311,33.3418913],[44.3940146,33.3418939],[44.3939982,33.341891],[44.3939843,33.3418831],[44.3939751,33.3418713],[44.393972,33.3418574],[44.3939755,33.3418437],[44.3939849,33.341832],[44.3940495,33.341779],[44.3940636,33.3417674],[44.3940727,33.3417599],[44.3942302,33.3416305],[44.3942316,33.3416294],[44.394388,33.3415121],[44.3944161,33.341491],[44.3944879,33.3414371],[44.3947125,33.3412534],[44.3947508,33.341222],[44.395037,33.340988],[44.3950796,33.340953],[44.3952076,33.3408483],[44.3953615,33.3407206],[44.3954055,33.340684],[44.3956025,33.3405205],[44.3956047,33.3405192],[44.3956065,33.3405176],[44.3956859,33.340466],[44.395764,33.3404152],[44.3958704,33.3403461],[44.3960104,33.3402006],[44.3960629,33.3401461],[44.3960993,33.3401082],[44.3960992,33.3400079],[44.3960336,33.3399611],[44.3960119,33.3399783],[44.3958006,33.3401449],[44.3956874,33.3402341],[44.3954595,33.3404138],[44.395363,33.3404899],[44.3951185,33.3406827],[44.3950386,33.3407457],[44.3947774,33.3409516],[44.3947141,33.3410015],[44.3944363,33.3412206],[44.3943897,33.3412573],[44.3940953,33.3414895],[44.3940653,33.3415131],[44.3937542,33.3417584],[44.3937409,33.3417689],[44.3935947,33.3418842],[44.3935805,33.3418916],[44.3935639,33.3418939],[44.3935476,33.3418908],[44.3935339,33.3418826],[44.393525,33.3418707],[44.3935222,33.3418568],[44.393526,33.3418431],[44.3935358,33.3418316],[44.3936293,33.3417578],[44.3937415,33.3416694],[44.3939704,33.3414889],[44.394066,33.3414136],[44.3943115,33.34122],[44.3943904,33.3411578],[44.3946525,33.340951],[44.3947148,33.3409019],[44.3949936,33.3406821],[44.3950392,33.3406461],[44.3953347,33.3404132],[44.3953637,33.3403903],[44.3956757,33.3401443],[44.3956881,33.3401345],[44.3960026,33.3398866],[44.3960125,33.3398786],[44.3960166,33.3398753],[44.3961577,33.3397625],[44.3962432,33.3396941],[44.3961849,33.3396469],[44.3960903,33.3397226],[44.3960895,33.3397232],[44.3960132,33.3397816],[44.3959819,33.3398056],[44.3958943,33.3398748],[44.3956887,33.3400371],[44.3955539,33.3401437],[44.3953643,33.3402934],[44.3952134,33.3404126],[44.3950399,33.3405497],[44.3949496,33.3406211],[44.394875,33.3406816],[44.3947154,33.3408111],[44.3945435,33.3409505],[44.3943909,33.3410743],[44.394212,33.3412195],[44.3940665,33.3413376],[44.3938805,33.3414885],[44.393742,33.3416009],[44.393549,33.3417575],[44.3934175,33.3418641],[44.3933932,33.3418839],[44.3933791,33.3418915],[44.3933626,33.341894],[44.3933462,33.341891],[44.3933324,33.341883],[44.3933233,33.3418712],[44.3933203,33.3418573],[44.3933238,33.3418436],[44.3933334,33.341832],[44.3934182,33.3417632],[44.393426,33.3417569],[44.3937427,33.3414999],[44.3937575,33.3414879],[44.3940671,33.3412367],[44.394089,33.3412189],[44.3943916,33.3409734],[44.3944205,33.34095],[44.3947161,33.3407101],[44.394752,33.340681],[44.3948899,33.3405691],[44.3948903,33.3405687],[44.3950405,33.3404501],[44.3950887,33.340412],[44.395365,33.3401938],[44.3954291,33.3401431],[44.3956894,33.3399375],[44.3957696,33.3398742],[44.3958941,33.3397758],[44.3957367,33.3396121],[44.3957283,33.3396035],[44.3956919,33.3395655],[44.3955446,33.3394124],[44.395467,33.3393317],[44.3953714,33.3392323],[44.3952711,33.339128],[44.3950488,33.3392036],[44.3949623,33.3392331],[44.3949211,33.339229],[44.3947474,33.3391254],[44.3947266,33.339127],[44.3946211,33.3391353],[44.3944876,33.3391604],[44.3944034,33.3392],[44.3943561,33.3392222],[44.3942882,33.3393262],[44.3942656,33.3393608],[44.3942302,33.3394171],[44.3944016,33.3394804],[44.3947214,33.3395988],[44.3947235,33.3395995],[44.3950454,33.3397186],[44.3951155,33.3397445],[44.3953362,33.3398102],[44.3953677,33.3397856],[44.3955142,33.339671],[44.3955285,33.3396636],[44.3955451,33.3396613],[44.3955614,33.3396646],[44.395575,33.3396728],[44.3955839,33.3396848],[44.3955866,33.3396986],[44.3955827,33.3397123],[44.3955729,33.3397238],[44.3953829,33.3398724],[44.3953758,33.3398779],[44.395367,33.3398847],[44.3950426,33.3401382],[44.3950387,33.3401413],[44.3949041,33.3402465],[44.3947182,33.3403918],[44.3946947,33.3404102],[44.3943938,33.3406455],[44.394378,33.3406578],[44.3943519,33.3406791],[44.3940693,33.3409095],[44.3940324,33.3409395],[44.3940219,33.3409481],[44.3937448,33.3411741],[44.3936922,33.3412171],[44.3936141,33.3412808],[44.3934203,33.3414388],[44.3933624,33.3414861],[44.3932369,33.3415884],[44.3932363,33.3415888],[44.3930959,33.341699],[44.3930246,33.341755],[44.3928597,33.3418844],[44.3928455,33.3418918],[44.3928289,33.3418941],[44.3928125,33.3418909],[44.3927989,33.3418827],[44.39279,33.3418707],[44.3927873,33.3418569],[44.3927911,33.3418431],[44.3928009,33.3418317],[44.3928994,33.3417544],[44.3930965,33.3415997],[44.3931772,33.3415364],[44.3932397,33.3414855],[44.393421,33.3413376],[44.39351,33.341265],[44.3934217,33.3412293],[44.3933878,33.3412157],[44.3931912,33.3411362],[44.3931909,33.3411361],[44.3930999,33.3410987],[44.3930266,33.3410686],[44.3929399,33.3412136],[44.3929215,33.3412442],[44.3928661,33.3412612],[44.3927763,33.341229],[44.3927306,33.3412126],[44.392654,33.3411851],[44.3926402,33.3411771],[44.392631,33.3411653],[44.3926279,33.3411515],[44.3926314,33.3411377],[44.3926409,33.3411261],[44.3926549,33.3411184],[44.3926714,33.3411159],[44.3926879,33.3411188],[44.3927768,33.3411507],[44.3928628,33.3411815],[44.3929501,33.3410357],[44.3927781,33.3409584],[44.3927419,33.3409421],[44.3924563,33.3408138],[44.3924234,33.3407989],[44.3921344,33.3406864],[44.3920885,33.3406685],[44.3920163,33.3406404],[44.3920136,33.3406393],[44.3918127,33.3405461],[44.3916356,33.340464],[44.3914894,33.3406248],[44.3914524,33.3406655],[44.391423,33.3406978],[44.3913088,33.3408229],[44.3914877,33.340886],[44.3916319,33.3409369],[44.3918096,33.3409996],[44.3921316,33.3411132],[44.3921345,33.3411143],[44.3921367,33.3411151],[44.3923704,33.3412109],[44.3924534,33.3412449],[44.3927753,33.3413769],[44.3929285,33.3414397],[44.3929418,33.3414482],[44.3929503,33.3414604],[44.3929525,33.3414743],[44.3929494,33.3414841],[44.3929482,33.3414879],[44.3929381,33.3414991],[44.3929235,33.3415062],[44.3929069,33.3415081],[44.3928907,33.3415045],[44.3928398,33.3414836],[44.3927748,33.341457],[44.3924529,33.341325],[44.3921722,33.34121],[44.3921311,33.3411931],[44.3921,33.3411804],[44.3918091,33.3410777],[44.3914871,33.3409641],[44.3914071,33.3409359],[44.3912556,33.3408824],[44.3912101,33.3409349],[44.3911643,33.3409877],[44.3911438,33.3410113],[44.391164,33.341023],[44.3911682,33.3410254],[44.3911691,33.3410262],[44.3911702,33.3410267],[44.3912016,33.3410487],[44.3912036,33.3410503],[44.3912327,33.3410755],[44.3912342,33.3410769],[44.3912605,33.3411041],[44.3912621,33.3411059],[44.3912851,33.341135],[44.3912863,33.3411368],[44.391306,33.3411673],[44.3913071,33.3411693],[44.391323,33.341201],[44.3913239,33.3412032],[44.391325,33.341206],[44.3913322,33.3412258],[44.3913359,33.3412358],[44.3913366,33.3412381],[44.3913444,33.3412714],[44.3913449,33.3412742],[44.3913477,33.3413075],[44.3913477,33.3413101],[44.3913471,33.341321],[44.3914844,33.3413767],[44.3917356,33.3414784],[44.3918063,33.3415071],[44.391836,33.3415191],[44.3921281,33.3416346],[44.3924257,33.3417522],[44.39245,33.3417618],[44.3926111,33.3418255],[44.3926246,33.3418338],[44.3926333,33.3418459],[44.3926358,33.3418598],[44.3926317,33.3418735],[44.3926217,33.3418848],[44.3926073,33.341892],[44.3925907,33.3418941],[44.3925744,33.3418907],[44.3924495,33.3418413],[44.3922215,33.3417512],[44.3921276,33.3417141],[44.3918392,33.3416001],[44.3918052,33.3416654],[44.391788,33.3416985],[44.391805,33.3417024],[44.3918987,33.3417244],[44.3919034,33.3417257],[44.3919743,33.3417501],[44.3920533,33.3417772],[44.3920614,33.3417808],[44.3921269,33.3418187],[44.3921439,33.3418285],[44.3921556,33.3418386],[44.3921618,33.3418517],[44.3921615,33.3418657],[44.3921549,33.3418786],[44.3921429,33.3418885],[44.3921273,33.3418937],[44.3921264,33.3418936],[44.3921105,33.3418935],[44.392095,33.3418879],[44.3920164,33.3418425],[44.3918731,33.3417933],[44.3918045,33.3417772],[44.3917246,33.3417585],[44.3915485,33.3417709],[44.3916085,33.3418363],[44.3916159,33.3418489],[44.391617,33.341863],[44.3916116,33.3418763],[44.3916005,33.3418869],[44.3915855,33.3418931],[44.3915687,33.3418941],[44.3915528,33.3418895],[44.3915402,33.3418803],[44.3914815,33.3418161],[44.3914322,33.3417624],[44.3914186,33.3417475],[44.3913517,33.3416742],[44.3912294,33.3417466],[44.3911589,33.3417883],[44.3910737,33.3418387],[44.3910752,33.3418412],[44.3910802,33.3418546],[44.3910787,33.3418686],[44.3910709,33.3418811],[44.391058,33.3418901],[44.3910419,33.3418943],[44.3910252,33.341893],[44.3910103,33.3418864],[44.3909996,33.3418756],[44.3909989,33.3418745],[44.3909545,33.3418913],[44.3909381,33.3418945],[44.3909216,33.3418922],[44.3909073,33.3418847],[44.3908976,33.3418733],[44.3908938,33.3418595],[44.3908965,33.3418457],[44.3909054,33.3418337],[44.3909191,33.3418255],[44.390958,33.3418108],[44.3909161,33.3417451],[44.3908759,33.3416822],[44.3908774,33.3416459],[44.390922,33.3415866],[44.3909394,33.3415086],[44.3909134,33.3414968],[44.3909109,33.3414955],[44.3908772,33.3414761],[44.3908751,33.3414747],[44.3908747,33.3414744],[44.3908435,33.3414523],[44.3908427,33.3414515],[44.3908417,33.3414509],[44.3908385,33.3414482],[44.3908127,33.3414261],[44.3908106,33.3414241],[44.3908057,33.3414188],[44.39074,33.3414516],[44.3907349,33.3414738],[44.3907325,33.3414842],[44.3905146,33.3416158],[44.3904987,33.3416254],[44.3905144,33.3416506],[44.3905721,33.3417435],[44.3906332,33.3418418],[44.3906379,33.3418553],[44.3906361,33.3418693],[44.3906281,33.3418817],[44.390615,33.3418905],[44.3905989,33.3418944],[44.3905822,33.3418929],[44.3905674,33.3418861],[44.3905569,33.3418752],[44.3905134,33.3418051],[44.3904748,33.3417431],[44.3904282,33.3416681],[44.3903094,33.3417399],[44.3903057,33.3417423],[44.390257,33.3417733],[44.3902925,33.3418447],[44.3902958,33.3418585],[44.3902926,33.3418723],[44.3902833,33.341884],[44.3902694,33.3418918],[44.3902529,33.3418946],[44.3902364,33.3418919],[44.3902224,33.3418841],[44.3902131,33.3418724],[44.3901905,33.341827],[44.3901863,33.3418185],[44.3901633,33.3418332],[44.3900894,33.341886],[44.3900747,33.3418929],[44.390058,33.3418945],[44.3900419,33.3418907],[44.3900287,33.341882],[44.3900205,33.3418697],[44.3900189,33.3418582],[44.3899792,33.3418862],[44.3899645,33.341893],[44.3899478,33.3418946],[44.3899317,33.3418906],[44.3899186,33.3418818],[44.3899135,33.3418741],[44.3898677,33.3418422],[44.3898303,33.3418161],[44.38983,33.3418158],[44.3898296,33.3418156],[44.3898237,33.3418112],[44.3898187,33.3418075],[44.3897191,33.3417395],[44.3896684,33.3417049],[44.3896674,33.3417042],[44.3895465,33.3416133],[44.3895314,33.3416019],[44.3895306,33.3416013],[44.3894423,33.3415298],[44.3894409,33.3415317],[44.3894387,33.3415347],[44.389395,33.3415853],[44.3893638,33.341629],[44.3894898,33.3417322],[44.3894981,33.3417385],[44.3895454,33.3417741],[44.3896221,33.3418319],[44.3896322,33.3418431],[44.3896363,33.3418568],[44.389634,33.3418707],[44.3896254,33.3418828],[44.3896119,33.3418912],[44.3895957,33.3418947],[44.3895791,33.3418927],[44.3895646,33.3418855],[44.3895448,33.3418706],[44.3894317,33.3417854],[44.3894303,33.3417844],[44.3893736,33.3417379],[44.3892809,33.341662],[44.3892237,33.3416238],[44.389202,33.3416093],[44.3891994,33.3416074],[44.3890953,33.3415256],[44.3890858,33.3414839],[44.3890958,33.3414661],[44.3891127,33.3414359],[44.3891193,33.3414178],[44.3891193,33.3413998],[44.3891011,33.341364],[44.3890888,33.3413518],[44.3889884,33.3414217],[44.3889367,33.3414653],[44.3889018,33.3414948],[44.3888635,33.3415271],[44.3888813,33.3415394],[44.388892,33.3415503],[44.3888969,33.3415638],[44.3888952,33.3415778],[44.3888873,33.3415902],[44.3888743,33.3415991],[44.3888582,33.3416032],[44.3888415,33.3416018],[44.3888267,33.3415952],[44.3888039,33.3415795],[44.3887372,33.3416409],[44.3888913,33.3417356],[44.3889002,33.3417411],[44.3889823,33.3417916],[44.3889837,33.3417925],[44.3890408,33.3418306],[44.3890516,33.3418413],[44.3890568,33.3418547],[44.3890554,33.3418688],[44.3890477,33.3418813],[44.3890348,33.3418904],[44.3890188,33.3418946],[44.3890021,33.3418935],[44.3889872,33.341887],[44.3889308,33.3418494],[44.3888996,33.3418302],[44.3887447,33.341735],[44.3886727,33.3416906],[44.3886679,33.3416934],[44.3886655,33.3416948],[44.3886411,33.3417073],[44.3886361,33.3417095],[44.3885775,33.3417312],[44.3885724,33.3417331],[44.3885692,33.3417341],[44.3885473,33.3417406],[44.3885093,33.3417339],[44.3885035,33.3417328],[44.3883898,33.3416431],[44.3882949,33.3415715],[44.3882556,33.3416042],[44.388117,33.3417199],[44.3881062,33.341732],[44.3880921,33.3417478],[44.3881603,33.34184],[44.3881663,33.3418531],[44.3881657,33.3418672],[44.3881588,33.34188],[44.3881465,33.3418896],[44.3881308,33.3418946],[44.388114,33.3418941],[44.3880987,33.3418883],[44.3880872,33.341878],[44.3880089,33.3417723],[44.3880028,33.3417578],[44.3880014,33.3417489],[44.3880047,33.3417315],[44.3880052,33.3417291],[44.3880099,33.3417207],[44.3880144,33.3417144],[44.3880499,33.3416746],[44.388054,33.3416706],[44.3882312,33.3415228],[44.3882168,33.3415116],[44.3881652,33.341485],[44.3881625,33.3414835],[44.3881262,33.3414615],[44.3881123,33.3414532],[44.388107,33.3414494],[44.3879674,33.3413322],[44.3879581,33.3413205],[44.3879548,33.3413067],[44.3879581,33.3412929],[44.3879675,33.3412812],[44.3879814,33.3412734],[44.3879979,33.3412706],[44.3880144,33.3412734],[44.3880283,33.3412812],[44.3881655,33.3413964],[44.3882116,33.3414242],[44.3882377,33.3414377],[44.3882568,33.3414228],[44.3883866,33.3413218],[44.3883946,33.3413177],[44.3883605,33.3412377],[44.3883615,33.3412115],[44.3883712,33.3411922],[44.3883869,33.3411611],[44.3883946,33.341151],[44.3884852,33.3410671],[44.3884987,33.3410587],[44.388515,33.3410552],[44.3885316,33.3410573],[44.388546,33.3410645],[44.388556,33.3410758],[44.3885601,33.3410894],[44.3885577,33.3411034],[44.3885491,33.3411154],[44.3884658,33.3411926],[44.3884633,33.3411949],[44.3884472,33.3412267],[44.3884821,33.3413087],[44.3885042,33.3413146],[44.3885267,33.3413155],[44.3885805,33.3412758],[44.3886646,33.3412137],[44.3886791,33.3412067],[44.3886958,33.3412048],[44.388712,33.3412084],[44.3887254,33.3412169],[44.3887338,33.3412291],[44.388736,33.3412431],[44.3887317,33.3412567],[44.3887215,33.3412679],[44.3885799,33.3413724],[44.3885705,33.3413793],[44.38854,33.3413883],[44.3884944,33.3413865],[44.3884833,33.3413848],[44.3884501,33.3413759],[44.3884391,33.3413794],[44.3883323,33.3414625],[44.3883063,33.3414827],[44.3883224,33.3414952],[44.3884477,33.3415897],[44.3884485,33.3415903],[44.3885432,33.341665],[44.3885726,33.3416541],[44.3885532,33.3416369],[44.3885443,33.341625],[44.3885414,33.3416112],[44.3885451,33.3415974],[44.3885548,33.3415859],[44.388569,33.3415784],[44.3885785,33.3415771],[44.3885856,33.3415761],[44.388602,33.3415792],[44.3886157,33.3415873],[44.388648,33.3416158],[44.3887678,33.3415056],[44.3887691,33.3415045],[44.3888161,33.3414648],[44.3889025,33.3413918],[44.3889287,33.3413697],[44.3889318,33.3413673],[44.3890665,33.3412736],[44.389137,33.3412247],[44.3891097,33.3411956],[44.3889053,33.3409779],[44.3888546,33.3409239],[44.3886995,33.3407587],[44.3886536,33.3407165],[44.3886215,33.3407328],[44.388584,33.3407534],[44.3882787,33.3409212],[44.3882601,33.3409314],[44.3880899,33.341025],[44.3880246,33.3410686],[44.3880097,33.341075],[44.387993,33.3410762],[44.387977,33.3410719],[44.3879641,33.3410628],[44.3879564,33.3410503],[44.387955,33.3410363],[44.3879601,33.3410229],[44.387971,33.3410122],[44.3880125,33.3409844],[44.387981,33.3409198],[44.3879579,33.3408727],[44.3879547,33.3408589],[44.387958,33.3408451],[44.3879674,33.3408334],[44.3879814,33.3408256],[44.3879979,33.340823],[44.3880143,33.3408257],[44.3880283,33.3408336],[44.3880375,33.3408453],[44.3880742,33.3409203],[44.3880846,33.3409416],[44.3881231,33.3409205],[44.3882607,33.3408449],[44.3885749,33.3406722],[44.3885761,33.3406716],[44.3885846,33.3406672],[44.3885933,33.3406628],[44.3885847,33.3406552],[44.3885811,33.3406521],[44.3882684,33.3403801],[44.3882638,33.3403761],[44.3880351,33.3401771],[44.388018,33.3401941],[44.3880098,33.3401995],[44.3879997,33.340202],[44.3879893,33.340201],[44.3879801,33.3401967],[44.3879736,33.3401898],[44.3879707,33.3401814],[44.3879719,33.3401727],[44.387977,33.340165],[44.3879961,33.340146],[44.3879799,33.3401343],[44.3879734,33.3401273],[44.3879707,33.3401189],[44.3879719,33.3401101],[44.3879733,33.3401082],[44.3879771,33.3401025],[44.3879854,33.3400971],[44.3879955,33.3400947],[44.3880059,33.3400958],[44.3880151,33.3401002],[44.3880265,33.3401085],[44.3880316,33.3401122],[44.3880357,33.3401085],[44.3880393,33.3401052],[44.3880397,33.3401049],[44.38804,33.3401046],[44.3882669,33.3399132],[44.3883543,33.3398395],[44.3883902,33.3398092],[44.3883916,33.3398082],[44.388545,33.339695],[44.3885039,33.339654],[44.3884633,33.3396137],[44.3884188,33.3395692],[44.3883752,33.3395259],[44.3883775,33.339512],[44.3883773,33.3395115],[44.3883772,33.3395027],[44.38838,33.3394968],[44.3883807,33.3394927],[44.3883885,33.3394882],[44.3885932,33.3393716],[44.3887186,33.3393001],[44.3887285,33.3392945],[44.3886443,33.3391885],[44.3886403,33.3391804],[44.3886403,33.3391716],[44.3886444,33.3391634],[44.3886518,33.3391572],[44.3886615,33.3391539],[44.388672,33.3391539],[44.3886817,33.3391573],[44.3886891,33.3391635],[44.388788,33.3392881],[44.3887851,33.3393004],[44.3887807,33.3393192],[44.3885929,33.3394263],[44.3884356,33.3395159],[44.3884894,33.3395696],[44.3885045,33.3395846],[44.3885285,33.3396085],[44.3885893,33.33957],[44.3885919,33.3395684],[44.3887618,33.3394607],[44.3887624,33.3394603],[44.388916,33.3393686],[44.3890118,33.3393115],[44.3889965,33.339308],[44.3889827,33.3393014],[44.388978,33.3392991],[44.3889697,33.3392924],[44.3889694,33.339292],[44.388969,33.3392918],[44.3889168,33.3392473],[44.3886614,33.3390293],[44.388608,33.3389838],[44.3885988,33.338972],[44.388596,33.3389596],[44.3885957,33.3389582],[44.388596,33.3389568],[44.3885991,33.3389444],[44.3886085,33.3389327],[44.3886226,33.338925],[44.3886391,33.3389224],[44.3886555,33.3389253],[44.3886694,33.3389332],[44.3887827,33.3390299],[44.3889175,33.3391449],[44.3890299,33.3392409],[44.3890514,33.3392458],[44.3890899,33.3392439],[44.3890906,33.3392439],[44.3891323,33.3392423],[44.3891256,33.3392357],[44.3889182,33.3390377],[44.3889107,33.3390305],[44.3886259,33.3387586],[44.3885975,33.3387315],[44.3883412,33.3384868],[44.3882768,33.3384253],[44.3880565,33.3382149],[44.3879645,33.3381271],[44.3879562,33.338115],[44.387956,33.3381149],[44.3879538,33.3381009],[44.3879563,33.3380933],[44.3879582,33.3380873],[44.3879684,33.3380762],[44.3879829,33.3380691],[44.3879996,33.3380673],[44.3880158,33.3380709],[44.3880291,33.3380795],[44.3881716,33.3382155],[44.3882775,33.3383167],[44.3884563,33.3384873],[44.3885982,33.3386228],[44.388741,33.3387592],[44.3889189,33.338929],[44.3890257,33.339031],[44.3891904,33.3391883],[44.3891906,33.3391885],[44.3891908,33.3391886],[44.3892164,33.3392136],[44.3892237,33.3392082],[44.3890393,33.3390311],[44.388919,33.3389156],[44.3888211,33.3388216],[44.3888254,33.3387706],[44.3888405,33.3387596],[44.388868,33.3387397],[44.3888576,33.3387291],[44.3888575,33.338729],[44.3888574,33.3387289],[44.3887772,33.3386455],[44.3887724,33.3386377],[44.3887714,33.3386289],[44.3887746,33.3386205],[44.3887813,33.3386138],[44.3887906,33.3386097],[44.3888011,33.3386089],[44.3888111,33.3386116],[44.3888191,33.3386172],[44.3888992,33.3387006],[44.3889086,33.3387102],[44.3889204,33.3387016],[44.3892105,33.3384909],[44.3892447,33.338466],[44.389569,33.3382304],[44.3895805,33.3382221],[44.3897125,33.3381261],[44.3897095,33.3381236],[44.3897091,33.338123],[44.3897085,33.3381226],[44.3896075,33.3380254],[44.3896023,33.3380178],[44.3896009,33.3380091],[44.3896037,33.3380006],[44.3896101,33.3379936],[44.3896192,33.3379893],[44.3896296,33.3379882],[44.3896397,33.3379905],[44.389648,33.3379958],[44.3897485,33.3380925],[44.3897532,33.3380966],[44.3898933,33.3379948],[44.3899505,33.3379533],[44.3900879,33.3378535],[44.3902176,33.3377593],[44.3903206,33.3376845],[44.3905419,33.3375237],[44.3906907,33.3374157],[44.3908662,33.3372882],[44.3910285,33.3371703],[44.3910607,33.3371469],[44.3911905,33.3370526],[44.3914307,33.3368781],[44.3914585,33.3368579],[44.3915148,33.3368157],[44.3915611,33.336781],[44.3917901,33.3366093],[44.3918391,33.3365725],[44.3921486,33.3363404],[44.3921635,33.3363293],[44.3924878,33.336086],[44.3925071,33.3360716],[44.3928122,33.3358428],[44.3928656,33.3358027],[44.3931365,33.3355995],[44.3932055,33.3355478],[44.3932062,33.3355472],[44.3932249,33.3355339],[44.3934608,33.3353654],[44.3936011,33.3352651],[44.3937851,33.3351337],[44.3939773,33.3349964],[44.3941093,33.334902],[44.3941984,33.3348384],[44.3941989,33.334838],[44.394358,33.3347276],[44.3944336,33.3346751],[44.3947451,33.3344589],[44.3947578,33.3344501],[44.395082,33.3342251],[44.3951322,33.3341902],[44.3954062,33.334],[44.3955194,33.3339215],[44.3956649,33.3338205],[44.3955627,33.3336926],[44.3955587,33.3336845],[44.3955587,33.3336757],[44.3955627,33.3336675],[44.3955701,33.3336613],[44.3955798,33.3336579],[44.3955903,33.3336579],[44.3956,33.3336613],[44.3956074,33.3336675],[44.3957065,33.3337916],[44.3957305,33.333775],[44.3959065,33.3336528],[44.3960547,33.3335499],[44.3961304,33.3334973],[44.3961306,33.3334972],[44.3962955,33.3333841],[44.3963789,33.3333269],[44.3966136,33.3331659],[44.3966688,33.3331663],[44.3967025,33.3331905],[44.3969777,33.3333873],[44.3970237,33.3334202],[44.3971593,33.3335171],[44.3971641,33.3335223],[44.3971691,33.3335273],[44.3971693,33.3335278],[44.3971697,33.3335282],[44.3971718,33.3335345],[44.3971741,33.3335407],[44.3971741,33.3335412],[44.3971743,33.3335417],[44.3971733,33.3335482],[44.3971726,33.3335547],[44.3971724,33.3335552],[44.3971723,33.3335557],[44.3971685,33.3335614],[44.3971649,33.3335672],[44.3970773,33.3336583],[44.3970218,33.333716],[44.3969332,33.333808],[44.3970208,33.3338599],[44.3971376,33.3339291],[44.3973423,33.3340503],[44.3973845,33.3340753],[44.3974471,33.3340168],[44.3974481,33.334016],[44.3975452,33.333931],[44.3976438,33.3338447]]],[[[44.3880208,33.3410851],[44.388033,33.3410948],[44.3880993,33.3411736],[44.3881061,33.3411865],[44.3881062,33.3411909],[44.3881065,33.3412006],[44.3881004,33.3412137],[44.3880889,33.3412239],[44.3880735,33.3412296],[44.3880567,33.34123],[44.3880411,33.3412249],[44.3880289,33.3412152],[44.3880081,33.3411905],[44.3879626,33.3411364],[44.3879558,33.3411235],[44.3879554,33.3411094],[44.3879615,33.3410963],[44.387973,33.3410861],[44.3879884,33.3410804],[44.3880052,33.3410801],[44.3880208,33.3410851]]],[[[44.3979272,33.3323096],[44.3979276,33.3323124],[44.3979234,33.332326],[44.3979132,33.3323372],[44.3976752,33.3325138],[44.397618,33.3325562],[44.397589,33.3325786],[44.3973508,33.3327621],[44.3972401,33.3328475],[44.3971364,33.3329273],[44.3970947,33.3330075],[44.3971333,33.3330682],[44.3971382,33.3330817],[44.3971365,33.3330957],[44.3971286,33.3331081],[44.3971156,33.333117],[44.3971141,33.3331174],[44.3970995,33.3331211],[44.3970828,33.3331197],[44.3970773,33.3331172],[44.397068,33.333113],[44.3970574,33.3331022],[44.3970262,33.3330531],[44.3970089,33.333026],[44.3970075,33.3329946],[44.3970268,33.3329574],[44.3970611,33.3328915],[44.3970715,33.3328794],[44.3971137,33.3328469],[44.3973515,33.3326636],[44.3974626,33.332578],[44.3975601,33.3325029],[44.3975607,33.3325024],[44.3976759,33.332417],[44.3978212,33.3323091],[44.3978562,33.3322832],[44.3978707,33.3322761],[44.3978873,33.3322742],[44.3979035,33.3322778],[44.3979169,33.3322863],[44.3979254,33.3322984],[44.3979272,33.3323096]]],[[[44.3980265,33.3331175],[44.3980124,33.33311],[44.3979941,33.3330954],[44.3978215,33.3329574],[44.3978119,33.3329459],[44.3978082,33.3329321],[44.3978111,33.3329183],[44.3978201,33.3329064],[44.3978338,33.3328983],[44.3978502,33.3328952],[44.3978667,33.3328977],[44.3978809,33.3329052],[44.3979947,33.3329962],[44.3980718,33.3330578],[44.3980814,33.3330693],[44.3980851,33.333083],[44.3980822,33.3330969],[44.3980732,33.3331088],[44.3980595,33.3331169],[44.3980431,33.33312],[44.3980265,33.3331175]]],[[[44.3980143,33.3354418],[44.3979786,33.3354156],[44.3979335,33.3353825],[44.3979233,33.3353714],[44.3979189,33.3353578],[44.3979211,33.3353438],[44.3979295,33.3353316],[44.3979428,33.3353231],[44.397959,33.3353194],[44.3979757,33.3353212],[44.3979792,33.335323],[44.3979902,33.3353283],[44.3980709,33.3353875],[44.3980812,33.3353986],[44.3980855,33.3354122],[44.3980834,33.3354262],[44.398075,33.3354384],[44.3980617,33.335447],[44.3980454,33.3354506],[44.3980288,33.3354488],[44.3980143,33.3354418]]],[[[44.3978329,33.3355579],[44.3978493,33.3355606],[44.3978633,33.3355684],[44.3978754,33.3355784],[44.3978776,33.3355804],[44.3979112,33.3356129],[44.3979168,33.3356532],[44.3978981,33.3356835],[44.397915,33.3356919],[44.3979693,33.3356379],[44.3979772,33.3356333],[44.3979873,33.3356273],[44.3980278,33.3356148],[44.3980444,33.3356126],[44.3980607,33.3356159],[44.3980743,33.3356242],[44.398083,33.3356362],[44.3980856,33.3356501],[44.3980817,33.3356638],[44.3980718,33.3356752],[44.3980575,33.3356825],[44.3980278,33.3356917],[44.3979764,33.3357427],[44.3979572,33.3357618],[44.3979024,33.3357695],[44.3978191,33.3357281],[44.3978029,33.3356804],[44.397827,33.3356416],[44.3978136,33.3356287],[44.3978027,33.3356196],[44.3977933,33.3356079],[44.39779,33.3355941],[44.3977932,33.3355803],[44.3978025,33.3355686],[44.3978164,33.3355607],[44.3978329,33.3355579]]],[[[44.3980283,33.3388941],[44.3980449,33.3388919],[44.3980612,33.3388951],[44.3980749,33.3389033],[44.3980837,33.3389153],[44.3980864,33.3389292],[44.3980825,33.3389429],[44.3980727,33.3389543],[44.3979986,33.3390122],[44.3979873,33.3390186],[44.3979545,33.3390312],[44.3979353,33.3390386],[44.3979543,33.3390695],[44.3979563,33.3390728],[44.3980818,33.3392782],[44.3980864,33.3392917],[44.3980844,33.3393057],[44.3980762,33.339318],[44.3980631,33.3393268],[44.3980469,33.3393306],[44.3980303,33.339329],[44.3980156,33.3393221],[44.3980052,33.3393111],[44.3979532,33.3392261],[44.3978593,33.3390724],[44.3978452,33.3390493],[44.3978489,33.3390113],[44.3978677,33.3389901],[44.3978843,33.3389788],[44.397945,33.3389554],[44.3979551,33.3389476],[44.3980141,33.3389015],[44.3980283,33.3388941]]],[[[44.3952283,33.341834],[44.3952987,33.3417656],[44.3953549,33.341711],[44.3953591,33.341707],[44.3953723,33.3416983],[44.3953885,33.3416946],[44.3954051,33.3416963],[44.3954197,33.3417032],[44.3954301,33.3417143],[44.3954345,33.3417279],[44.3954325,33.3417419],[44.3954242,33.3417541],[44.3954118,33.3417662],[44.3953541,33.3418222],[44.3952935,33.3418811],[44.3952802,33.3418898],[44.3952641,33.3418935],[44.3952474,33.3418918],[44.3952328,33.3418849],[44.3952225,33.3418738],[44.395218,33.3418602],[44.39522,33.3418462],[44.3952283,33.341834]]],[[[44.397186,33.3418211],[44.3971323,33.3418771],[44.3971198,33.341886],[44.3971141,33.3418886],[44.3970982,33.341893],[44.3970814,33.3418919],[44.3970665,33.3418855],[44.3970555,33.3418748],[44.3970503,33.3418615],[44.3970516,33.3418474],[44.3970592,33.3418349],[44.3970692,33.3418277],[44.3971189,33.3417759],[44.3971214,33.3417742],[44.3971318,33.3417669],[44.3971478,33.3417627],[44.3971645,33.3417639],[44.3971794,33.3417704],[44.3971834,33.3417745],[44.3971902,33.3417812],[44.3971952,33.3417946],[44.3971937,33.3418086],[44.397186,33.3418211]]],[[[44.3945355,33.3418445],[44.3945446,33.3418326],[44.3945584,33.3418246],[44.3945751,33.3418185],[44.3945915,33.3418155],[44.394608,33.341818],[44.3946222,33.3418257],[44.3946317,33.3418372],[44.3946353,33.341851],[44.3946323,33.3418648],[44.3946232,33.3418767],[44.3946094,33.3418847],[44.3945927,33.3418908],[44.3945763,33.3418938],[44.3945598,33.3418913],[44.3945457,33.3418836],[44.3945361,33.3418721],[44.3945326,33.3418583],[44.3945355,33.3418445]]]]}}]}
