{"type":"FeatureCollection","features":[{"type":"Feature","properties":{"cid":"C0001","height_m":3.0,"floors":1,"ground_z":13.3,"area_m2":118},"geometry":{"type":"Polygon","coordinates":[[[44.396458,33.3388611],[44.3964706,33.3388364],[44.3964956,33.3388193],[44.3965271,33.3388139],[44.3965581,33.3388213],[44.3965814,33.3388399],[44.3965917,33.3388654],[44.3965866,33.338892],[44.3965673,33.3389135],[44.3965381,33.3389251],[44.3965059,33.3389241],[44.396478,33.3389106],[44.3964606,33.3388879],[44.396458,33.3388611]]]}},{"type":"Feature","properties":{"cid":"C0002","height_m":3.0,"floors":1,"ground_z":9.4,"area_m2":1318},"geometry":{"type":"Polygon","coordinates":[[[44.388099,33.3393908],[44.3881463,33.3393513],[44.3884619,33.3396141],[44.3885169,33.3396697],[44.3884231,33.3397408],[44.3884037,33.339723],[44.3883784,33.3397421],[44.3882842,33.3398236],[44.3883059,33.3398414],[44.3882793,33.3398639],[44.38809,33.3400244],[44.388116,33.3400454],[44.3880446,33.340109],[44.3879978,33.3400759],[44.3879975,33.3400756],[44.3879974,33.3399488],[44.3880003,33.3399511],[44.3883488,33.339652],[44.3881858,33.3395196],[44.3879973,33.3396812],[44.3879973,33.3395362],[44.3881335,33.3394187],[44.388099,33.3393908]]]}},{"type":"Feature","properties":{"cid":"C0009","height_m":13.0,"floors":4,"ground_z":34.7,"area_m2":189},"geometry":{"type":"Polygon","coordinates":[[[44.3928912,33.3393185],[44.3929064,33.3393005],[44.3929276,33.3392874],[44.3929525,33.3392803],[44.3929789,33.33928],[44.3930042,33.3392867],[44.3930256,33.3392994],[44.3930413,33.3393171],[44.3930497,33.339338],[44.39305,33.33936],[44.3930422,33.3393809],[44.3930269,33.3393989],[44.3930058,33.339412],[44.3929807,33.339419],[44.3929543,33.3394193],[44.3929291,33.3394127],[44.3929076,33.3394],[44.392892,33.3393823],[44.3928836,33.3393614],[44.3928832,33.3393394],[44.3928912,33.3393185]]]}},{"type":"Feature","properties":{"cid":"C0010","height_m":13.0,"floors":4,"ground_z":18.6,"area_m2":266},"geometry":{"type":"Polygon","coordinates":[[[44.3928445,33.3393305],[44.3929894,33.3392475],[44.3930891,33.3393687],[44.3929442,33.3394517],[44.3928445,33.3393305]]]}},{"type":"Feature","properties":{"cid":"C0011","height_m":3.0,"floors":1,"ground_z":17.8,"area_m2":89},"geometry":{"type":"Polygon","coordinates":[[[44.3952091,33.3394582],[44.39522,33.3394367],[44.3952417,33.3394219],[44.3952691,33.3394172],[44.395296,33.3394236],[44.3953162,33.3394398],[44.3953252,33.3394619],[44.3953207,33.339485],[44.3953039,33.3395037],[44.3952786,33.3395137],[44.3952507,33.3395128],[44.3952265,33.3395012],[44.3952114,33.3394815],[44.3952091,33.3394582]]]}},{"type":"Feature","properties":{"cid":"C0012","height_m":3.0,"floors":1,"ground_z":16.9,"area_m2":42},"geometry":{"type":"Polygon","coordinates":[[[44.3954143,33.339486],[44.3954928,33.3394107],[44.3955233,33.3394328],[44.3954447,33.3395081],[44.3954143,33.339486]]]}},{"type":"Feature","properties":{"cid":"C0013","height_m":3.0,"floors":1,"ground_z":9.3,"area_m2":103},"geometry":{"type":"Polygon","coordinates":[[[44.3889229,33.3391601],[44.3887042,33.3389546],[44.3887314,33.3389345],[44.38895,33.33914],[44.3889229,33.3391601]]]}},{"type":"Feature","properties":{"cid":"C0014","height_m":3.0,"floors":1,"ground_z":15.6,"area_m2":30},"geometry":{"type":"Polygon","coordinates":[[[44.3892991,33.3389187],[44.3893117,33.3389101],[44.3893277,33.3389074],[44.3893434,33.3389111],[44.3893552,33.3389206],[44.3893605,33.3389335],[44.3893579,33.338947],[44.389348,33.3389579],[44.3893333,33.3389638],[44.389317,33.3389632],[44.3893028,33.3389564],[44.3892941,33.3389449],[44.3892927,33.3389313],[44.3892991,33.3389187]]]}},{"type":"Feature","properties":{"cid":"C0015","height_m":3.0,"floors":1,"ground_z":17.1,"area_m2":5},"geometry":{"type":"Polygon","coordinates":[[[44.389515,33.3388828],[44.3895144,33.338877],[44.3895171,33.3388717],[44.3895224,33.3388681],[44.3895292,33.3388669],[44.3895358,33.3388685],[44.3895408,33.3388725],[44.389543,33.3388779],[44.3895419,33.3388836],[44.3895378,33.3388882],[44.3895315,33.3388907],[44.3895247,33.3388905],[44.3895187,33.3388876],[44.389515,33.3388828]]]}},{"type":"Feature","properties":{"cid":"C0017","height_m":3.0,"floors":1,"ground_z":18.0,"area_m2":5},"geometry":{"type":"Polygon","coordinates":[[[44.3896447,33.3389095],[44.3896474,33.3389042],[44.3896527,33.3389005],[44.3896595,33.3388994],[44.3896661,33.338901],[44.3896711,33.338905],[44.3896733,33.3389103],[44.3896722,33.338916],[44.3896681,33.3389206],[44.3896618,33.3389231],[44.3896549,33.338923],[44.389649,33.3389201],[44.3896453,33.3389153],[44.3896447,33.3389095]]]}},{"type":"Feature","properties":{"cid":"C0018","height_m":3.0,"floors":1,"ground_z":19.1,"area_m2":4},"geometry":{"type":"Polygon","coordinates":[[[44.390185,33.3389182],[44.3901873,33.3389137],[44.3901919,33.3389105],[44.3901978,33.3389095],[44.3902035,33.3389109],[44.3902078,33.3389143],[44.3902097,33.338919],[44.3902087,33.3389239],[44.3902052,33.3389279],[44.3901998,33.33893],[44.3901939,33.3389298],[44.3901887,33.3389274],[44.3901855,33.3389232],[44.390185,33.3389182]]]}},{"type":"Feature","properties":{"cid":"C0022","height_m":3.0,"floors":1,"ground_z":18.9,"area_m2":4},"geometry":{"type":"Polygon","coordinates":[[[44.3903801,33.3389151],[44.3903858,33.3389165],[44.39039,33.3389199],[44.3903919,33.3389246],[44.390391,33.3389295],[44.3903874,33.3389335],[44.3903821,33.3389356],[44.3903761,33.3389354],[44.3903709,33.338933],[44.3903677,33.3389288],[44.3903672,33.3389238],[44.3903696,33.3389193],[44.3903741,33.3389161],[44.3903801,33.3389151]]]}},{"type":"Feature","properties":{"cid":"C0027","height_m":3.0,"floors":1,"ground_z":18.7,"area_m2":4},"geometry":{"type":"Polygon","coordinates":[[[44.3905032,33.3389143],[44.3905055,33.3389098],[44.3905101,33.3389066],[44.3905159,33.3389056],[44.3905216,33.338907],[44.3905259,33.3389104],[44.3905278,33.3389151],[44.3905269,33.33892],[44.3905233,33.338924],[44.390518,33.3389261],[44.390512,33.3389259],[44.3905069,33.3389234],[44.3905037,33.3389193],[44.3905032,33.3389143]]]}},{"type":"Feature","properties":{"cid":"C0028","height_m":3.0,"floors":1,"ground_z":18.5,"area_m2":4},"geometry":{"type":"Polygon","coordinates":[[[44.3905693,33.3388787],[44.3905751,33.3388801],[44.3905793,33.3388835],[44.3905812,33.3388882],[44.3905803,33.3388931],[44.3905767,33.3388971],[44.3905714,33.3388992],[44.3905653,33.338899],[44.3905602,33.3388966],[44.390557,33.3388924],[44.3905565,33.3388874],[44.3905589,33.3388829],[44.3905634,33.3388797],[44.3905693,33.3388787]]]}},{"type":"Feature","properties":{"cid":"C0033","height_m":3.0,"floors":1,"ground_z":19.9,"area_m2":4},"geometry":{"type":"Polygon","coordinates":[[[44.3902921,33.33911],[44.3902945,33.3391054],[44.390299,33.3391023],[44.3903049,33.3391013],[44.3903106,33.3391026],[44.3903148,33.3391061],[44.3903167,33.3391108],[44.3903158,33.3391157],[44.3903122,33.3391196],[44.3903069,33.3391218],[44.3903009,33.3391216],[44.3902958,33.3391191],[44.3902926,33.3391149],[44.3902921,33.33911]]]}},{"type":"Feature","properties":{"cid":"C0034","height_m":3.0,"floors":1,"ground_z":18.7,"area_m2":4},"geometry":{"type":"Polygon","coordinates":[[[44.3905451,33.3389216],[44.3905475,33.338917],[44.390552,33.3389139],[44.3905579,33.3389129],[44.3905637,33.3389142],[44.3905679,33.3389176],[44.3905698,33.3389223],[44.3905689,33.3389272],[44.3905653,33.3389312],[44.39056,33.3389333],[44.3905539,33.3389331],[44.3905488,33.3389306],[44.3905456,33.3389265],[44.3905451,33.3389216]]]}},{"type":"Feature","properties":{"cid":"C0036","height_m":3.0,"floors":1,"ground_z":18.7,"area_m2":4},"geometry":{"type":"Polygon","coordinates":[[[44.3906036,33.3389506],[44.3906059,33.3389461],[44.3906105,33.3389429],[44.3906163,33.3389419],[44.390622,33.3389433],[44.3906263,33.3389467],[44.3906282,33.3389514],[44.3906272,33.3389563],[44.3906237,33.3389603],[44.3906183,33.3389624],[44.3906124,33.3389622],[44.3906072,33.3389598],[44.3906041,33.3389556],[44.3906036,33.3389506]]]}},{"type":"Feature","properties":{"cid":"C0037","height_m":3.0,"floors":1,"ground_z":19.3,"area_m2":661},"geometry":{"type":"Polygon","coordinates":[[[44.3945782,33.3393493],[44.3945822,33.3391231],[44.3947446,33.3391052],[44.3949394,33.3392193],[44.3948266,33.3393493],[44.3947084,33.3392922],[44.39464,33.3393751],[44.3945782,33.3393493]]]}},{"type":"Feature","properties":{"cid":"C0038","height_m":3.0,"floors":1,"ground_z":18.5,"area_m2":305},"geometry":{"type":"Polygon","coordinates":[[[44.3949608,33.3392216],[44.3950091,33.3391947],[44.3951618,33.3393025],[44.3950629,33.3393996],[44.3950494,33.3394119],[44.394899,33.3392989],[44.3949608,33.3392216]]]}},{"type":"Feature","properties":{"cid":"C0039","height_m":3.0,"floors":1,"ground_z":10.3,"area_m2":411},"geometry":{"type":"Polygon","coordinates":[[[44.3884092,33.3392717],[44.3886106,33.3391476],[44.3886166,33.3391545],[44.3886457,33.3391885],[44.3887235,33.3392776],[44.3885204,33.3394],[44.3884092,33.3392717]]]}},{"type":"Feature","properties":{"cid":"C0040","height_m":3.0,"floors":1,"ground_z":13.0,"area_m2":17},"geometry":{"type":"Polygon","coordinates":[[[44.3906481,33.3377631],[44.3906529,33.3377537],[44.3906624,33.3377472],[44.3906744,33.3377452],[44.3906862,33.337748],[44.390695,33.3377551],[44.3906989,33.3377648],[44.390697,33.3377749],[44.3906896,33.3377831],[44.3906786,33.3377875],[44.3906663,33.3377871],[44.3906557,33.337782],[44.3906491,33.3377733],[44.3906481,33.3377631]]]}},{"type":"Feature","properties":{"cid":"C0042","height_m":3.0,"floors":1,"ground_z":13.5,"area_m2":298},"geometry":{"type":"Polygon","coordinates":[[[44.3904271,33.3380817],[44.3905839,33.337974],[44.3906925,33.3380841],[44.3905358,33.3381917],[44.3904271,33.3380817]]]}},{"type":"Feature","properties":{"cid":"C0043","height_m":3.0,"floors":1,"ground_z":15.1,"area_m2":286},"geometry":{"type":"Polygon","coordinates":[[[44.391007,33.3378681],[44.3910688,33.3379307],[44.3908051,33.3381119],[44.3907433,33.3380493],[44.3909662,33.3378961],[44.391007,33.3378681]]]}},{"type":"Feature","properties":{"cid":"C0044","height_m":3.0,"floors":1,"ground_z":18.5,"area_m2":4},"geometry":{"type":"Polygon","coordinates":[[[44.3903669,33.3388252],[44.3903692,33.3388207],[44.3903738,33.3388175],[44.3903796,33.3388165],[44.3903853,33.3388179],[44.3903896,33.3388213],[44.3903915,33.338826],[44.3903905,33.3388309],[44.390387,33.3388349],[44.3903816,33.338837],[44.3903757,33.3388368],[44.3903706,33.3388344],[44.3903674,33.3388302],[44.3903669,33.3388252]]]}},{"type":"Feature","properties":{"cid":"C0047","height_m":3.0,"floors":1,"ground_z":14.0,"area_m2":334},"geometry":{"type":"Polygon","coordinates":[[[44.3975381,33.3383251],[44.3974863,33.3383656],[44.3975113,33.3383878],[44.3974365,33.3384463],[44.397273,33.3383009],[44.3973995,33.3382019],[44.3975381,33.3383251]]]}},{"type":"Feature","properties":{"cid":"C0048","height_m":30.0,"floors":9,"ground_z":17.6,"area_m2":625},"geometry":{"type":"Polygon","coordinates":[[[44.3884567,33.3331178],[44.3885488,33.3330699],[44.3885132,33.3330221],[44.3885712,33.332992],[44.3886011,33.3330323],[44.3886359,33.3330143],[44.3887013,33.3331022],[44.3887307,33.3331417],[44.3887068,33.3331541],[44.3887444,33.3332045],[44.3886691,33.3332437],[44.3886187,33.333176],[44.3885286,33.3332227],[44.3885624,33.3332681],[44.3885015,33.3332997],[44.3884876,33.333281],[44.3884534,33.3332987],[44.3883595,33.3331724],[44.3883975,33.3331527],[44.3883652,33.3331092],[44.3884266,33.3330774],[44.3884567,33.3331178]]]}},{"type":"Feature","properties":{"cid":"C0049","height_m":3.0,"floors":1,"ground_z":17.7,"area_m2":84},"geometry":{"type":"Polygon","coordinates":[[[44.3979439,33.3347711],[44.3980424,33.3346995],[44.3980425,33.3348493],[44.3980328,33.3348563],[44.3979439,33.3347711]]]}},{"type":"Feature","properties":{"cid":"C0050","height_m":3.0,"floors":1,"ground_z":21.0,"area_m2":407},"geometry":{"type":"Polygon","coordinates":[[[44.3959623,33.3346763],[44.3961388,33.3345201],[44.3962728,33.334626],[44.3960958,33.3347814],[44.3959623,33.3346763]]]}},{"type":"Feature","properties":{"cid":"C0051","height_m":3.0,"floors":1,"ground_z":20.4,"area_m2":392},"geometry":{"type":"Polygon","coordinates":[[[44.395792,33.3348268],[44.3959623,33.3346763],[44.3960958,33.3347814],[44.3959255,33.334932],[44.395792,33.3348268]]]}},{"type":"Feature","properties":{"cid":"C0052","height_m":3.0,"floors":1,"ground_z":20.4,"area_m2":119},"geometry":{"type":"Polygon","coordinates":[[[44.3967473,33.3346265],[44.3968201,33.3345318],[44.396856,33.334551],[44.3968158,33.3346032],[44.3968563,33.3346249],[44.3968828,33.3345905],[44.3969226,33.3346118],[44.3968634,33.3346887],[44.3967473,33.3346265]]]}},{"type":"Feature","properties":{"cid":"C0053","height_m":3.0,"floors":1,"ground_z":20.1,"area_m2":181},"geometry":{"type":"Polygon","coordinates":[[[44.3966853,33.3347368],[44.3967432,33.3346823],[44.3968213,33.3347402],[44.3967483,33.3348088],[44.3966544,33.3348177],[44.3965868,33.3347677],[44.3966497,33.3347124],[44.3966853,33.3347368]]]}},{"type":"Feature","properties":{"cid":"C0054","height_m":3.0,"floors":1,"ground_z":14.3,"area_m2":1046},"geometry":{"type":"Polygon","coordinates":[[[44.3974185,33.3331925],[44.3971874,33.3329868],[44.3973098,33.3328911],[44.3976416,33.3331865],[44.3973201,33.3334379],[44.3972194,33.3333482],[44.3974185,33.3331925]]]}},{"type":"Feature","properties":{"cid":"C0055","height_m":3.0,"floors":1,"ground_z":18.8,"area_m2":188},"geometry":{"type":"Polygon","coordinates":[[[44.3975234,33.3335905],[44.3974385,33.3335215],[44.3975804,33.3334031],[44.3975927,33.3334134],[44.397651,33.3334636],[44.3975234,33.3335905]]]}},{"type":"Feature","properties":{"cid":"C0056","height_m":3.0,"floors":1,"ground_z":19.0,"area_m2":360},"geometry":{"type":"Polygon","coordinates":[[[44.397651,33.3334636],[44.3978072,33.3335979],[44.3977133,33.3336967],[44.3976843,33.3336707],[44.3976397,33.3336855],[44.3975234,33.3335905],[44.397651,33.3334636]]]}},{"type":"Feature","properties":{"cid":"C0057","height_m":3.0,"floors":1,"ground_z":15.2,"area_m2":200},"geometry":{"type":"Polygon","coordinates":[[[44.3977552,33.3381778],[44.3976143,33.3380526],[44.3976897,33.3379936],[44.3978433,33.3381303],[44.3977681,33.3381892],[44.3977552,33.3381778]]]}},{"type":"Feature","properties":{"cid":"C0058","height_m":3.0,"floors":1,"ground_z":20.5,"area_m2":692},"geometry":{"type":"Polygon","coordinates":[[[44.3936579,33.3412252],[44.3937954,33.3413469],[44.3935357,33.3415511],[44.3934914,33.3415119],[44.3934433,33.3415497],[44.3933502,33.3414673],[44.3936579,33.3412252]]]}},{"type":"Feature","properties":{"cid":"C0059","height_m":3.0,"floors":1,"ground_z":20.7,"area_m2":260},"geometry":{"type":"Polygon","coordinates":[[[44.3937954,33.3413469],[44.3936579,33.3412252],[44.3937642,33.3411395],[44.3939063,33.3412585],[44.3937954,33.3413469]]]}},{"type":"Feature","properties":{"cid":"C0060","height_m":3.0,"floors":1,"ground_z":21.3,"area_m2":353},"geometry":{"type":"Polygon","coordinates":[[[44.3941743,33.3410528],[44.3940191,33.3409238],[44.3941441,33.3408117],[44.3943069,33.3409525],[44.3941743,33.3410528]]]}},{"type":"Feature","properties":{"cid":"C0061","height_m":3.0,"floors":1,"ground_z":19.8,"area_m2":427},"geometry":{"type":"Polygon","coordinates":[[[44.390559,33.3410348],[44.3906464,33.341102],[44.3905189,33.3412219],[44.390364,33.3413683],[44.3902909,33.3412848],[44.3903406,33.3412385],[44.390559,33.3410348]]]}},{"type":"Feature","properties":{"cid":"C0062","height_m":3.0,"floors":1,"ground_z":18.6,"area_m2":224},"geometry":{"type":"Polygon","coordinates":[[[44.3954826,33.3404525],[44.3956064,33.3403515],[44.3957117,33.3404413],[44.3955879,33.3405424],[44.3954826,33.3404525]]]}},{"type":"Feature","properties":{"cid":"C0063","height_m":3.0,"floors":1,"ground_z":18.8,"area_m2":203},"geometry":{"type":"Polygon","coordinates":[[[44.3953708,33.3407271],[44.3952568,33.3406309],[44.3953658,33.340546],[44.395474,33.3406378],[44.3953708,33.3407271]]]}},{"type":"Feature","properties":{"cid":"C0064","height_m":3.0,"floors":1,"ground_z":18.8,"area_m2":212},"geometry":{"type":"Polygon","coordinates":[[[44.3953658,33.340546],[44.3954826,33.3404525],[44.3955879,33.3405424],[44.395474,33.3406378],[44.3953658,33.340546]]]}},{"type":"Feature","properties":{"cid":"C0065","height_m":3.0,"floors":1,"ground_z":17.8,"area_m2":575},"geometry":{"type":"Polygon","coordinates":[[[44.3932355,33.339028],[44.3932476,33.3390023],[44.3933711,33.3389352],[44.393398,33.3389664],[44.393602,33.3388656],[44.3936369,33.3389082],[44.3936423,33.3389496],[44.3936329,33.3389855],[44.3936074,33.3390202],[44.3934194,33.3391166],[44.3933577,33.3391098],[44.3933,33.3390874],[44.3932596,33.3390583],[44.3932355,33.339028]]]}},{"type":"Feature","properties":{"cid":"C0066","height_m":1.0,"floors":1,"ground_z":35.7,"area_m2":25},"geometry":{"type":"Polygon","coordinates":[[[44.3927033,33.3387709],[44.3927075,33.3387681],[44.3928039,33.3387045],[44.3928081,33.3387017],[44.3928214,33.3387159],[44.3928172,33.3387186],[44.3927208,33.3387823],[44.3927166,33.3387849],[44.3927033,33.3387709]]]}},{"type":"Feature","properties":{"cid":"C0067","height_m":1.0,"floors":1,"ground_z":35.5,"area_m2":25},"geometry":{"type":"Polygon","coordinates":[[[44.3927299,33.3387992],[44.3927341,33.3387963],[44.3928304,33.3387328],[44.3928346,33.33873],[44.392848,33.3387442],[44.3928437,33.338747],[44.3927475,33.3388106],[44.3927433,33.3388133],[44.3927299,33.3387992]]]}},{"type":"Feature","properties":{"cid":"C0068","height_m":14.0,"floors":4,"ground_z":20.1,"area_m2":7},"geometry":{"type":"Polygon","coordinates":[[[44.3926235,33.3387661],[44.3925968,33.3387377],[44.3925903,33.3387306],[44.3925998,33.3387243],[44.3926392,33.3387672],[44.3926302,33.3387731],[44.3926235,33.3387661]]]}},{"type":"Feature","properties":{"cid":"C0071","height_m":1.8,"floors":1,"ground_z":35.0,"area_m2":29},"geometry":{"type":"Polygon","coordinates":[[[44.3925701,33.3386292],[44.3925744,33.3386263],[44.3926707,33.3385627],[44.3926749,33.33856],[44.3926834,33.3385543],[44.3926967,33.3385686],[44.3926882,33.338574],[44.392684,33.3385769],[44.3925877,33.3386404],[44.3925835,33.3386433],[44.392575,33.3386489],[44.3925617,33.3386346],[44.3925701,33.3386292]]]}},{"type":"Feature","properties":{"cid":"C0072","height_m":1.8,"floors":1,"ground_z":34.6,"area_m2":29},"geometry":{"type":"Polygon","coordinates":[[[44.3926234,33.3386857],[44.3926276,33.3386829],[44.392724,33.3386194],[44.3927282,33.3386165],[44.3927366,33.3386111],[44.3927499,33.3386251],[44.3927415,33.3386308],[44.3927373,33.3386335],[44.3926409,33.3386971],[44.3926367,33.3386999],[44.3926283,33.3387055],[44.3926149,33.3386914],[44.3926234,33.3386857]]]}},{"type":"Feature","properties":{"cid":"C0073","height_m":1.0,"floors":1,"ground_z":36.3,"area_m2":25},"geometry":{"type":"Polygon","coordinates":[[[44.3926234,33.3386858],[44.3926276,33.3386831],[44.392724,33.3386194],[44.3927282,33.3386166],[44.3927415,33.3386308],[44.3927373,33.3386336],[44.3926409,33.3386972],[44.3926367,33.3386999],[44.3926234,33.3386858]]]}},{"type":"Feature","properties":{"cid":"C0074","height_m":1.8,"floors":1,"ground_z":33.9,"area_m2":29},"geometry":{"type":"Polygon","coordinates":[[[44.3927033,33.3387708],[44.3927076,33.338768],[44.3928039,33.3387044],[44.3928081,33.3387015],[44.3928166,33.338696],[44.3928299,33.3387102],[44.3928214,33.3387158],[44.3928172,33.3387186],[44.3927209,33.3387822],[44.3927166,33.3387849],[44.3927082,33.3387906],[44.3926948,33.3387764],[44.3927033,33.3387708]]]}},{"type":"Feature","properties":{"cid":"C0075","height_m":3.0,"floors":1,"ground_z":20.0,"area_m2":67},"geometry":{"type":"Polygon","coordinates":[[[44.390054,33.3415266],[44.3900411,33.3415361],[44.3899932,33.341572],[44.38993,33.3415198],[44.3899868,33.3414662],[44.390054,33.3415266]]]}},{"type":"Feature","properties":{"cid":"C0076","height_m":3.0,"floors":1,"ground_z":19.8,"area_m2":66},"geometry":{"type":"Polygon","coordinates":[[[44.3894382,33.34144],[44.3893872,33.3413895],[44.3894577,33.3413296],[44.3894945,33.3413582],[44.3895067,33.3413682],[44.3894382,33.34144]]]}},{"type":"Feature","properties":{"cid":"C0077","height_m":3.0,"floors":1,"ground_z":19.4,"area_m2":51},"geometry":{"type":"Polygon","coordinates":[[[44.3893611,33.3415889],[44.389437,33.3416454],[44.3893947,33.3416868],[44.3893302,33.3416309],[44.3893611,33.3415889]]]}},{"type":"Feature","properties":{"cid":"C0078","height_m":3.0,"floors":1,"ground_z":19.2,"area_m2":125},"geometry":{"type":"Polygon","coordinates":[[[44.3890019,33.3413801],[44.3891032,33.3413201],[44.3891429,33.3413677],[44.3891549,33.3414048],[44.3891469,33.3414355],[44.3891254,33.3414741],[44.3890019,33.3413801]]]}},{"type":"Feature","properties":{"cid":"C0079","height_m":3.0,"floors":1,"ground_z":19.1,"area_m2":445},"geometry":{"type":"Polygon","coordinates":[[[44.3891202,33.3417878],[44.3891604,33.341753],[44.3890959,33.341706],[44.3890779,33.3416931],[44.3891663,33.3416052],[44.3891966,33.3416292],[44.3892301,33.3416035],[44.3893584,33.3417009],[44.3893041,33.3417435],[44.3893484,33.3417922],[44.3892628,33.3418588],[44.3892176,33.3418588],[44.3891605,33.3418174],[44.3891202,33.3417878]]]}},{"type":"Feature","properties":{"cid":"C0080","height_m":3.0,"floors":1,"ground_z":19.8,"area_m2":200},"geometry":{"type":"Polygon","coordinates":[[[44.3897477,33.34167],[44.389641,33.3415934],[44.3897537,33.3414937],[44.389842,33.3415581],[44.3898618,33.3415725],[44.3897477,33.34167]]]}},{"type":"Feature","properties":{"cid":"C0081","height_m":3.0,"floors":1,"ground_z":20.2,"area_m2":299},"geometry":{"type":"Polygon","coordinates":[[[44.3895858,33.3412142],[44.3895365,33.3411736],[44.3894247,33.3410816],[44.3894877,33.3410339],[44.3895193,33.341065],[44.3895273,33.3410593],[44.3895622,33.3410937],[44.38959,33.3410655],[44.3897328,33.341166],[44.3897651,33.3411945],[44.3897073,33.3412483],[44.3896683,33.3412143],[44.3896301,33.3411812],[44.3895858,33.3412142]]]}},{"type":"Feature","properties":{"cid":"C0082","height_m":3.0,"floors":1,"ground_z":19.8,"area_m2":188},"geometry":{"type":"Polygon","coordinates":[[[44.389641,33.3415934],[44.3895369,33.3415152],[44.389625,33.341427],[44.3896582,33.3414442],[44.3897537,33.3414937],[44.389641,33.3415934]]]}},{"type":"Feature","properties":{"cid":"C0083","height_m":3.0,"floors":1,"ground_z":19.0,"area_m2":106},"geometry":{"type":"Polygon","coordinates":[[[44.3889005,33.3411513],[44.3889901,33.3410881],[44.3890546,33.3411618],[44.3889718,33.3412205],[44.3889005,33.3411513]]]}},{"type":"Feature","properties":{"cid":"C0084","height_m":3.0,"floors":1,"ground_z":19.5,"area_m2":120},"geometry":{"type":"Polygon","coordinates":[[[44.389065,33.3410523],[44.3892012,33.3409633],[44.3892257,33.3409873],[44.3892515,33.3410121],[44.3891228,33.3411048],[44.389065,33.3410523]]]}},{"type":"Feature","properties":{"cid":"C0085","height_m":3.0,"floors":1,"ground_z":16.4,"area_m2":444},"geometry":{"type":"Polygon","coordinates":[[[44.388998,33.3397442],[44.3891268,33.3397083],[44.3891457,33.339724],[44.3891268,33.3397368],[44.3891766,33.3397927],[44.3892591,33.3398853],[44.3891337,33.3399693],[44.3890363,33.3398892],[44.3889315,33.3397509],[44.3889832,33.3397262],[44.388998,33.3397442]]]}},{"type":"Feature","properties":{"cid":"C0086","height_m":3.0,"floors":1,"ground_z":16.2,"area_m2":128},"geometry":{"type":"Polygon","coordinates":[[[44.3890918,33.3396395],[44.3891268,33.3397083],[44.388998,33.3397442],[44.3889832,33.3397262],[44.3889315,33.3397509],[44.3889127,33.3397184],[44.3890882,33.3396275],[44.3890918,33.3396395]]]}},{"type":"Feature","properties":{"cid":"C0087","height_m":3.0,"floors":1,"ground_z":17.8,"area_m2":345},"geometry":{"type":"Polygon","coordinates":[[[44.3890107,33.3403656],[44.3889014,33.3402471],[44.3889451,33.3401671],[44.3890087,33.340108],[44.389119,33.3402153],[44.3891023,33.3402256],[44.3891452,33.3402667],[44.3891257,33.3402801],[44.3890107,33.3403656]]]}},{"type":"Feature","properties":{"cid":"C0088","height_m":3.0,"floors":1,"ground_z":18.8,"area_m2":152},"geometry":{"type":"Polygon","coordinates":[[[44.3893042,33.3400454],[44.3892156,33.339956],[44.3892958,33.3398972],[44.3893995,33.3400292],[44.389329,33.3400706],[44.3893042,33.3400454]]]}},{"type":"Feature","properties":{"cid":"C0089","height_m":3.0,"floors":1,"ground_z":19.7,"area_m2":204},"geometry":{"type":"Polygon","coordinates":[[[44.3894593,33.3397783],[44.3895826,33.339907],[44.3894647,33.3399804],[44.3893845,33.339832],[44.3894593,33.3397783]]]}},{"type":"Feature","properties":{"cid":"C0090","height_m":3.0,"floors":1,"ground_z":20.8,"area_m2":327},"geometry":{"type":"Polygon","coordinates":[[[44.3899703,33.3407341],[44.3899937,33.3407313],[44.390112,33.3408011],[44.3899767,33.3409417],[44.389822,33.3408148],[44.3899394,33.3407425],[44.3899703,33.3407341]]]}},{"type":"Feature","properties":{"cid":"C0091","height_m":3.0,"floors":1,"ground_z":19.5,"area_m2":566},"geometry":{"type":"Polygon","coordinates":[[[44.3891267,33.340832],[44.3890945,33.3407981],[44.3891761,33.3407453],[44.3892653,33.3406875],[44.3892836,33.3406763],[44.3894025,33.3408233],[44.3894226,33.3408468],[44.3893781,33.3408777],[44.3892257,33.3409873],[44.3892012,33.3409633],[44.3890965,33.3408518],[44.3891267,33.340832]]]}},{"type":"Feature","properties":{"cid":"C0092","height_m":3.0,"floors":1,"ground_z":20.8,"area_m2":803},"geometry":{"type":"Polygon","coordinates":[[[44.3945941,33.3405041],[44.3947134,33.3406063],[44.3946623,33.3406479],[44.3947039,33.3406834],[44.3944523,33.3408877],[44.394426,33.3408675],[44.3942914,33.3407499],[44.3945941,33.3405041]]]}},{"type":"Feature","properties":{"cid":"C0093","height_m":3.0,"floors":1,"ground_z":19.5,"area_m2":1652},"geometry":{"type":"Polygon","coordinates":[[[44.3937149,33.337549],[44.3940629,33.3373244],[44.3943301,33.3376125],[44.3939822,33.3378371],[44.3937149,33.337549]]]}},{"type":"Feature","properties":{"cid":"C0094","height_m":3.0,"floors":1,"ground_z":18.9,"area_m2":874},"geometry":{"type":"Polygon","coordinates":[[[44.3950854,33.3358448],[44.3951477,33.3359053],[44.3949896,33.3360634],[44.3951531,33.3364464],[44.3952853,33.3365568],[44.3952231,33.3366],[44.3951816,33.336587],[44.3950675,33.3365005],[44.3948729,33.3360396],[44.3950854,33.3358448]]]}},{"type":"Feature","properties":{"cid":"C0095","height_m":3.0,"floors":1,"ground_z":11.5,"area_m2":524},"geometry":{"type":"Polygon","coordinates":[[[44.3932372,33.3359111],[44.3930552,33.335738],[44.3932184,33.3356153],[44.3934027,33.3357982],[44.3932372,33.3359111]]]}},{"type":"Feature","properties":{"cid":"C0096","height_m":30.0,"floors":9,"ground_z":16.9,"area_m2":625},"geometry":{"type":"Polygon","coordinates":[[[44.3893241,33.3327694],[44.3893541,33.3328097],[44.3894462,33.332762],[44.3894107,33.3327141],[44.3894686,33.3326839],[44.3894985,33.3327242],[44.3895332,33.3327063],[44.3896281,33.3328337],[44.3896042,33.332846],[44.3896419,33.3328965],[44.3895665,33.3329356],[44.3895161,33.332868],[44.3894261,33.3329148],[44.3894598,33.3329601],[44.3893989,33.3329916],[44.389385,33.3329729],[44.3893509,33.3329907],[44.3892569,33.3328645],[44.389295,33.3328447],[44.3892626,33.3328012],[44.3893241,33.3327694]]]}},{"type":"Feature","properties":{"cid":"C0097","height_m":30.0,"floors":9,"ground_z":18.5,"area_m2":193},"geometry":{"type":"Polygon","coordinates":[[[44.3879952,33.333354],[44.3880267,33.3333377],[44.3881216,33.3334651],[44.3880977,33.3334775],[44.3881352,33.3335279],[44.3880599,33.333567],[44.3880096,33.3334994],[44.3879952,33.3335069],[44.3879952,33.333354]]]}},{"type":"Feature","properties":{"cid":"C0098","height_m":3.0,"floors":1,"ground_z":20.0,"area_m2":406},"geometry":{"type":"Polygon","coordinates":[[[44.3946359,33.3372436],[44.3946929,33.3372764],[44.3944725,33.3374954],[44.39436,33.3373355],[44.3945343,33.3372405],[44.3945818,33.337297],[44.3946359,33.3372436]]]}},{"type":"Feature","properties":{"cid":"C0099","height_m":3.0,"floors":1,"ground_z":15.6,"area_m2":2782},"geometry":{"type":"Polygon","coordinates":[[[44.3906433,33.3382886],[44.3912126,33.3379247],[44.391327,33.3380492],[44.391425,33.3381561],[44.3914869,33.3382235],[44.3909175,33.3385873],[44.3908426,33.3385058],[44.3907337,33.3383871],[44.3906433,33.3382886]]]}},{"type":"Feature","properties":{"cid":"C0100","height_m":3.0,"floors":1,"ground_z":15.4,"area_m2":1640},"geometry":{"type":"Polygon","coordinates":[[[44.3952159,33.3381437],[44.3949527,33.3378778],[44.3954315,33.3376408],[44.3955142,33.337761],[44.395404,33.3378212],[44.395562,33.3379799],[44.3952743,33.3381318],[44.3952626,33.3381166],[44.3952159,33.3381437]]]}},{"type":"Feature","properties":{"cid":"C0101","height_m":3.0,"floors":1,"ground_z":18.0,"area_m2":2341},"geometry":{"type":"Polygon","coordinates":[[[44.3936023,33.3376137],[44.3939303,33.3379814],[44.3939462,33.3380164],[44.3937258,33.3382354],[44.3936838,33.3382441],[44.3936392,33.3382376],[44.3936103,33.338218],[44.3932533,33.3378042],[44.3936023,33.3376137]]]}},{"type":"Feature","properties":{"cid":"C0102","height_m":3.0,"floors":1,"ground_z":18.6,"area_m2":58},"geometry":{"type":"Polygon","coordinates":[[[44.3882862,33.3413494],[44.3883105,33.3413719],[44.3883427,33.3413489],[44.3883676,33.341373],[44.3882808,33.3414305],[44.3882307,33.341387],[44.3882655,33.3413623],[44.3882862,33.3413494]]]}},{"type":"Feature","properties":{"cid":"C0103","height_m":3.0,"floors":1,"ground_z":19.0,"area_m2":251},"geometry":{"type":"Polygon","coordinates":[[[44.3885684,33.3417162],[44.3886053,33.3416916],[44.3886415,33.3416804],[44.3886818,33.3416602],[44.3887476,33.3417049],[44.3887187,33.341738],[44.3887513,33.3417669],[44.3887953,33.3418058],[44.3887417,33.3418589],[44.3886715,33.3418589],[44.3886402,33.3418315],[44.3886523,33.3418175],[44.3886187,33.3417957],[44.3886328,33.34178],[44.3886053,33.3417566],[44.3886113,33.341747],[44.3885684,33.3417162]]]}},{"type":"Feature","properties":{"cid":"C0104","height_m":3.0,"floors":1,"ground_z":19.6,"area_m2":98},"geometry":{"type":"Polygon","coordinates":[[[44.3881445,33.341859],[44.3880978,33.3417987],[44.3881425,33.3417603],[44.388169,33.3417847],[44.3881495,33.3417947],[44.3881838,33.3418232],[44.3882314,33.3417952],[44.3882778,33.341835],[44.3883056,33.3418589],[44.3881445,33.341859]]]}},{"type":"Feature","properties":{"cid":"C0105","height_m":3.0,"floors":1,"ground_z":18.7,"area_m2":43},"geometry":{"type":"Polygon","coordinates":[[[44.3882307,33.3414672],[44.3881773,33.3414315],[44.3882307,33.341387],[44.3882808,33.3414305],[44.3882307,33.3414672]]]}},{"type":"Feature","properties":{"cid":"C0106","height_m":3.0,"floors":1,"ground_z":17.6,"area_m2":275},"geometry":{"type":"Polygon","coordinates":[[[44.3883821,33.340845],[44.388515,33.3407685],[44.3885756,33.3408267],[44.3886403,33.3408889],[44.3886179,33.3409023],[44.3885003,33.3409727],[44.3883821,33.340845]]]}},{"type":"Feature","properties":{"cid":"C0107","height_m":3.0,"floors":1,"ground_z":18.9,"area_m2":75},"geometry":{"type":"Polygon","coordinates":[[[44.3884629,33.3415433],[44.3884864,33.3415231],[44.3885092,33.3415056],[44.3886059,33.3415818],[44.3885869,33.341599],[44.3885636,33.3416199],[44.3884756,33.3415549],[44.3884629,33.3415433]]]}},{"type":"Feature","properties":{"cid":"C0108","height_m":3.0,"floors":1,"ground_z":18.8,"area_m2":178},"geometry":{"type":"Polygon","coordinates":[[[44.3887247,33.3414033],[44.3887609,33.3414372],[44.3888054,33.3414051],[44.388864,33.3414619],[44.3887496,33.341565],[44.3886885,33.3415179],[44.3887172,33.3414927],[44.3886615,33.3414486],[44.3887247,33.3414033]]]}},{"type":"Feature","properties":{"cid":"C0109","height_m":3.0,"floors":1,"ground_z":18.7,"area_m2":150},"geometry":{"type":"Polygon","coordinates":[[[44.3883606,33.3414954],[44.3884562,33.3414096],[44.3884716,33.34142],[44.3885408,33.3414749],[44.3885092,33.3415056],[44.3884864,33.3415231],[44.3884602,33.3415029],[44.388418,33.341536],[44.388407,33.3415282],[44.3883682,33.3415655],[44.3883213,33.3415326],[44.3883606,33.3414954]]]}},{"type":"Feature","properties":{"cid":"C0110","height_m":3.0,"floors":1,"ground_z":13.5,"area_m2":984},"geometry":{"type":"Polygon","coordinates":[[[44.3884323,33.339834],[44.3884621,33.3398553],[44.3885819,33.3399498],[44.3885497,33.3399812],[44.3886023,33.3400414],[44.3885495,33.3400825],[44.3884637,33.3400182],[44.3882967,33.340152],[44.3883754,33.3402178],[44.3882772,33.3402943],[44.3881109,33.3401581],[44.3881415,33.3401291],[44.3881074,33.3401039],[44.3882586,33.3399707],[44.3884323,33.339834]]]}},{"type":"Feature","properties":{"cid":"C0111","height_m":3.0,"floors":1,"ground_z":17.5,"area_m2":164},"geometry":{"type":"Polygon","coordinates":[[[44.388762,33.3407008],[44.3886022,33.3405658],[44.3887342,33.3405195],[44.3887953,33.3406804],[44.388762,33.3407008]]]}},{"type":"Feature","properties":{"cid":"C0112","height_m":3.0,"floors":1,"ground_z":16.3,"area_m2":219},"geometry":{"type":"Polygon","coordinates":[[[44.3887333,33.3401413],[44.3888272,33.3402405],[44.3888091,33.3402513],[44.3887384,33.3402931],[44.3886733,33.34032],[44.3885988,33.340232],[44.3887333,33.3401413]]]}},{"type":"Feature","properties":{"cid":"C0113","height_m":3.0,"floors":1,"ground_z":16.6,"area_m2":108},"geometry":{"type":"Polygon","coordinates":[[[44.3883756,33.3405097],[44.3884729,33.3405921],[44.3883972,33.3406455],[44.3883614,33.3406085],[44.3883142,33.3405544],[44.3883756,33.3405097]]]}},{"type":"Feature","properties":{"cid":"C0114","height_m":3.0,"floors":1,"ground_z":13.8,"area_m2":280},"geometry":{"type":"Polygon","coordinates":[[[44.3879975,33.3402362],[44.3880194,33.3402293],[44.3880496,33.3402338],[44.3881961,33.3403579],[44.3880676,33.3404618],[44.3879976,33.3403933],[44.3879975,33.3402362]]]}},{"type":"Feature","properties":{"cid":"C0115","height_m":3.0,"floors":1,"ground_z":16.1,"area_m2":285},"geometry":{"type":"Polygon","coordinates":[[[44.388902,33.3398074],[44.3888805,33.3397773],[44.388889,33.3397728],[44.3889315,33.3397509],[44.3890363,33.3398892],[44.3889283,33.3399745],[44.3889013,33.3399543],[44.3888246,33.3399867],[44.3887866,33.3399385],[44.3888839,33.3398854],[44.3888457,33.3398467],[44.388902,33.3398074]]]}},{"type":"Feature","properties":{"cid":"C0116","height_m":3.0,"floors":1,"ground_z":15.0,"area_m2":84},"geometry":{"type":"Polygon","coordinates":[[[44.3887895,33.3396364],[44.3888259,33.3396133],[44.3889033,33.3397072],[44.3889127,33.3397184],[44.3889315,33.3397509],[44.388889,33.3397728],[44.3887895,33.3396364]]]}},{"type":"Feature","properties":{"cid":"C0117","height_m":3.0,"floors":1,"ground_z":13.3,"area_m2":498},"geometry":{"type":"Polygon","coordinates":[[[44.3884279,33.3397874],[44.3885479,33.3397009],[44.3885704,33.3396853],[44.3885898,33.3396721],[44.3887972,33.3395426],[44.3890764,33.3393786],[44.3890907,33.3393934],[44.3891056,33.339409],[44.3889017,33.3395245],[44.3887429,33.3396194],[44.3886672,33.3396683],[44.3885246,33.3397676],[44.3884854,33.3397947],[44.3884323,33.339834],[44.3882586,33.3399707],[44.3881074,33.3401039],[44.388075,33.3401329],[44.3880591,33.3401205],[44.3880446,33.340109],[44.388116,33.3400454],[44.3883064,33.3398861],[44.3884279,33.3397874]]]}},{"type":"Feature","properties":{"cid":"C0118","height_m":3.0,"floors":1,"ground_z":12.8,"area_m2":336},"geometry":{"type":"Polygon","coordinates":[[[44.3885334,33.3395673],[44.3885154,33.3395485],[44.3888582,33.339352],[44.3889809,33.3392787],[44.3890196,33.3393193],[44.3887684,33.3394683],[44.3885346,33.3396163],[44.3885039,33.3395852],[44.3885334,33.3395673]]]}},{"type":"Feature","properties":{"cid":"C0119","height_m":3.0,"floors":1,"ground_z":13.3,"area_m2":150},"geometry":{"type":"Polygon","coordinates":[[[44.3885531,33.339635],[44.3885448,33.3396265],[44.3885346,33.3396163],[44.3887684,33.3394683],[44.3890196,33.3393193],[44.3890289,33.3393289],[44.3890378,33.3393382],[44.3887855,33.3394879],[44.3885531,33.339635]]]}},{"type":"Feature","properties":{"cid":"C0120","height_m":3.0,"floors":1,"ground_z":18.8,"area_m2":77},"geometry":{"type":"Polygon","coordinates":[[[44.3887821,33.341364],[44.3888151,33.341395],[44.3888467,33.3413724],[44.3889031,33.3414274],[44.388864,33.3414619],[44.3888054,33.3414051],[44.3887609,33.3414372],[44.3887247,33.3414033],[44.3887821,33.341364]]]}},{"type":"Feature","properties":{"cid":"C0121","height_m":3.0,"floors":1,"ground_z":18.8,"area_m2":328},"geometry":{"type":"Polygon","coordinates":[[[44.3887499,33.3412613],[44.3889005,33.3411513],[44.3889718,33.3412205],[44.3890604,33.3413064],[44.3889534,33.3413849],[44.38887,33.3413043],[44.388832,33.3412653],[44.3887891,33.3412962],[44.3887723,33.3412822],[44.3887499,33.3412613]]]}},{"type":"Feature","properties":{"cid":"C0122","height_m":3.0,"floors":1,"ground_z":19.0,"area_m2":187},"geometry":{"type":"Polygon","coordinates":[[[44.3888751,33.3415629],[44.3889833,33.3414567],[44.3890697,33.3415234],[44.3889328,33.3416377],[44.3888884,33.3416086],[44.3888514,33.3415849],[44.3888751,33.3415629]]]}},{"type":"Feature","properties":{"cid":"C0123","height_m":3.0,"floors":1,"ground_z":19.0,"area_m2":509},"geometry":{"type":"Polygon","coordinates":[[[44.3889765,33.3418107],[44.3888,33.3417049],[44.3888884,33.3416086],[44.3889328,33.3416377],[44.3890697,33.3415234],[44.3891663,33.3416052],[44.3890779,33.3416931],[44.3890959,33.341706],[44.3889765,33.3418107]]]}},{"type":"Feature","properties":{"cid":"C0124","height_m":3.0,"floors":1,"ground_z":20.0,"area_m2":447},"geometry":{"type":"Polygon","coordinates":[[[44.3894883,33.3405534],[44.3896027,33.3406822],[44.3894025,33.3408233],[44.3892836,33.3406763],[44.3894722,33.3405623],[44.3894883,33.3405534]]]}},{"type":"Feature","properties":{"cid":"C0125","height_m":3.0,"floors":1,"ground_z":16.3,"area_m2":214},"geometry":{"type":"Polygon","coordinates":[[[44.3881511,33.3407616],[44.3880994,33.3407066],[44.3880594,33.3406638],[44.3881213,33.3406189],[44.3881678,33.3406559],[44.3882639,33.3405911],[44.3883143,33.340641],[44.38828,33.3406651],[44.3882921,33.3406768],[44.3881511,33.3407616]]]}},{"type":"Feature","properties":{"cid":"C0126","height_m":3.0,"floors":1,"ground_z":16.8,"area_m2":296},"geometry":{"type":"Polygon","coordinates":[[[44.3881511,33.3407616],[44.3882921,33.3406768],[44.3883747,33.3407563],[44.3884244,33.3407261],[44.3884607,33.3407603],[44.3882532,33.3408744],[44.3881511,33.3407616]]]}},{"type":"Feature","properties":{"cid":"C0127","height_m":3.0,"floors":1,"ground_z":16.2,"area_m2":56},"geometry":{"type":"Polygon","coordinates":[[[44.3880994,33.3407066],[44.3880039,33.3407627],[44.3879977,33.3407664],[44.3879977,33.3406997],[44.3880594,33.3406638],[44.3880994,33.3407066]]]}},{"type":"Feature","properties":{"cid":"C0128","height_m":3.0,"floors":1,"ground_z":18.2,"area_m2":34},"geometry":{"type":"Polygon","coordinates":[[[44.3933873,33.3390612],[44.3933894,33.3390563],[44.3933925,33.3390518],[44.3933964,33.3390478],[44.3934012,33.3390444],[44.3934065,33.3390418],[44.3934124,33.33904],[44.3934185,33.339039],[44.3934247,33.339039],[44.3934309,33.3390398],[44.3934367,33.3390416],[44.3934421,33.3390441],[44.393447,33.3390475],[44.393451,33.3390514],[44.3934541,33.3390559],[44.3934563,33.3390608],[44.3934575,33.3390659],[44.3934575,33.3390711],[44.3934565,33.3390762],[44.3934544,33.3390811],[44.3934513,33.3390856],[44.3934474,33.3390897],[44.3934426,33.339093],[44.3934373,33.3390957],[44.3934314,33.3390975],[44.3934253,33.3390984],[44.3934191,33.3390985],[44.393413,33.3390976],[44.3934071,33.3390959],[44.3934017,33.3390933],[44.3933969,33.33909],[44.3933928,33.339086],[44.3933897,33.3390816],[44.3933875,33.3390767],[44.3933864,33.3390716],[44.3933863,33.3390664],[44.3933873,33.3390612]]]}},{"type":"Feature","properties":{"cid":"C0132","height_m":3.0,"floors":1,"ground_z":15.2,"area_m2":9},"geometry":{"type":"Polygon","coordinates":[[[44.3954209,33.338189],[44.3954244,33.3381821],[44.3954313,33.3381773],[44.3954401,33.3381758],[44.3954488,33.3381779],[44.3954553,33.3381831],[44.3954581,33.3381902],[44.3954567,33.3381975],[44.3954513,33.3382035],[44.3954432,33.3382067],[44.3954342,33.3382064],[44.3954264,33.3382027],[44.3954217,33.3381964],[44.3954209,33.338189]]]}},{"type":"Feature","properties":{"cid":"C0133","height_m":12.0,"floors":4,"ground_z":17.3,"area_m2":9},"geometry":{"type":"Polygon","coordinates":[[[44.3880261,33.3409891],[44.3880213,33.3409821],[44.3880357,33.3409759],[44.3880454,33.3409935],[44.3879978,33.3410266],[44.3879978,33.3410093],[44.3880261,33.3409891]]]}},{"type":"Feature","properties":{"cid":"C0134","height_m":3.0,"floors":1,"ground_z":19.9,"area_m2":79},"geometry":{"type":"Polygon","coordinates":[[[44.3903553,33.341851],[44.3903336,33.3418585],[44.3902586,33.3418586],[44.3902278,33.3417982],[44.3902945,33.3417572],[44.3903553,33.341851]]]}},{"type":"Feature","properties":{"cid":"C0135","height_m":3.0,"floors":1,"ground_z":19.8,"area_m2":128},"geometry":{"type":"Polygon","coordinates":[[[44.3904727,33.3416464],[44.3905714,33.3415932],[44.3906351,33.3416815],[44.3905295,33.3417375],[44.3904727,33.3416464]]]}},{"type":"Feature","properties":{"cid":"C0136","height_m":3.0,"floors":1,"ground_z":19.8,"area_m2":153},"geometry":{"type":"Polygon","coordinates":[[[44.3907761,33.341494],[44.3908092,33.3415185],[44.3906976,33.3416178],[44.3906661,33.3416397],[44.3905915,33.3415807],[44.3907371,33.3414901],[44.3907761,33.341494]]]}},{"type":"Feature","properties":{"cid":"C0137","height_m":3.0,"floors":1,"ground_z":20.1,"area_m2":62},"geometry":{"type":"Polygon","coordinates":[[[44.3911117,33.3417823],[44.3911674,33.3418484],[44.3911758,33.3418584],[44.3910627,33.3418584],[44.3910414,33.3418226],[44.3911117,33.3417823]]]}},{"type":"Feature","properties":{"cid":"C0138","height_m":3.0,"floors":1,"ground_z":20.6,"area_m2":23},"geometry":{"type":"Polygon","coordinates":[[[44.3913512,33.3418583],[44.3914319,33.3418199],[44.3914692,33.3418583],[44.3913512,33.3418583]]]}},{"type":"Feature","properties":{"cid":"C0139","height_m":3.0,"floors":1,"ground_z":18.8,"area_m2":599},"geometry":{"type":"Polygon","coordinates":[[[44.3931192,33.3363773],[44.3932728,33.3365646],[44.3930615,33.3366853],[44.3929078,33.3364981],[44.3930478,33.336418],[44.3931192,33.3363773]]]}},{"type":"Feature","properties":{"cid":"C0140","height_m":3.0,"floors":1,"ground_z":23.6,"area_m2":1214},"geometry":{"type":"Polygon","coordinates":[[[44.3926844,33.3370481],[44.3926995,33.3370047],[44.3927228,33.33697],[44.3927453,33.3369472],[44.3928187,33.3369088],[44.3931422,33.3373015],[44.3929323,33.3374309],[44.392692,33.3371338],[44.3926833,33.3370998],[44.3926844,33.3370481]]]}},{"type":"Feature","properties":{"cid":"C0141","height_m":30.0,"floors":9,"ground_z":19.7,"area_m2":400},"geometry":{"type":"Polygon","coordinates":[[[44.3887163,33.3323371],[44.3886976,33.332312],[44.3890389,33.3323119],[44.3890495,33.3323261],[44.3890256,33.3323385],[44.3890631,33.332389],[44.3889878,33.3324281],[44.3889375,33.3323605],[44.3888474,33.3324073],[44.3888811,33.3324525],[44.3888203,33.3324841],[44.3888064,33.3324654],[44.3887722,33.3324831],[44.3886782,33.332357],[44.3887163,33.3323371]]]}},{"type":"Feature","properties":{"cid":"C0145","height_m":3.0,"floors":1,"ground_z":31.7,"area_m2":112},"geometry":{"type":"Polygon","coordinates":[[[44.3929202,33.3393114],[44.3929365,33.3393014],[44.3929557,33.3392959],[44.3929761,33.3392957],[44.3929956,33.3393008],[44.3930121,33.3393106],[44.3930243,33.3393243],[44.3930307,33.3393404],[44.393031,33.3393573],[44.3930249,33.3393735],[44.3930131,33.3393874],[44.3929968,33.3393975],[44.3929775,33.3394029],[44.3929572,33.3394031],[44.3929377,33.339398],[44.3929211,33.3393882],[44.392909,33.3393745],[44.3929024,33.3393584],[44.3929023,33.3393414],[44.3929084,33.3393252],[44.3929202,33.3393114]]]}},{"type":"Feature","properties":{"cid":"C0146","height_m":3.0,"floors":1,"ground_z":17.6,"area_m2":183},"geometry":{"type":"Polygon","coordinates":[[[44.3952783,33.3395484],[44.395168,33.3394681],[44.3952637,33.3393765],[44.3953284,33.3394237],[44.3953739,33.3394568],[44.3952783,33.3395484]]]}},{"type":"Feature","properties":{"cid":"C0148","height_m":3.0,"floors":1,"ground_z":14.9,"area_m2":225},"geometry":{"type":"Polygon","coordinates":[[[44.3907433,33.3380493],[44.3908051,33.3381119],[44.3905976,33.3382544],[44.3905358,33.3381917],[44.3906925,33.3380841],[44.3907433,33.3380493]]]}},{"type":"Feature","properties":{"cid":"C0149","height_m":3.0,"floors":1,"ground_z":18.9,"area_m2":4},"geometry":{"type":"Polygon","coordinates":[[[44.3905521,33.3389768],[44.3905544,33.3389723],[44.390559,33.3389691],[44.3905648,33.3389681],[44.3905705,33.3389695],[44.3905748,33.3389729],[44.3905767,33.3389776],[44.3905758,33.3389825],[44.3905722,33.3389865],[44.3905668,33.3389886],[44.3905609,33.3389884],[44.3905558,33.3389859],[44.3905526,33.3389818],[44.3905521,33.3389768]]]}},{"type":"Feature","properties":{"cid":"C0150","height_m":3.0,"floors":1,"ground_z":13.8,"area_m2":5},"geometry":{"type":"Polygon","coordinates":[[[44.3893116,33.3387354],[44.3893143,33.3387301],[44.3893196,33.3387264],[44.3893264,33.3387253],[44.3893331,33.3387269],[44.3893381,33.3387308],[44.3893403,33.3387363],[44.3893392,33.338742],[44.3893351,33.3387466],[44.3893288,33.3387491],[44.3893219,33.3387489],[44.3893159,33.338746],[44.3893122,33.3387411],[44.3893116,33.3387354]]]}},{"type":"Feature","properties":{"cid":"C0151","height_m":3.0,"floors":1,"ground_z":18.4,"area_m2":4},"geometry":{"type":"Polygon","coordinates":[[[44.3904058,33.3388025],[44.3904116,33.3388039],[44.3904159,33.3388073],[44.3904177,33.338812],[44.3904168,33.3388169],[44.3904132,33.3388209],[44.3904079,33.338823],[44.3904019,33.3388228],[44.3903967,33.3388204],[44.3903935,33.3388162],[44.3903931,33.3388112],[44.3903954,33.3388067],[44.3904,33.3388035],[44.3904058,33.3388025]]]}},{"type":"Feature","properties":{"cid":"C0154","height_m":3.0,"floors":1,"ground_z":17.8,"area_m2":1028},"geometry":{"type":"Polygon","coordinates":[[[44.3945902,33.3387971],[44.3948573,33.3386643],[44.3951729,33.3390104],[44.3951014,33.3390559],[44.3949748,33.3389231],[44.3949694,33.3389152],[44.3948091,33.3390066],[44.3947654,33.3389449],[44.3947104,33.3389651],[44.3945902,33.3387971]]]}},{"type":"Feature","properties":{"cid":"C0158","height_m":3.0,"floors":1,"ground_z":15.1,"area_m2":9},"geometry":{"type":"Polygon","coordinates":[[[44.3955549,33.3381072],[44.3955584,33.3381003],[44.3955653,33.3380955],[44.3955741,33.338094],[44.3955827,33.3380961],[44.3955891,33.3381013],[44.395592,33.3381083],[44.3955905,33.3381156],[44.3955852,33.3381216],[44.3955771,33.3381248],[44.3955682,33.3381245],[44.3955604,33.3381209],[44.3955556,33.3381146],[44.3955549,33.3381072]]]}},{"type":"Feature","properties":{"cid":"C0159","height_m":3.0,"floors":1,"ground_z":12.8,"area_m2":6},"geometry":{"type":"Polygon","coordinates":[[[44.3900539,33.338236],[44.3900569,33.3382302],[44.3900627,33.3382261],[44.3900701,33.3382249],[44.3900774,33.3382266],[44.3900828,33.338231],[44.3900852,33.338237],[44.390084,33.3382432],[44.3900795,33.3382483],[44.3900727,33.338251],[44.3900651,33.3382508],[44.3900586,33.3382476],[44.3900545,33.3382423],[44.3900539,33.338236]]]}},{"type":"Feature","properties":{"cid":"C0161","height_m":3.0,"floors":1,"ground_z":17.3,"area_m2":5},"geometry":{"type":"Polygon","coordinates":[[[44.3895076,33.3389259],[44.389507,33.3389202],[44.3895097,33.3389148],[44.3895151,33.3389112],[44.3895218,33.33891],[44.3895285,33.3389116],[44.3895334,33.3389156],[44.3895356,33.3389211],[44.3895345,33.3389268],[44.3895304,33.3389314],[44.3895242,33.3389339],[44.3895173,33.3389336],[44.3895113,33.3389308],[44.3895076,33.3389259]]]}},{"type":"Feature","properties":{"cid":"C0163","height_m":3.0,"floors":1,"ground_z":19.8,"area_m2":4},"geometry":{"type":"Polygon","coordinates":[[[44.3903313,33.3390875],[44.390337,33.3390889],[44.3903413,33.3390923],[44.3903431,33.339097],[44.3903422,33.3391019],[44.3903386,33.3391059],[44.3903333,33.339108],[44.3903274,33.3391078],[44.3903221,33.3391054],[44.3903189,33.3391012],[44.3903185,33.3390962],[44.3903208,33.3390917],[44.3903254,33.3390885],[44.3903313,33.3390875]]]}},{"type":"Feature","properties":{"cid":"C0164","height_m":3.0,"floors":1,"ground_z":16.6,"area_m2":5},"geometry":{"type":"Polygon","coordinates":[[[44.3894512,33.338894],[44.3894506,33.3388882],[44.3894533,33.3388829],[44.3894586,33.3388793],[44.3894654,33.3388781],[44.3894721,33.3388797],[44.3894771,33.3388837],[44.3894793,33.3388891],[44.3894782,33.3388948],[44.3894741,33.3388994],[44.3894678,33.3389019],[44.389461,33.3389017],[44.3894549,33.3388988],[44.3894512,33.338894]]]}},{"type":"Feature","properties":{"cid":"C0167","height_m":3.0,"floors":1,"ground_z":15.0,"area_m2":8},"geometry":{"type":"Polygon","coordinates":[[[44.3955498,33.3381916],[44.395553,33.3381853],[44.3955593,33.338181],[44.3955673,33.3381796],[44.3955752,33.3381815],[44.3955811,33.3381862],[44.3955837,33.3381927],[44.3955824,33.3381994],[44.3955775,33.3382049],[44.3955701,33.3382078],[44.3955619,33.3382075],[44.3955548,33.3382041],[44.3955505,33.3381984],[44.3955498,33.3381916]]]}},{"type":"Feature","properties":{"cid":"C0168","height_m":3.0,"floors":1,"ground_z":12.6,"area_m2":17},"geometry":{"type":"Polygon","coordinates":[[[44.3905747,33.3378181],[44.3905737,33.3378079],[44.3905784,33.3377984],[44.3905879,33.337792],[44.3905999,33.3377899],[44.3906118,33.3377927],[44.3906206,33.3377998],[44.3906245,33.3378095],[44.3906226,33.3378196],[44.3906152,33.3378278],[44.3906042,33.3378322],[44.3905918,33.3378318],[44.3905812,33.3378267],[44.3905747,33.3378181]]]}},{"type":"Feature","properties":{"cid":"C0169","height_m":3.0,"floors":1,"ground_z":16.2,"area_m2":499},"geometry":{"type":"Polygon","coordinates":[[[44.3948276,33.3353695],[44.3946157,33.3351685],[44.3947337,33.3350826],[44.3949864,33.3353165],[44.3949097,33.3353695],[44.3948276,33.3353695]]]}},{"type":"Feature","properties":{"cid":"C0170","height_m":3.0,"floors":1,"ground_z":19.2,"area_m2":4},"geometry":{"type":"Polygon","coordinates":[[[44.3904737,33.3390225],[44.3904732,33.3390176],[44.3904755,33.339013],[44.3904801,33.3390099],[44.3904859,33.3390089],[44.3904916,33.3390102],[44.3904959,33.3390137],[44.3904978,33.3390184],[44.3904969,33.3390233],[44.3904933,33.3390272],[44.390488,33.3390294],[44.390482,33.3390292],[44.3904769,33.3390267],[44.3904737,33.3390225]]]}},{"type":"Feature","properties":{"cid":"C0172","height_m":3.0,"floors":1,"ground_z":17.8,"area_m2":145},"geometry":{"type":"Polygon","coordinates":[[[44.3951729,33.3390104],[44.3952428,33.3390804],[44.3950538,33.3391513],[44.3950212,33.3391069],[44.3951014,33.3390559],[44.3951729,33.3390104]]]}},{"type":"Feature","properties":{"cid":"C0173","height_m":3.0,"floors":1,"ground_z":15.2,"area_m2":9},"geometry":{"type":"Polygon","coordinates":[[[44.3953763,33.3382161],[44.3953798,33.3382092],[44.3953867,33.3382045],[44.3953955,33.338203],[44.3954041,33.3382051],[44.3954106,33.3382102],[44.3954134,33.3382173],[44.395412,33.3382247],[44.3954066,33.3382307],[44.3953985,33.3382339],[44.3953896,33.3382336],[44.3953819,33.3382299],[44.3953771,33.3382236],[44.3953763,33.3382161]]]}},{"type":"Feature","properties":{"cid":"C0174","height_m":3.0,"floors":1,"ground_z":15.1,"area_m2":79},"geometry":{"type":"Polygon","coordinates":[[[44.3929091,33.3361119],[44.3929194,33.3360918],[44.3929397,33.3360778],[44.3929655,33.3360733],[44.392991,33.3360794],[44.39301,33.3360946],[44.3930184,33.3361155],[44.3930142,33.3361372],[44.3929984,33.3361548],[44.3929746,33.3361643],[44.3929483,33.3361634],[44.3929253,33.3361525],[44.3929112,33.3361339],[44.3929091,33.3361119]]]}},{"type":"Feature","properties":{"cid":"C0175","height_m":3.0,"floors":1,"ground_z":12.0,"area_m2":199},"geometry":{"type":"Polygon","coordinates":[[[44.3904689,33.3378575],[44.3905197,33.3378227],[44.3905789,33.3378828],[44.3907433,33.3380493],[44.3906925,33.3380841],[44.3905839,33.337974],[44.3904689,33.3378575]]]}},{"type":"Feature","properties":{"cid":"C0178","height_m":3.0,"floors":1,"ground_z":19.0,"area_m2":4},"geometry":{"type":"Polygon","coordinates":[[[44.3903829,33.3389475],[44.3903824,33.3389426],[44.3903847,33.338938],[44.3903893,33.3389349],[44.3903951,33.3389339],[44.3904008,33.3389353],[44.3904051,33.3389387],[44.390407,33.3389434],[44.3904061,33.3389483],[44.3904025,33.3389523],[44.3903972,33.3389544],[44.3903912,33.3389542],[44.3903861,33.3389517],[44.3903829,33.3389475]]]}},{"type":"Feature","properties":{"cid":"C0179","height_m":3.0,"floors":1,"ground_z":15.0,"area_m2":9},"geometry":{"type":"Polygon","coordinates":[[[44.3955041,33.3382947],[44.3955033,33.3382873],[44.3955068,33.3382804],[44.3955139,33.3382757],[44.3955226,33.3382742],[44.3955312,33.3382762],[44.3955377,33.3382814],[44.3955405,33.3382885],[44.3955391,33.3382959],[44.3955337,33.3383018],[44.3955257,33.338305],[44.3955167,33.3383048],[44.395509,33.338301],[44.3955041,33.3382947]]]}},{"type":"Feature","properties":{"cid":"C0180","height_m":3.0,"floors":1,"ground_z":16.6,"area_m2":5},"geometry":{"type":"Polygon","coordinates":[[[44.3894781,33.3388693],[44.3894775,33.3388636],[44.3894802,33.3388583],[44.3894856,33.3388546],[44.3894923,33.3388534],[44.389499,33.338855],[44.3895039,33.338859],[44.3895061,33.3388645],[44.389505,33.3388702],[44.3895009,33.3388748],[44.3894947,33.3388773],[44.3894878,33.3388771],[44.3894818,33.3388742],[44.3894781,33.3388693]]]}},{"type":"Feature","properties":{"cid":"C0181","height_m":3.0,"floors":1,"ground_z":18.5,"area_m2":330},"geometry":{"type":"Polygon","coordinates":[[[44.3947681,33.3390732],[44.3949748,33.3389231],[44.3951014,33.3390559],[44.3950212,33.3391069],[44.3949833,33.3390552],[44.3948682,33.3391286],[44.3947681,33.3390732]]]}},{"type":"Feature","properties":{"cid":"C0182","height_m":3.0,"floors":1,"ground_z":14.8,"area_m2":5},"geometry":{"type":"Polygon","coordinates":[[[44.3893573,33.338778],[44.38936,33.3387727],[44.3893653,33.338769],[44.3893721,33.3387678],[44.3893787,33.3387694],[44.3893837,33.3387733],[44.3893859,33.3387788],[44.3893848,33.3387845],[44.3893807,33.3387891],[44.3893744,33.3387916],[44.3893675,33.3387913],[44.3893616,33.3387885],[44.3893579,33.3387837],[44.3893573,33.338778]]]}},{"type":"Feature","properties":{"cid":"C0183","height_m":3.0,"floors":1,"ground_z":14.3,"area_m2":152},"geometry":{"type":"Polygon","coordinates":[[[44.3908903,33.3377498],[44.391007,33.3378681],[44.3909662,33.3378961],[44.3908804,33.3378092],[44.3907533,33.3378964],[44.3907224,33.3378651],[44.3908903,33.3377498]]]}},{"type":"Feature","properties":{"cid":"C0184","height_m":3.0,"floors":1,"ground_z":14.8,"area_m2":9},"geometry":{"type":"Polygon","coordinates":[[[44.3955923,33.3382329],[44.3955958,33.3382261],[44.3956027,33.3382213],[44.3956115,33.3382198],[44.3956202,33.3382219],[44.3956266,33.3382271],[44.3956295,33.3382341],[44.3956281,33.3382415],[44.3956227,33.3382475],[44.3956146,33.3382507],[44.3956056,33.3382504],[44.3955978,33.3382467],[44.395593,33.3382404],[44.3955923,33.3382329]]]}},{"type":"Feature","properties":{"cid":"C0186","height_m":3.0,"floors":1,"ground_z":14.6,"area_m2":7},"geometry":{"type":"Polygon","coordinates":[[[44.3902272,33.3383169],[44.3902346,33.3383156],[44.3902419,33.3383173],[44.3902473,33.3383217],[44.3902498,33.3383277],[44.3902486,33.3383339],[44.390244,33.338339],[44.3902372,33.3383417],[44.3902296,33.3383415],[44.3902231,33.3383383],[44.390219,33.338333],[44.3902184,33.3383267],[44.3902214,33.3383209],[44.3902272,33.3383169]]]}},{"type":"Feature","properties":{"cid":"C0188","height_m":3.0,"floors":1,"ground_z":18.7,"area_m2":504},"geometry":{"type":"Polygon","coordinates":[[[44.3944627,33.3388683],[44.3945902,33.3387971],[44.3947104,33.3389651],[44.3947654,33.3389449],[44.3948091,33.3390066],[44.3947493,33.3390637],[44.3946097,33.3390895],[44.3944627,33.3388683]]]}},{"type":"Feature","properties":{"cid":"C0190","height_m":3.0,"floors":1,"ground_z":19.4,"area_m2":4},"geometry":{"type":"Polygon","coordinates":[[[44.3900578,33.3389829],[44.3900601,33.3389784],[44.3900647,33.3389752],[44.3900705,33.3389742],[44.3900762,33.3389756],[44.3900805,33.338979],[44.3900825,33.3389837],[44.3900816,33.3389886],[44.3900779,33.3389926],[44.3900725,33.3389947],[44.3900666,33.3389945],[44.3900615,33.3389921],[44.3900583,33.3389879],[44.3900578,33.3389829]]]}},{"type":"Feature","properties":{"cid":"C0191","height_m":3.0,"floors":1,"ground_z":18.1,"area_m2":5},"geometry":{"type":"Polygon","coordinates":[[[44.3895628,33.3389622],[44.3895655,33.3389569],[44.3895708,33.3389532],[44.3895776,33.338952],[44.3895842,33.3389536],[44.3895892,33.3389576],[44.3895914,33.3389631],[44.3895903,33.3389688],[44.3895862,33.3389734],[44.3895799,33.3389759],[44.389573,33.3389757],[44.3895671,33.3389728],[44.3895634,33.3389679],[44.3895628,33.3389622]]]}},{"type":"Feature","properties":{"cid":"C0192","height_m":3.0,"floors":1,"ground_z":13.8,"area_m2":17},"geometry":{"type":"Polygon","coordinates":[[[44.3907026,33.3378068],[44.3907074,33.3377973],[44.3907169,33.3377908],[44.3907289,33.3377888],[44.3907406,33.3377916],[44.3907495,33.3377987],[44.3907534,33.3378084],[44.3907514,33.3378185],[44.3907441,33.3378267],[44.390733,33.3378311],[44.3907208,33.3378307],[44.3907102,33.3378256],[44.3907036,33.3378169],[44.3907026,33.3378068]]]}},{"type":"Feature","properties":{"cid":"C0193","height_m":3.0,"floors":1,"ground_z":14.9,"area_m2":333},"geometry":{"type":"Polygon","coordinates":[[[44.3928177,33.3361377],[44.3928677,33.3361091],[44.3929405,33.3361977],[44.3930637,33.3361274],[44.39316,33.3362449],[44.3931278,33.3362633],[44.3930601,33.3361807],[44.3929642,33.3362354],[44.3930592,33.3363512],[44.3931022,33.3363266],[44.393136,33.3363677],[44.3931192,33.3363773],[44.3930478,33.336418],[44.3928352,33.3361591],[44.3928177,33.3361377]]]}},{"type":"Feature","properties":{"cid":"C0194","height_m":3.0,"floors":1,"ground_z":19.3,"area_m2":4},"geometry":{"type":"Polygon","coordinates":[[[44.3904477,33.3390299],[44.3904501,33.3390253],[44.3904546,33.3390222],[44.3904605,33.3390212],[44.3904662,33.3390226],[44.3904704,33.339026],[44.3904723,33.3390307],[44.3904714,33.3390356],[44.3904678,33.3390396],[44.3904625,33.3390417],[44.3904565,33.3390415],[44.3904514,33.339039],[44.3904482,33.3390348],[44.3904477,33.3390299]]]}},{"type":"Feature","properties":{"cid":"C0195","height_m":3.0,"floors":1,"ground_z":16.7,"area_m2":78},"geometry":{"type":"Polygon","coordinates":[[[44.3954928,33.3394107],[44.395407,33.3393484],[44.3954596,33.3392982],[44.3955454,33.3393605],[44.3954928,33.3394107]]]}},{"type":"Feature","properties":{"cid":"C0196","height_m":3.0,"floors":1,"ground_z":13.4,"area_m2":17},"geometry":{"type":"Polygon","coordinates":[[[44.3907048,33.3377352],[44.3907038,33.337725],[44.3907086,33.3377155],[44.3907181,33.3377091],[44.3907302,33.337707],[44.390742,33.3377098],[44.3907508,33.3377169],[44.3907547,33.3377266],[44.3907528,33.3377367],[44.3907454,33.3377449],[44.3907344,33.3377493],[44.3907221,33.3377489],[44.3907114,33.3377438],[44.3907048,33.3377352]]]}},{"type":"Feature","properties":{"cid":"C0197","height_m":3.0,"floors":1,"ground_z":18.4,"area_m2":4},"geometry":{"type":"Polygon","coordinates":[[[44.3905868,33.3388717],[44.3905891,33.3388672],[44.3905937,33.338864],[44.3905995,33.338863],[44.3906052,33.3388644],[44.3906095,33.3388678],[44.3906114,33.3388725],[44.3906105,33.3388773],[44.3906069,33.3388813],[44.3906015,33.3388834],[44.3905956,33.3388833],[44.3905905,33.3388809],[44.3905873,33.3388767],[44.3905868,33.3388717]]]}},{"type":"Feature","properties":{"cid":"C0198","height_m":3.0,"floors":1,"ground_z":14.3,"area_m2":4},"geometry":{"type":"Polygon","coordinates":[[[44.390101,33.33834],[44.3901033,33.3383355],[44.3901079,33.3383323],[44.3901137,33.3383313],[44.3901194,33.3383327],[44.3901237,33.3383361],[44.3901256,33.3383408],[44.3901246,33.3383457],[44.3901211,33.3383497],[44.3901157,33.3383518],[44.3901098,33.3383516],[44.3901046,33.3383492],[44.3901015,33.338345],[44.390101,33.33834]]]}},{"type":"Feature","properties":{"cid":"C0199","height_m":3.0,"floors":1,"ground_z":14.9,"area_m2":165},"geometry":{"type":"Polygon","coordinates":[[[44.3928677,33.3361091],[44.3929909,33.3360387],[44.3930637,33.3361274],[44.3929405,33.3361977],[44.3928677,33.3361091]]]}},{"type":"Feature","properties":{"cid":"C0200","height_m":3.0,"floors":1,"ground_z":11.7,"area_m2":316},"geometry":{"type":"Polygon","coordinates":[[[44.3903123,33.3379651],[44.3904689,33.3378575],[44.3905839,33.337974],[44.3904271,33.3380817],[44.3903123,33.3379651]]]}},{"type":"Feature","properties":{"cid":"C0202","height_m":3.0,"floors":1,"ground_z":20.0,"area_m2":7},"geometry":{"type":"Polygon","coordinates":[[[44.3909505,33.3418584],[44.3910039,33.3418383],[44.391017,33.3418584],[44.3909505,33.3418584]]]}},{"type":"Feature","properties":{"cid":"C0204","height_m":3.0,"floors":1,"ground_z":20.1,"area_m2":194},"geometry":{"type":"Polygon","coordinates":[[[44.3911117,33.3417823],[44.3912937,33.3416781],[44.3913596,33.3417458],[44.3911674,33.3418484],[44.3911117,33.3417823]]]}},{"type":"Feature","properties":{"cid":"C0205","height_m":3.0,"floors":1,"ground_z":19.9,"area_m2":150},"geometry":{"type":"Polygon","coordinates":[[[44.3909965,33.3418268],[44.3909185,33.3418584],[44.390863,33.3418584],[44.3908077,33.3417903],[44.3909315,33.341727],[44.3909965,33.3418268]]]}},{"type":"Feature","properties":{"cid":"C0206","height_m":3.0,"floors":1,"ground_z":19.9,"area_m2":106},"geometry":{"type":"Polygon","coordinates":[[[44.3902945,33.3417572],[44.390365,33.3417137],[44.3903906,33.3417499],[44.3904392,33.3418189],[44.3904104,33.3418318],[44.3903553,33.341851],[44.3902945,33.3417572]]]}},{"type":"Feature","properties":{"cid":"C0207","height_m":3.0,"floors":1,"ground_z":19.9,"area_m2":13},"geometry":{"type":"Polygon","coordinates":[[[44.3903553,33.341851],[44.3904104,33.3418318],[44.3904263,33.3418585],[44.3903336,33.3418585],[44.3903553,33.341851]]]}},{"type":"Feature","properties":{"cid":"C0208","height_m":3.0,"floors":1,"ground_z":19.8,"area_m2":55},"geometry":{"type":"Polygon","coordinates":[[[44.3907562,33.3418585],[44.3907484,33.3418463],[44.3907337,33.3418235],[44.3908077,33.3417903],[44.390863,33.3418584],[44.3907562,33.3418585]]]}},{"type":"Feature","properties":{"cid":"C0209","height_m":3.0,"floors":1,"ground_z":19.8,"area_m2":136},"geometry":{"type":"Polygon","coordinates":[[[44.3905295,33.3417375],[44.3906351,33.3416815],[44.3906987,33.3417697],[44.3905863,33.3418286],[44.3905295,33.3417375]]]}},{"type":"Feature","properties":{"cid":"C0210","height_m":3.0,"floors":1,"ground_z":7.8,"area_m2":54},"geometry":{"type":"Polygon","coordinates":[[[44.3886371,33.3390905],[44.3885283,33.3389706],[44.3885589,33.3389523],[44.388663,33.3390755],[44.3886371,33.3390905]]]}},{"type":"Feature","properties":{"cid":"C0211","height_m":3.0,"floors":1,"ground_z":17.7,"area_m2":92},"geometry":{"type":"Polygon","coordinates":[[[44.388515,33.3407685],[44.3886123,33.3407122],[44.3886703,33.3407677],[44.3885756,33.3408267],[44.388515,33.3407685]]]}},{"type":"Feature","properties":{"cid":"C0212","height_m":3.0,"floors":1,"ground_z":11.3,"area_m2":23},"geometry":{"type":"Polygon","coordinates":[[[44.3892131,33.3387302],[44.3891593,33.3386793],[44.3891837,33.3386614],[44.3892375,33.3387122],[44.3892131,33.3387302]]]}},{"type":"Feature","properties":{"cid":"C0213","height_m":3.0,"floors":1,"ground_z":11.1,"area_m2":3052},"geometry":{"type":"Polygon","coordinates":[[[44.3892357,33.3387206],[44.3900609,33.3380915],[44.3904505,33.3384215],[44.3901609,33.338565],[44.3901556,33.3385852],[44.389973,33.3387073],[44.3899825,33.3387154],[44.3898974,33.3387849],[44.3898878,33.3387768],[44.3895746,33.3390066],[44.3895256,33.3389653],[44.3895173,33.3389718],[44.3894006,33.3388736],[44.3894044,33.3388705],[44.3893313,33.3388088],[44.389336,33.3388049],[44.3892357,33.3387206]],[[44.3899382,33.33831],[44.3894372,33.3386918],[44.3896418,33.3388783],[44.3901427,33.3384965],[44.3899382,33.33831]]]}},{"type":"Feature","properties":{"cid":"C0214","height_m":24.0,"floors":8,"ground_z":20.9,"area_m2":605},"geometry":{"type":"Polygon","coordinates":[[[44.3884504,33.3324013],[44.3885426,33.3323536],[44.3885116,33.332312],[44.388592,33.332312],[44.3885949,33.3323159],[44.3886024,33.332312],[44.3886401,33.332312],[44.3887245,33.3324254],[44.3887006,33.3324377],[44.3887381,33.3324881],[44.3886628,33.3325273],[44.3886125,33.3324597],[44.3885223,33.3325065],[44.3885561,33.3325518],[44.3884953,33.3325833],[44.3884814,33.3325646],[44.3884471,33.3325823],[44.3883532,33.3324561],[44.3883913,33.3324363],[44.388359,33.3323929],[44.3884204,33.332361],[44.3884504,33.3324013]]]}},{"type":"Feature","properties":{"cid":"C0215","height_m":30.0,"floors":9,"ground_z":22.0,"area_m2":609},"geometry":{"type":"Polygon","coordinates":[[[44.3880011,33.3325816],[44.3879949,33.3325733],[44.3879949,33.3325245],[44.3880301,33.3325063],[44.3880601,33.3325465],[44.388131,33.3325099],[44.3881523,33.3324988],[44.3881167,33.332451],[44.3881746,33.3324209],[44.3882046,33.3324612],[44.3882393,33.3324431],[44.3882951,33.3325181],[44.3883341,33.3325706],[44.3883103,33.3325829],[44.3883479,33.3326333],[44.3882725,33.3326725],[44.3882221,33.3326049],[44.3881321,33.3326517],[44.3881658,33.332697],[44.3881049,33.3327285],[44.388091,33.3327098],[44.3880569,33.3327275],[44.3879949,33.3326442],[44.3879949,33.3325848],[44.3880011,33.3325816]]]}},{"type":"Feature","properties":{"cid":"C0216","height_m":9.0,"floors":3,"ground_z":17.0,"area_m2":258},"geometry":{"type":"Polygon","coordinates":[[[44.3888311,33.3330501],[44.3888798,33.3330289],[44.3889558,33.3331501],[44.3887939,33.3332208],[44.3887179,33.3330995],[44.3887844,33.3330705],[44.3888029,33.3330624],[44.3888311,33.3330501]]]}},{"type":"Feature","properties":{"cid":"C0217","height_m":30.0,"floors":9,"ground_z":22.7,"area_m2":64},"geometry":{"type":"Polygon","coordinates":[[[44.3879949,33.3326918],[44.3880493,33.3327647],[44.3880254,33.3327771],[44.3880629,33.3328275],[44.387995,33.3328627],[44.3879949,33.3326918]]]}},{"type":"Feature","properties":{"cid":"C0218","height_m":30.0,"floors":9,"ground_z":18.0,"area_m2":625},"geometry":{"type":"Polygon","coordinates":[[[44.3881191,33.3332391],[44.3881492,33.3332793],[44.3882413,33.3332316],[44.3882056,33.3331838],[44.3882636,33.3331537],[44.3882936,33.333194],[44.3883283,33.333176],[44.3884232,33.3333034],[44.3883992,33.3333158],[44.3884369,33.3333662],[44.3883614,33.3334053],[44.3883112,33.3333378],[44.388221,33.3333845],[44.3882548,33.3334298],[44.388194,33.3334614],[44.3881801,33.3334427],[44.388146,33.3334604],[44.3880519,33.3333341],[44.38809,33.3333144],[44.3880577,33.3332709],[44.3881191,33.3332391]]]}},{"type":"Feature","properties":{"cid":"C0222","height_m":8.0,"floors":2,"ground_z":23.6,"area_m2":361},"geometry":{"type":"Polygon","coordinates":[[[44.3929815,33.3392379],[44.3929936,33.339231],[44.3930016,33.3392406],[44.3931012,33.3393617],[44.3931097,33.339372],[44.3930976,33.3393791],[44.3929526,33.3394621],[44.392941,33.3394688],[44.3929324,33.3394584],[44.3928327,33.3393372],[44.3928249,33.3393278],[44.3928367,33.3393209],[44.3929815,33.3392379]]]}},{"type":"Feature","properties":{"cid":"C0225","height_m":3.0,"floors":1,"ground_z":18.6,"area_m2":4},"geometry":{"type":"Polygon","coordinates":[[[44.3904888,33.3388944],[44.3904911,33.3388899],[44.3904957,33.3388867],[44.3905015,33.3388857],[44.3905072,33.3388871],[44.3905115,33.3388905],[44.3905134,33.3388952],[44.3905125,33.3389001],[44.3905089,33.3389041],[44.3905035,33.3389062],[44.3904976,33.338906],[44.3904925,33.3389036],[44.3904893,33.3388994],[44.3904888,33.3388944]]]}},{"type":"Feature","properties":{"cid":"C0226","height_m":3.0,"floors":1,"ground_z":13.7,"area_m2":17},"geometry":{"type":"Polygon","coordinates":[[[44.3907597,33.3376797],[44.3907692,33.3376732],[44.3907812,33.3376711],[44.3907929,33.337674],[44.3908018,33.337681],[44.3908057,33.3376907],[44.3908037,33.3377009],[44.3907964,33.337709],[44.3907853,33.3377134],[44.3907731,33.3377131],[44.3907625,33.3377079],[44.3907559,33.3376993],[44.3907549,33.3376891],[44.3907597,33.3376797]]]}},{"type":"Feature","properties":{"cid":"C0227","height_m":3.0,"floors":1,"ground_z":19.5,"area_m2":4},"geometry":{"type":"Polygon","coordinates":[[[44.3903953,33.3390572],[44.3903977,33.3390526],[44.3904022,33.3390495],[44.3904081,33.3390485],[44.3904138,33.3390497],[44.390418,33.3390532],[44.3904199,33.3390579],[44.390419,33.3390628],[44.3904154,33.3390667],[44.3904101,33.3390689],[44.3904041,33.3390687],[44.390399,33.3390662],[44.3903958,33.3390621],[44.3903953,33.3390572]]]}},{"type":"Feature","properties":{"cid":"C0228","height_m":3.0,"floors":1,"ground_z":17.9,"area_m2":4},"geometry":{"type":"Polygon","coordinates":[[[44.3898627,33.3387578],[44.389865,33.3387533],[44.3898696,33.3387501],[44.3898755,33.3387491],[44.3898812,33.3387505],[44.3898855,33.3387539],[44.3898874,33.3387586],[44.3898865,33.3387635],[44.3898829,33.3387675],[44.3898776,33.3387696],[44.3898716,33.3387694],[44.3898664,33.338767],[44.3898632,33.3387628],[44.3898627,33.3387578]]]}},{"type":"Feature","properties":{"cid":"C0230","height_m":3.0,"floors":1,"ground_z":17.4,"area_m2":190},"geometry":{"type":"Polygon","coordinates":[[[44.3952637,33.3393765],[44.3951618,33.3393025],[44.3952274,33.3392398],[44.395394,33.3393609],[44.3953284,33.3394237],[44.3952637,33.3393765]]]}},{"type":"Feature","properties":{"cid":"C0231","height_m":3.0,"floors":1,"ground_z":13.9,"area_m2":5},"geometry":{"type":"Polygon","coordinates":[[[44.3893751,33.3386939],[44.3893804,33.3386903],[44.3893872,33.3386891],[44.3893938,33.3386907],[44.3893988,33.3386947],[44.389401,33.3387002],[44.3893999,33.3387059],[44.3893958,33.3387105],[44.3893895,33.338713],[44.3893826,33.3387127],[44.3893767,33.3387099],[44.389373,33.338705],[44.3893724,33.3386992],[44.3893751,33.3386939]]]}},{"type":"Feature","properties":{"cid":"C0233","height_m":3.0,"floors":1,"ground_z":15.0,"area_m2":36},"geometry":{"type":"Polygon","coordinates":[[[44.3956766,33.3380991],[44.3956836,33.3380854],[44.3956974,33.338076],[44.3957148,33.338073],[44.3957319,33.3380771],[44.3957449,33.3380874],[44.3957505,33.3381015],[44.3957477,33.3381162],[44.395737,33.3381281],[44.3957209,33.3381345],[44.3957031,33.3381339],[44.3956876,33.3381265],[44.3956781,33.3381139],[44.3956766,33.3380991]]]}},{"type":"Feature","properties":{"cid":"C0234","height_m":3.0,"floors":1,"ground_z":14.4,"area_m2":17},"geometry":{"type":"Polygon","coordinates":[[[44.3908018,33.337735],[44.3908066,33.3377256],[44.3908162,33.3377191],[44.3908282,33.3377171],[44.39084,33.3377199],[44.3908488,33.337727],[44.3908527,33.3377367],[44.3908508,33.3377468],[44.3908434,33.337755],[44.3908324,33.3377594],[44.3908201,33.337759],[44.3908095,33.3377539],[44.3908028,33.3377452],[44.3908018,33.337735]]]}},{"type":"Feature","properties":{"cid":"C0238","height_m":3.0,"floors":1,"ground_z":18.2,"area_m2":4},"geometry":{"type":"Polygon","coordinates":[[[44.3896298,33.3389434],[44.3896322,33.3389388],[44.3896368,33.3389357],[44.3896427,33.3389347],[44.3896484,33.3389359],[44.3896526,33.3389394],[44.3896545,33.3389441],[44.3896536,33.338949],[44.38965,33.3389529],[44.3896447,33.3389551],[44.3896387,33.3389549],[44.3896336,33.3389524],[44.3896304,33.3389482],[44.3896298,33.3389434]]]}},{"type":"Feature","properties":{"cid":"C0241","height_m":3.0,"floors":1,"ground_z":19.8,"area_m2":133},"geometry":{"type":"Polygon","coordinates":[[[44.3907489,33.3416617],[44.3908761,33.3415623],[44.3909466,33.3415953],[44.3908855,33.3416564],[44.3908019,33.3417071],[44.3907489,33.3416617]]]}},{"type":"Feature","properties":{"cid":"C0242","height_m":3.0,"floors":1,"ground_z":19.8,"area_m2":54},"geometry":{"type":"Polygon","coordinates":[[[44.390365,33.3417137],[44.3904553,33.3416581],[44.3904848,33.3417066],[44.3903906,33.3417499],[44.390365,33.3417137]]]}},{"type":"Feature","properties":{"cid":"C0243","height_m":3.0,"floors":1,"ground_z":20.2,"area_m2":161},"geometry":{"type":"Polygon","coordinates":[[[44.3914319,33.3418199],[44.3913512,33.3418583],[44.3911758,33.3418584],[44.3911674,33.3418484],[44.3913596,33.3417458],[44.3914319,33.3418199]]]}},{"type":"Feature","properties":{"cid":"C0244","height_m":3.0,"floors":1,"ground_z":15.1,"area_m2":9},"geometry":{"type":"Polygon","coordinates":[[[44.3955134,33.3381277],[44.3955203,33.338123],[44.395529,33.3381215],[44.3955376,33.3381236],[44.3955441,33.3381287],[44.395547,33.3381358],[44.3955456,33.3381431],[44.3955402,33.3381491],[44.3955321,33.3381523],[44.3955231,33.3381521],[44.3955154,33.3381484],[44.3955106,33.3381421],[44.3955099,33.3381346],[44.3955134,33.3381277]]]}},{"type":"Feature","properties":{"cid":"C0245","height_m":3.0,"floors":1,"ground_z":15.1,"area_m2":9},"geometry":{"type":"Polygon","coordinates":[[[44.3955981,33.3380809],[44.3956016,33.338074],[44.3956085,33.3380693],[44.3956173,33.3380678],[44.3956259,33.3380698],[44.3956323,33.338075],[44.3956352,33.338082],[44.3956338,33.3380894],[44.3956284,33.3380954],[44.3956203,33.3380986],[44.3956114,33.3380983],[44.3956036,33.3380946],[44.3955988,33.3380883],[44.3955981,33.3380809]]]}},{"type":"Feature","properties":{"cid":"C0246","height_m":3.0,"floors":1,"ground_z":15.0,"area_m2":8},"geometry":{"type":"Polygon","coordinates":[[[44.39564,33.3381382],[44.3956432,33.3381319],[44.3956496,33.3381275],[44.3956576,33.3381262],[44.3956654,33.3381281],[44.3956713,33.3381328],[44.3956739,33.3381392],[44.3956726,33.338146],[44.3956677,33.3381515],[44.3956603,33.3381544],[44.3956522,33.3381541],[44.3956451,33.3381507],[44.3956407,33.338145],[44.39564,33.3381382]]]}},{"type":"Feature","properties":{"cid":"C0247","height_m":3.0,"floors":1,"ground_z":14.9,"area_m2":9},"geometry":{"type":"Polygon","coordinates":[[[44.3955477,33.3382609],[44.3955512,33.3382541],[44.3955581,33.3382493],[44.3955669,33.3382478],[44.3955755,33.3382499],[44.3955819,33.3382551],[44.3955848,33.3382621],[44.3955834,33.3382695],[44.395578,33.3382755],[44.3955699,33.3382787],[44.395561,33.3382784],[44.3955532,33.3382747],[44.3955484,33.3382684],[44.3955477,33.3382609]]]}},{"type":"Feature","properties":{"cid":"C0248","height_m":3.0,"floors":1,"ground_z":14.8,"area_m2":9},"geometry":{"type":"Polygon","coordinates":[[[44.3956408,33.3381986],[44.3956477,33.3381939],[44.3956565,33.3381924],[44.3956651,33.3381944],[44.3956716,33.3381996],[44.3956744,33.3382067],[44.395673,33.3382141],[44.3956676,33.33822],[44.3956595,33.3382233],[44.3956506,33.338223],[44.3956428,33.3382192],[44.3956381,33.3382129],[44.3956373,33.3382055],[44.3956408,33.3381986]]]}},{"type":"Feature","properties":{"cid":"C0249","height_m":3.0,"floors":1,"ground_z":14.8,"area_m2":9},"geometry":{"type":"Polygon","coordinates":[[[44.395684,33.3381723],[44.395691,33.3381676],[44.3956997,33.3381661],[44.3957083,33.3381682],[44.3957148,33.3381733],[44.3957177,33.3381804],[44.3957163,33.3381878],[44.3957108,33.3381938],[44.3957028,33.338197],[44.3956938,33.3381967],[44.3956861,33.338193],[44.3956813,33.3381867],[44.3956805,33.3381792],[44.395684,33.3381723]]]}},{"type":"Feature","properties":{"cid":"C0250","height_m":3.0,"floors":1,"ground_z":14.8,"area_m2":18},"geometry":{"type":"Polygon","coordinates":[[[44.3957307,33.338159],[44.3957296,33.3381485],[44.3957346,33.3381387],[44.3957444,33.338132],[44.3957569,33.3381298],[44.3957691,33.3381328],[44.3957783,33.3381401],[44.3957823,33.3381502],[44.3957803,33.3381606],[44.3957727,33.3381691],[44.3957612,33.3381737],[44.3957485,33.3381733],[44.3957375,33.338168],[44.3957307,33.338159]]]}},{"type":"Feature","properties":{"cid":"C0253","height_m":3.0,"floors":1,"ground_z":15.2,"area_m2":122},"geometry":{"type":"Polygon","coordinates":[[[44.3975155,33.33917],[44.397445,33.3392364],[44.3974334,33.3392537],[44.397353,33.3391825],[44.3974587,33.3391033],[44.3975155,33.33917]]]}},{"type":"Feature","properties":{"cid":"C0254","height_m":3.0,"floors":1,"ground_z":15.6,"area_m2":159},"geometry":{"type":"Polygon","coordinates":[[[44.3974528,33.3392382],[44.3975261,33.3391737],[44.3975894,33.3392237],[44.3976519,33.3392731],[44.3975786,33.3393376],[44.3975252,33.3392953],[44.3974528,33.3392382]]]}},{"type":"Feature","properties":{"cid":"C0255","height_m":3.0,"floors":1,"ground_z":14.3,"area_m2":199},"geometry":{"type":"Polygon","coordinates":[[[44.3978261,33.3388853],[44.3978287,33.3388713],[44.3978347,33.3388579],[44.3978432,33.3388461],[44.3978545,33.3388361],[44.3978682,33.3388277],[44.3978836,33.3388216],[44.3978996,33.3388184],[44.3979162,33.3388176],[44.3979328,33.3388197],[44.3979485,33.3388244],[44.3979628,33.3388313],[44.3979752,33.3388404],[44.3979856,33.3388521],[44.3979931,33.3388653],[44.3979971,33.3388784],[44.3979982,33.3388919],[44.3979956,33.338907],[44.3979893,33.3389213],[44.3979806,33.338933],[44.3979695,33.3389431],[44.3979558,33.3389514],[44.3979405,33.3389573],[44.3979245,33.3389606],[44.3979081,33.3389612],[44.3978915,33.3389593],[44.3978758,33.3389547],[44.3978609,33.3389473],[44.397848,33.3389375],[44.3978376,33.3389256],[44.3978303,33.3389121],[44.3978266,33.3388988],[44.3978261,33.3388853]]]}},{"type":"Feature","properties":{"cid":"C0256","height_m":3.0,"floors":1,"ground_z":15.1,"area_m2":152},"geometry":{"type":"Polygon","coordinates":[[[44.3979762,33.339011],[44.3980434,33.339066],[44.3980434,33.3391843],[44.3980089,33.3392169],[44.3979618,33.3391199],[44.3979121,33.3390273],[44.3979762,33.339011]]]}},{"type":"Feature","properties":{"cid":"C0257","height_m":3.0,"floors":1,"ground_z":13.3,"area_m2":3352},"geometry":{"type":"Polygon","coordinates":[[[44.3958963,33.3387514],[44.3961603,33.3385025],[44.3963153,33.3385667],[44.3963952,33.3386029],[44.3966731,33.3388088],[44.3968055,33.3389068],[44.3964001,33.339225],[44.3958963,33.3387514]]]}},{"type":"Feature","properties":{"cid":"C0258","height_m":3.0,"floors":1,"ground_z":13.7,"area_m2":1322},"geometry":{"type":"Polygon","coordinates":[[[44.3955609,33.3384195],[44.3957644,33.3382967],[44.3959424,33.3384186],[44.3960758,33.3384362],[44.3960758,33.338491],[44.3960546,33.3385423],[44.3960229,33.3385671],[44.3958111,33.3387439],[44.3955239,33.338442],[44.3955609,33.3384195]]]}},{"type":"Feature","properties":{"cid":"C0259","height_m":3.0,"floors":1,"ground_z":16.0,"area_m2":456},"geometry":{"type":"Polygon","coordinates":[[[44.3977914,33.3379139],[44.3979989,33.3377517],[44.3980431,33.337791],[44.3980432,33.3379837],[44.3979509,33.338056],[44.3979451,33.3380507],[44.3977914,33.3379139]]]}},{"type":"Feature","properties":{"cid":"C0260","height_m":3.0,"floors":1,"ground_z":15.5,"area_m2":269},"geometry":{"type":"Polygon","coordinates":[[[44.3978433,33.3381303],[44.3976897,33.3379936],[44.3977914,33.3379139],[44.3979451,33.3380507],[44.3978433,33.3381303]]]}},{"type":"Feature","properties":{"cid":"C0261","height_m":3.0,"floors":1,"ground_z":19.0,"area_m2":125},"geometry":{"type":"Polygon","coordinates":[[[44.3889765,33.3418107],[44.3890959,33.341706],[44.3891604,33.341753],[44.3891202,33.3417878],[44.3890396,33.3418556],[44.3889765,33.3418107]]]}},{"type":"Feature","properties":{"cid":"C0262","height_m":3.0,"floors":1,"ground_z":19.3,"area_m2":49},"geometry":{"type":"Polygon","coordinates":[[[44.3893041,33.3417435],[44.3893584,33.3417009],[44.389408,33.3417379],[44.3893484,33.3417922],[44.3893041,33.3417435]]]}},{"type":"Feature","properties":{"cid":"C0263","height_m":3.0,"floors":1,"ground_z":19.8,"area_m2":49},"geometry":{"type":"Polygon","coordinates":[[[44.3898807,33.3417697],[44.3899414,33.3417222],[44.3900044,33.3417844],[44.3899727,33.3417916],[44.3899418,33.3417926],[44.3899022,33.3417892],[44.3898807,33.3417697]]]}},{"type":"Feature","properties":{"cid":"C0264","height_m":3.0,"floors":1,"ground_z":19.4,"area_m2":189},"geometry":{"type":"Polygon","coordinates":[[[44.3881425,33.3417603],[44.3880904,33.3417124],[44.3881944,33.3416206],[44.3882996,33.341703],[44.3882784,33.3417169],[44.3882851,33.3417303],[44.3882557,33.3417552],[44.3882368,33.3417712],[44.388214,33.3417527],[44.388169,33.3417847],[44.3881425,33.3417603]]]}},{"type":"Feature","properties":{"cid":"C0265","height_m":3.0,"floors":1,"ground_z":19.2,"area_m2":318},"geometry":{"type":"Polygon","coordinates":[[[44.3883174,33.341802],[44.3884595,33.3416658],[44.3885462,33.3417331],[44.3885194,33.3417667],[44.3885583,33.3417997],[44.3884888,33.3418589],[44.3883056,33.3418589],[44.3882778,33.341835],[44.3883174,33.341802]]]}},{"type":"Feature","properties":{"cid":"C0266","height_m":3.0,"floors":1,"ground_z":18.1,"area_m2":161},"geometry":{"type":"Polygon","coordinates":[[[44.388294,33.3411841],[44.3883327,33.3412241],[44.3884288,33.3413235],[44.3883736,33.3413607],[44.388347,33.3413333],[44.3883127,33.3413564],[44.3882448,33.3412861],[44.3882942,33.341253],[44.3882555,33.3412103],[44.388294,33.3411841]]]}},{"type":"Feature","properties":{"cid":"C0267","height_m":3.0,"floors":1,"ground_z":17.5,"area_m2":167},"geometry":{"type":"Polygon","coordinates":[[[44.3884258,33.3410173],[44.3882929,33.3408963],[44.3883821,33.340845],[44.3885003,33.3409727],[44.3884258,33.3410173]]]}},{"type":"Feature","properties":{"cid":"C0268","height_m":3.0,"floors":1,"ground_z":17.5,"area_m2":439},"geometry":{"type":"Polygon","coordinates":[[[44.3881528,33.340978],[44.3882929,33.3408963],[44.3884258,33.3410173],[44.3884701,33.3410627],[44.3883977,33.3411126],[44.3883275,33.3411609],[44.3881868,33.3410395],[44.3881999,33.3410313],[44.3881528,33.340978]]]}},{"type":"Feature","properties":{"cid":"C0269","height_m":3.0,"floors":1,"ground_z":17.5,"area_m2":95},"geometry":{"type":"Polygon","coordinates":[[[44.3880513,33.3410386],[44.3881326,33.3411299],[44.3880621,33.3411697],[44.3879978,33.3410914],[44.3879978,33.3410692],[44.3880513,33.3410386]]]}},{"type":"Feature","properties":{"cid":"C0270","height_m":3.0,"floors":1,"ground_z":17.9,"area_m2":99},"geometry":{"type":"Polygon","coordinates":[[[44.3879978,33.3411904],[44.3880292,33.3411731],[44.3880567,33.3412084],[44.3881098,33.3412717],[44.3880874,33.3412853],[44.3880306,33.3413198],[44.3879979,33.3412809],[44.3879978,33.3411904]]]}},{"type":"Feature","properties":{"cid":"C0271","height_m":3.0,"floors":1,"ground_z":18.6,"area_m2":75},"geometry":{"type":"Polygon","coordinates":[[[44.388675,33.3413493],[44.38863,33.3413057],[44.3887253,33.3412384],[44.3887499,33.3412613],[44.3887723,33.3412822],[44.388675,33.3413493]]]}},{"type":"Feature","properties":{"cid":"C0272","height_m":3.0,"floors":1,"ground_z":19.0,"area_m2":48},"geometry":{"type":"Polygon","coordinates":[[[44.3885079,33.3416714],[44.3885636,33.3416199],[44.3886301,33.3416647],[44.3885394,33.3416978],[44.3885079,33.3416714]]]}},{"type":"Feature","properties":{"cid":"C0273","height_m":3.0,"floors":1,"ground_z":19.0,"area_m2":83},"geometry":{"type":"Polygon","coordinates":[[[44.3885079,33.3416714],[44.3884213,33.3416025],[44.3884756,33.3415549],[44.3885636,33.3416199],[44.3885079,33.3416714]]]}},{"type":"Feature","properties":{"cid":"C0274","height_m":3.0,"floors":1,"ground_z":18.7,"area_m2":120},"geometry":{"type":"Polygon","coordinates":[[[44.388832,33.3412653],[44.38887,33.3413043],[44.3887821,33.341364],[44.3887247,33.3414033],[44.388675,33.3413493],[44.3887723,33.3412822],[44.3887891,33.3412962],[44.388832,33.3412653]]]}},{"type":"Feature","properties":{"cid":"C0275","height_m":3.0,"floors":1,"ground_z":13.5,"area_m2":19},"geometry":{"type":"Polygon","coordinates":[[[44.3881109,33.3401581],[44.388075,33.3401329],[44.3881074,33.3401039],[44.3881415,33.3401291],[44.3881109,33.3401581]]]}},{"type":"Feature","properties":{"cid":"C0276","height_m":3.0,"floors":1,"ground_z":12.9,"area_m2":94},"geometry":{"type":"Polygon","coordinates":[[[44.3883059,33.3398414],[44.3882842,33.3398236],[44.3883784,33.3397421],[44.3884279,33.3397874],[44.3883064,33.3398861],[44.3882793,33.3398639],[44.3883059,33.3398414]]]}},{"type":"Feature","properties":{"cid":"C0277","height_m":3.0,"floors":1,"ground_z":13.8,"area_m2":30},"geometry":{"type":"Polygon","coordinates":[[[44.3885246,33.3397676],[44.3885515,33.3397947],[44.3885678,33.3398112],[44.3885287,33.3398382],[44.3885096,33.3398187],[44.3884854,33.3397947],[44.3885246,33.3397676]]]}},{"type":"Feature","properties":{"cid":"C0278","height_m":3.0,"floors":1,"ground_z":13.7,"area_m2":176},"geometry":{"type":"Polygon","coordinates":[[[44.3884323,33.339834],[44.3884854,33.3397947],[44.3885096,33.3398187],[44.3885287,33.3398382],[44.3886746,33.3399851],[44.3886023,33.3400414],[44.3885497,33.3399812],[44.3885819,33.3399498],[44.3884621,33.3398553],[44.3884323,33.339834]]]}},{"type":"Feature","properties":{"cid":"C0279","height_m":3.0,"floors":1,"ground_z":15.8,"area_m2":33},"geometry":{"type":"Polygon","coordinates":[[[44.3879976,33.3405974],[44.3880594,33.3406638],[44.3879977,33.3406997],[44.3879976,33.3405974]]]}},{"type":"Feature","properties":{"cid":"C0280","height_m":3.0,"floors":1,"ground_z":13.0,"area_m2":72},"geometry":{"type":"Polygon","coordinates":[[[44.3884231,33.3397408],[44.3885169,33.3396697],[44.3885479,33.3397009],[44.3884279,33.3397874],[44.3883784,33.3397421],[44.3884037,33.339723],[44.3884231,33.3397408]]]}},{"type":"Feature","properties":{"cid":"C0281","height_m":3.0,"floors":1,"ground_z":15.3,"area_m2":215},"geometry":{"type":"Polygon","coordinates":[[[44.3880676,33.3404618],[44.3881961,33.3403579],[44.3882911,33.3404383],[44.3881505,33.3405492],[44.3880676,33.3404618]]]}},{"type":"Feature","properties":{"cid":"C0282","height_m":3.0,"floors":1,"ground_z":16.7,"area_m2":744},"geometry":{"type":"Polygon","coordinates":[[[44.3884713,33.34045],[44.388629,33.3403491],[44.3886767,33.3404012],[44.3887825,33.340342],[44.3888551,33.3403014],[44.3888861,33.340284],[44.3890022,33.3404006],[44.3888459,33.3404952],[44.3888244,33.3405092],[44.3888082,33.3404936],[44.3887342,33.3405195],[44.3886022,33.3405658],[44.3884713,33.34045]]]}},{"type":"Feature","properties":{"cid":"C0283","height_m":3.0,"floors":1,"ground_z":18.2,"area_m2":247},"geometry":{"type":"Polygon","coordinates":[[[44.3888459,33.3404952],[44.3890022,33.3404006],[44.3890969,33.3404951],[44.3889399,33.3405915],[44.3888459,33.3404952]]]}},{"type":"Feature","properties":{"cid":"C0284","height_m":3.0,"floors":1,"ground_z":19.0,"area_m2":32},"geometry":{"type":"Polygon","coordinates":[[[44.3887417,33.3418589],[44.3887953,33.3418058],[44.3888598,33.3418588],[44.3887417,33.3418589]]]}},{"type":"Feature","properties":{"cid":"C0285","height_m":3.0,"floors":1,"ground_z":19.1,"area_m2":8},"geometry":{"type":"Polygon","coordinates":[[[44.3886128,33.3418589],[44.3886402,33.3418315],[44.3886715,33.3418589],[44.3886128,33.3418589]]]}},{"type":"Feature","properties":{"cid":"C0286","height_m":3.0,"floors":1,"ground_z":20.6,"area_m2":210},"geometry":{"type":"Polygon","coordinates":[[[44.390282,33.3407081],[44.3903919,33.3408345],[44.390324,33.3408968],[44.3901702,33.3408059],[44.390282,33.3407081]]]}},{"type":"Feature","properties":{"cid":"C0287","height_m":3.0,"floors":1,"ground_z":19.0,"area_m2":98},"geometry":{"type":"Polygon","coordinates":[[[44.3888163,33.3415224],[44.3889402,33.3414232],[44.3889833,33.3414567],[44.3888751,33.3415629],[44.3888163,33.3415224]]]}},{"type":"Feature","properties":{"cid":"C0288","height_m":3.0,"floors":1,"ground_z":16.5,"area_m2":279},"geometry":{"type":"Polygon","coordinates":[[[44.3881351,33.3409392],[44.3880039,33.3407627],[44.3880994,33.3407066],[44.3881511,33.3407616],[44.3882532,33.3408744],[44.3881351,33.3409392]]]}},{"type":"Feature","properties":{"cid":"C0289","height_m":3.0,"floors":1,"ground_z":21.0,"area_m2":325},"geometry":{"type":"Polygon","coordinates":[[[44.3900002,33.3407052],[44.3901728,33.3405823],[44.390282,33.3407081],[44.3901702,33.3408059],[44.3900002,33.3407052]]]}},{"type":"Feature","properties":{"cid":"C0290","height_m":1.0,"floors":1,"ground_z":17.0,"area_m2":30},"geometry":{"type":"Polygon","coordinates":[[[44.3879977,33.3409039],[44.3880356,33.3409759],[44.3880454,33.3409935],[44.3879978,33.3410265],[44.3879977,33.3409039]]]}},{"type":"Feature","properties":{"cid":"C0293","height_m":3.0,"floors":1,"ground_z":19.3,"area_m2":692},"geometry":{"type":"Polygon","coordinates":[[[44.3975535,33.34019],[44.3978113,33.3402068],[44.3977469,33.3405091],[44.3976126,33.3404588],[44.397591,33.3404409],[44.3975267,33.3403793],[44.3975173,33.3403277],[44.397528,33.3402763],[44.3975535,33.34019]]]}},{"type":"Feature","properties":{"cid":"C0295","height_m":3.0,"floors":1,"ground_z":15.4,"area_m2":169},"geometry":{"type":"Polygon","coordinates":[[[44.3978025,33.3391908],[44.3977232,33.3392273],[44.3976519,33.3392731],[44.3975894,33.3392237],[44.3977351,33.3391018],[44.3978025,33.3391908]]]}},{"type":"Feature","properties":{"cid":"C0296","height_m":3.0,"floors":1,"ground_z":14.2,"area_m2":336},"geometry":{"type":"Polygon","coordinates":[[[44.3978547,33.3389718],[44.3977983,33.3389127],[44.3978023,33.338849],[44.3978683,33.3387945],[44.397968,33.3387998],[44.3980245,33.3388588],[44.3980204,33.3389226],[44.3979544,33.3389771],[44.3978547,33.3389718]]]}},{"type":"Feature","properties":{"cid":"C0297","height_m":3.0,"floors":1,"ground_z":14.2,"area_m2":157},"geometry":{"type":"Polygon","coordinates":[[[44.3977285,33.3388227],[44.3979358,33.3386657],[44.3979797,33.3387061],[44.3977724,33.3388631],[44.3977285,33.3388227]]]}},{"type":"Feature","properties":{"cid":"C0298","height_m":3.0,"floors":1,"ground_z":14.2,"area_m2":402},"geometry":{"type":"Polygon","coordinates":[[[44.396354,33.3392591],[44.3958502,33.3387855],[44.3958963,33.3387514],[44.3964001,33.339225],[44.396354,33.3392591]]]}},{"type":"Feature","properties":{"cid":"C0299","height_m":3.0,"floors":1,"ground_z":14.7,"area_m2":646},"geometry":{"type":"Polygon","coordinates":[[[44.3973649,33.3390043],[44.3974691,33.3390953],[44.3974587,33.3391033],[44.397353,33.3391825],[44.3972591,33.3392527],[44.3971483,33.339388],[44.3970141,33.3392721],[44.3973649,33.3390043]]]}},{"type":"Feature","properties":{"cid":"C0300","height_m":3.0,"floors":1,"ground_z":13.3,"area_m2":916},"geometry":{"type":"Polygon","coordinates":[[[44.396995,33.3385468],[44.3971727,33.3387056],[44.3969227,33.3389051],[44.3968677,33.3388592],[44.3968055,33.3389068],[44.3966731,33.3388088],[44.396995,33.3385468]]]}},{"type":"Feature","properties":{"cid":"C0301","height_m":3.0,"floors":1,"ground_z":19.3,"area_m2":323},"geometry":{"type":"Polygon","coordinates":[[[44.3976234,33.3342675],[44.397783,33.3344295],[44.3976719,33.3345102],[44.3975387,33.3343921],[44.3975127,33.3343687],[44.3976234,33.3342675]]]}},{"type":"Feature","properties":{"cid":"C0302","height_m":3.0,"floors":1,"ground_z":18.9,"area_m2":616},"geometry":{"type":"Polygon","coordinates":[[[44.3978986,33.334134],[44.3980423,33.3342738],[44.3980424,33.334545],[44.3977466,33.3342596],[44.3978986,33.334134]]]}},{"type":"Feature","properties":{"cid":"C0303","height_m":3.0,"floors":1,"ground_z":18.6,"area_m2":580},"geometry":{"type":"Polygon","coordinates":[[[44.3977616,33.3345982],[44.3977026,33.3346486],[44.3974688,33.334466],[44.3975387,33.3343921],[44.3976719,33.3345102],[44.397783,33.3344295],[44.3979368,33.334577],[44.3978257,33.3346577],[44.3977616,33.3345982]]]}},{"type":"Feature","properties":{"cid":"C0304","height_m":3.0,"floors":1,"ground_z":20.5,"area_m2":992},"geometry":{"type":"Polygon","coordinates":[[[44.3966834,33.3343044],[44.3967902,33.3341714],[44.397114,33.3343525],[44.3970798,33.334395],[44.3971041,33.3344087],[44.3969664,33.3345802],[44.3969517,33.334572],[44.3969226,33.3346118],[44.3968828,33.3345905],[44.3968563,33.3346249],[44.3968158,33.3346032],[44.396856,33.334551],[44.3968201,33.3345318],[44.3968762,33.3344582],[44.3967074,33.3343638],[44.3967328,33.3343322],[44.3966834,33.3343044]]]}},{"type":"Feature","properties":{"cid":"C0305","height_m":3.0,"floors":1,"ground_z":21.4,"area_m2":380},"geometry":{"type":"Polygon","coordinates":[[[44.3967617,33.3339764],[44.3968097,33.33393],[44.3968396,33.3339175],[44.3968877,33.3339062],[44.3969237,33.3339062],[44.3970932,33.3339851],[44.3970752,33.3340091],[44.3969977,33.3341148],[44.3967617,33.3339764]]]}},{"type":"Feature","properties":{"cid":"C0306","height_m":3.0,"floors":1,"ground_z":21.2,"area_m2":354},"geometry":{"type":"Polygon","coordinates":[[[44.3940409,33.3411637],[44.3938866,33.3410356],[44.3940191,33.3409238],[44.3941743,33.3410528],[44.3940409,33.3411637]]]}},{"type":"Feature","properties":{"cid":"C0307","height_m":3.0,"floors":1,"ground_z":21.4,"area_m2":325},"geometry":{"type":"Polygon","coordinates":[[[44.3943069,33.3409525],[44.3941441,33.3408117],[44.3942565,33.3407243],[44.394426,33.3408675],[44.3943133,33.3409604],[44.3943069,33.3409525]]]}},{"type":"Feature","properties":{"cid":"C0308","height_m":3.0,"floors":1,"ground_z":18.7,"area_m2":267},"geometry":{"type":"Polygon","coordinates":[[[44.3951918,33.3407632],[44.3951433,33.3407223],[44.3952568,33.3406309],[44.3953708,33.3407271],[44.3952208,33.3408526],[44.395153,33.3407952],[44.3951918,33.3407632]]]}},{"type":"Feature","properties":{"cid":"C0309","height_m":3.0,"floors":1,"ground_z":18.6,"area_m2":2768},"geometry":{"type":"Polygon","coordinates":[[[44.395041,33.3409888],[44.3939411,33.3418578],[44.3938615,33.3418578],[44.3937577,33.3417665],[44.3948995,33.3408642],[44.395041,33.3409888]]]}},{"type":"Feature","properties":{"cid":"C0310","height_m":3.0,"floors":1,"ground_z":21.1,"area_m2":134},"geometry":{"type":"Polygon","coordinates":[[[44.3948371,33.3371042],[44.3947261,33.3370211],[44.3947872,33.3369501],[44.3948765,33.3370176],[44.3948946,33.3370432],[44.3948371,33.3371042]]]}},{"type":"Feature","properties":{"cid":"C0311","height_m":3.0,"floors":1,"ground_z":16.9,"area_m2":270},"geometry":{"type":"Polygon","coordinates":[[[44.3953492,33.3373799],[44.3953981,33.3373263],[44.3955098,33.3373776],[44.3956201,33.3374777],[44.3955168,33.3375407],[44.3954959,33.3375233],[44.3953492,33.3373799]]]}},{"type":"Feature","properties":{"cid":"C0312","height_m":3.0,"floors":1,"ground_z":16.6,"area_m2":297},"geometry":{"type":"Polygon","coordinates":[[[44.3953535,33.3376013],[44.3952347,33.3374558],[44.3953492,33.3373799],[44.3954959,33.3375233],[44.3953535,33.3376013]]]}},{"type":"Feature","properties":{"cid":"C0313","height_m":3.0,"floors":1,"ground_z":20.3,"area_m2":421},"geometry":{"type":"Polygon","coordinates":[[[44.3950367,33.3367461],[44.3950884,33.3367841],[44.3951214,33.3367978],[44.3949375,33.3370082],[44.3947743,33.3368858],[44.3950367,33.3367461]]]}},{"type":"Feature","properties":{"cid":"C0314","height_m":3.0,"floors":1,"ground_z":11.7,"area_m2":318},"geometry":{"type":"Polygon","coordinates":[[[44.3934824,33.3358074],[44.3932628,33.3355888],[44.3933457,33.3355308],[44.3935474,33.3357316],[44.3935654,33.3357494],[44.3934824,33.3358074]]]}},{"type":"Feature","properties":{"cid":"C0315","height_m":3.0,"floors":1,"ground_z":20.8,"area_m2":489},"geometry":{"type":"Polygon","coordinates":[[[44.3944117,33.3371449],[44.3943639,33.3370575],[44.3945093,33.3370298],[44.3945279,33.3370783],[44.3946037,33.3370678],[44.3947464,33.3371609],[44.3947261,33.3371847],[44.3947531,33.3372055],[44.3946929,33.3372764],[44.3946359,33.3372436],[44.394585,33.3372332],[44.3945695,33.3372237],[44.3945581,33.3372168],[44.3945373,33.3372168],[44.3945124,33.3371977],[44.3945051,33.3371856],[44.3944885,33.3371614],[44.3944543,33.3371743],[44.3944408,33.3371423],[44.3944117,33.3371449]]]}},{"type":"Feature","properties":{"cid":"C0316","height_m":3.0,"floors":1,"ground_z":14.7,"area_m2":88},"geometry":{"type":"Polygon","coordinates":[[[44.3958115,33.3418574],[44.3958665,33.3417787],[44.3960284,33.3418574],[44.3958115,33.3418574]]]}},{"type":"Feature","properties":{"cid":"C0317","height_m":3.0,"floors":1,"ground_z":14.6,"area_m2":1159},"geometry":{"type":"Polygon","coordinates":[[[44.3956887,33.3415398],[44.3957525,33.3414662],[44.3959423,33.3415809],[44.3957367,33.3418575],[44.3954089,33.3418575],[44.395641,33.3415193],[44.3956887,33.3415398]]]}},{"type":"Feature","properties":{"cid":"C0318","height_m":3.0,"floors":1,"ground_z":16.9,"area_m2":765},"geometry":{"type":"Polygon","coordinates":[[[44.3956064,33.3403515],[44.3960344,33.3400183],[44.3961143,33.3400725],[44.3960284,33.3402097],[44.3957117,33.3404413],[44.3956064,33.3403515]]]}},{"type":"Feature","properties":{"cid":"C0319","height_m":3.0,"floors":1,"ground_z":16.8,"area_m2":835},"geometry":{"type":"Polygon","coordinates":[[[44.3954466,33.3358527],[44.395474,33.3357869],[44.3955151,33.3357396],[44.3955734,33.3356996],[44.3956317,33.3356738],[44.3957021,33.3356666],[44.3957758,33.3356738],[44.3958547,33.3356938],[44.3959079,33.3357224],[44.3959766,33.3357611],[44.3959168,33.3358355],[44.3958754,33.3358098],[44.3958171,33.3357768],[44.3957604,33.335754],[44.3957021,33.3357497],[44.3956318,33.3357668],[44.3955838,33.3358012],[44.3955547,33.3358427],[44.3955426,33.3358813],[44.3955461,33.3359256],[44.3955633,33.33597],[44.3956027,33.3360058],[44.3956559,33.3360401],[44.3957238,33.3360758],[44.3956663,33.3361475],[44.3955907,33.3361031],[44.3955255,33.3360616],[44.3954826,33.3360202],[44.3954534,33.335973],[44.3954414,33.3359171],[44.3954466,33.3358527]]]}},{"type":"Feature","properties":{"cid":"C0320","height_m":3.0,"floors":1,"ground_z":14.8,"area_m2":8293},"geometry":{"type":"Polygon","coordinates":[[[44.3943517,33.337899],[44.3945146,33.3377913],[44.3946245,33.3377185],[44.3949199,33.3380292],[44.3952385,33.3383641],[44.3955644,33.3387067],[44.395869,33.3390271],[44.395764,33.3390965],[44.395606,33.3392011],[44.3954918,33.3392768],[44.3951873,33.3389566],[44.3948665,33.3386193],[44.3945459,33.3382824],[44.3942472,33.3379682],[44.3943517,33.337899]]]}},{"type":"Feature","properties":{"cid":"C0323","height_m":3.0,"floors":1,"ground_z":17.6,"area_m2":92},"geometry":{"type":"Polygon","coordinates":[[[44.3952274,33.3392398],[44.39513,33.3391622],[44.3952145,33.3391297],[44.3952929,33.339177],[44.3952274,33.3392398]]]}},{"type":"Feature","properties":{"cid":"C0324","height_m":3.0,"floors":1,"ground_z":18.0,"area_m2":172},"geometry":{"type":"Polygon","coordinates":[[[44.395168,33.3394681],[44.3950629,33.3393996],[44.3951618,33.3393025],[44.3952637,33.3393765],[44.395168,33.3394681]]]}},{"type":"Feature","properties":{"cid":"C0325","height_m":3.0,"floors":1,"ground_z":15.3,"area_m2":549},"geometry":{"type":"Polygon","coordinates":[[[44.3929078,33.3364981],[44.3926953,33.336239],[44.3928352,33.3361591],[44.3930478,33.336418],[44.3929078,33.3364981]]]}},{"type":"Feature","properties":{"cid":"C0326","height_m":3.0,"floors":1,"ground_z":18.6,"area_m2":4},"geometry":{"type":"Polygon","coordinates":[[[44.3905722,33.3389152],[44.3905717,33.3389103],[44.390574,33.3389058],[44.3905786,33.3389026],[44.3905844,33.3389016],[44.3905901,33.338903],[44.3905944,33.3389064],[44.3905963,33.3389111],[44.3905954,33.338916],[44.3905918,33.33892],[44.3905865,33.3389221],[44.3905805,33.3389219],[44.3905754,33.3389194],[44.3905722,33.3389152]]]}},{"type":"Feature","properties":{"cid":"C0327","height_m":3.0,"floors":1,"ground_z":15.8,"area_m2":30},"geometry":{"type":"Polygon","coordinates":[[[44.3980079,33.3324503],[44.3980277,33.3324111],[44.3980419,33.3324014],[44.3980419,33.3325298],[44.3980393,33.3325285],[44.398012,33.3324926],[44.3980079,33.3324503]]]}},{"type":"Feature","properties":{"cid":"C0328","height_m":3.0,"floors":1,"ground_z":15.2,"area_m2":9},"geometry":{"type":"Polygon","coordinates":[[[44.3954688,33.3381557],[44.3954757,33.338151],[44.3954845,33.3381495],[44.395493,33.3381516],[44.3954995,33.3381567],[44.3955024,33.3381638],[44.3955009,33.3381712],[44.3954956,33.3381771],[44.3954875,33.3381804],[44.3954786,33.3381801],[44.3954708,33.3381764],[44.395466,33.3381701],[44.3954653,33.3381626],[44.3954688,33.3381557]]]}},{"type":"Feature","properties":{"cid":"C0329","height_m":3.0,"floors":1,"ground_z":17.1,"area_m2":190},"geometry":{"type":"Polygon","coordinates":[[[44.3954596,33.3392982],[44.395407,33.3393484],[44.395394,33.3393609],[44.3952274,33.3392398],[44.3952929,33.339177],[44.3954596,33.3392982]]]}},{"type":"Feature","properties":{"cid":"C0330","height_m":3.0,"floors":1,"ground_z":12.0,"area_m2":7},"geometry":{"type":"Polygon","coordinates":[[[44.3900513,33.3381694],[44.3900586,33.3381712],[44.390064,33.3381756],[44.3900665,33.3381816],[44.3900653,33.3381878],[44.3900607,33.3381929],[44.3900539,33.3381956],[44.3900463,33.3381953],[44.3900398,33.3381922],[44.3900356,33.3381868],[44.390035,33.3381805],[44.390038,33.3381747],[44.3900439,33.3381707],[44.3900513,33.3381694]]]}},{"type":"Feature","properties":{"cid":"C0332","height_m":3.0,"floors":1,"ground_z":13.3,"area_m2":4},"geometry":{"type":"Polygon","coordinates":[[[44.3900982,33.3382495],[44.3901039,33.3382509],[44.3901081,33.3382543],[44.3901101,33.338259],[44.3901092,33.3382639],[44.3901055,33.3382679],[44.3901002,33.33827],[44.3900943,33.3382698],[44.3900891,33.3382674],[44.3900859,33.3382632],[44.3900854,33.3382582],[44.3900878,33.3382537],[44.3900924,33.3382505],[44.3900982,33.3382495]]]}},{"type":"Feature","properties":{"cid":"C0335","height_m":3.0,"floors":1,"ground_z":18.6,"area_m2":4},"geometry":{"type":"Polygon","coordinates":[[[44.3903515,33.3388308],[44.3903572,33.3388322],[44.3903614,33.3388356],[44.3903633,33.3388403],[44.3903624,33.3388452],[44.3903588,33.3388492],[44.3903535,33.3388513],[44.3903476,33.3388511],[44.3903424,33.3388487],[44.3903392,33.3388445],[44.3903387,33.3388395],[44.3903411,33.338835],[44.3903457,33.3388318],[44.3903515,33.3388308]]]}},{"type":"Feature","properties":{"cid":"C0336","height_m":3.0,"floors":1,"ground_z":14.5,"area_m2":5},"geometry":{"type":"Polygon","coordinates":[[[44.3894022,33.3387135],[44.3894076,33.3387099],[44.3894143,33.3387087],[44.389421,33.3387103],[44.3894261,33.3387143],[44.3894283,33.3387198],[44.3894272,33.3387255],[44.389423,33.3387301],[44.3894167,33.3387326],[44.3894098,33.3387323],[44.3894038,33.3387295],[44.3894001,33.3387246],[44.3893996,33.3387188],[44.3894022,33.3387135]]]}},{"type":"Feature","properties":{"cid":"C0337","height_m":3.0,"floors":1,"ground_z":13.6,"area_m2":79},"geometry":{"type":"Polygon","coordinates":[[[44.3891727,33.3388901],[44.3891705,33.3388681],[44.3891808,33.3388478],[44.3892012,33.3388338],[44.3892272,33.3388294],[44.3892526,33.3388355],[44.3892716,33.3388508],[44.38928,33.3388716],[44.3892758,33.3388933],[44.38926,33.338911],[44.3892362,33.3389205],[44.3892098,33.3389197],[44.3891869,33.3389087],[44.3891727,33.3388901]]]}},{"type":"Feature","properties":{"cid":"C0338","height_m":3.0,"floors":1,"ground_z":11.0,"area_m2":9},"geometry":{"type":"Polygon","coordinates":[[[44.3891993,33.3386703],[44.389177,33.3386492],[44.3891994,33.3386327],[44.3892217,33.3386538],[44.3891993,33.3386703]]]}},{"type":"Feature","properties":{"cid":"C0339","height_m":3.0,"floors":1,"ground_z":17.6,"area_m2":5},"geometry":{"type":"Polygon","coordinates":[[[44.3895613,33.3388951],[44.3895608,33.3388893],[44.3895635,33.338884],[44.3895688,33.3388804],[44.3895756,33.3388792],[44.3895822,33.3388808],[44.3895872,33.3388848],[44.3895894,33.3388903],[44.3895883,33.338896],[44.3895841,33.3389006],[44.3895779,33.338903],[44.389571,33.3389028],[44.389565,33.3389],[44.3895613,33.3388951]]]}},{"type":"Feature","properties":{"cid":"C0342","height_m":3.0,"floors":1,"ground_z":18.8,"area_m2":126},"geometry":{"type":"Polygon","coordinates":[[[44.3949528,33.3391835],[44.3948682,33.3391286],[44.3949833,33.3390552],[44.3950212,33.3391069],[44.3950538,33.3391513],[44.3949528,33.3391835]]]}},{"type":"Feature","properties":{"cid":"C0345","height_m":3.0,"floors":1,"ground_z":12.2,"area_m2":414},"geometry":{"type":"Polygon","coordinates":[[[44.3905197,33.3378227],[44.3907835,33.3376415],[44.3908903,33.3377498],[44.3907224,33.3378651],[44.3906748,33.3378169],[44.3905789,33.3378828],[44.3905197,33.3378227]]]}},{"type":"Feature","properties":{"cid":"C0346","height_m":3.0,"floors":1,"ground_z":17.0,"area_m2":5},"geometry":{"type":"Polygon","coordinates":[[[44.3894856,33.3388972],[44.3894883,33.3388919],[44.3894936,33.3388882],[44.3895004,33.3388871],[44.389507,33.3388887],[44.389512,33.3388926],[44.3895142,33.3388981],[44.3895131,33.3389038],[44.3895089,33.3389084],[44.3895027,33.3389109],[44.3894958,33.3389107],[44.3894898,33.3389078],[44.3894861,33.3389029],[44.3894856,33.3388972]]]}},{"type":"Feature","properties":{"cid":"C0347","height_m":3.0,"floors":1,"ground_z":19.8,"area_m2":168},"geometry":{"type":"Polygon","coordinates":[[[44.3904392,33.3418189],[44.3903906,33.3417499],[44.3904848,33.3417066],[44.3905711,33.3418475],[44.390541,33.3418585],[44.3904263,33.3418585],[44.3904104,33.3418318],[44.3904392,33.3418189]]]}},{"type":"Feature","properties":{"cid":"C0348","height_m":3.0,"floors":1,"ground_z":19.8,"area_m2":170},"geometry":{"type":"Polygon","coordinates":[[[44.3908019,33.3417071],[44.3908855,33.3416564],[44.3909315,33.341727],[44.3908077,33.3417903],[44.3907337,33.3418235],[44.3906987,33.3417697],[44.3908019,33.3417071]]]}},{"type":"Feature","properties":{"cid":"C0349","height_m":3.0,"floors":1,"ground_z":19.8,"area_m2":115},"geometry":{"type":"Polygon","coordinates":[[[44.3906976,33.3416178],[44.3908092,33.3415185],[44.3908761,33.3415623],[44.3907489,33.3416617],[44.3906976,33.3416178]]]}},{"type":"Feature","properties":{"cid":"C0350","height_m":3.0,"floors":1,"ground_z":18.4,"area_m2":646},"geometry":{"type":"Polygon","coordinates":[[[44.3886219,33.3411472],[44.388597,33.3411203],[44.3888609,33.34095],[44.3889901,33.3410881],[44.3889005,33.3411513],[44.3887499,33.3412613],[44.3887253,33.3412384],[44.3887072,33.3412188],[44.388677,33.3412379],[44.3885991,33.3411634],[44.3886219,33.3411472]]]}},{"type":"Feature","properties":{"cid":"C0351","height_m":3.0,"floors":1,"ground_z":18.0,"area_m2":465},"geometry":{"type":"Polygon","coordinates":[[[44.3884258,33.3410173],[44.3885003,33.3409727],[44.3886179,33.3409023],[44.3886822,33.3409647],[44.388797,33.3408891],[44.3888609,33.34095],[44.388597,33.3411203],[44.3885623,33.3410836],[44.3885164,33.3410353],[44.3884701,33.3410627],[44.3884258,33.3410173]]]}},{"type":"Feature","properties":{"cid":"C0352","height_m":1.8,"floors":1,"ground_z":33.8,"area_m2":29},"geometry":{"type":"Polygon","coordinates":[[[44.3927299,33.3387991],[44.3927341,33.3387963],[44.3928304,33.3387327],[44.3928347,33.3387299],[44.3928431,33.3387243],[44.3928564,33.3387385],[44.3928481,33.3387441],[44.3928437,33.3387469],[44.3927475,33.3388105],[44.3927433,33.3388133],[44.3927347,33.3388189],[44.3927215,33.3388046],[44.3927299,33.3387991]]]}},{"type":"Feature","properties":{"cid":"C0353","height_m":14.0,"floors":4,"ground_z":20.6,"area_m2":5},"geometry":{"type":"Polygon","coordinates":[[[44.3927803,33.3386049],[44.3927876,33.3386],[44.3927942,33.3386072],[44.3928212,33.3386353],[44.3928275,33.3386423],[44.3928201,33.3386472],[44.3927803,33.3386049]]]}},{"type":"Feature","properties":{"cid":"C0354","height_m":14.0,"floors":4,"ground_z":19.5,"area_m2":804},"geometry":{"type":"Polygon","coordinates":[[[44.392732,33.3388709],[44.3924864,33.3385941],[44.3926687,33.3384819],[44.3929142,33.3387584],[44.392732,33.3388709]]]}},{"type":"Feature","properties":{"cid":"C0355","height_m":1.0,"floors":1,"ground_z":35.9,"area_m2":25},"geometry":{"type":"Polygon","coordinates":[[[44.3926808,33.3387397],[44.3927772,33.3386761],[44.3927814,33.3386733],[44.3927948,33.3386875],[44.3927906,33.3386903],[44.3926942,33.3387539],[44.39269,33.3387566],[44.3926766,33.3387425],[44.3926808,33.3387397]]]}},{"type":"Feature","properties":{"cid":"C0356","height_m":1.8,"floors":1,"ground_z":34.1,"area_m2":29},"geometry":{"type":"Polygon","coordinates":[[[44.3926766,33.3387424],[44.3926808,33.3387397],[44.3927772,33.338676],[44.3927814,33.3386733],[44.3927899,33.3386677],[44.3928031,33.3386818],[44.3927948,33.3386874],[44.3927906,33.3386902],[44.3926942,33.3387538],[44.39269,33.3387566],[44.3926816,33.3387622],[44.3926682,33.338748],[44.3926766,33.3387424]]]}},{"type":"Feature","properties":{"cid":"C0357","height_m":1.8,"floors":1,"ground_z":34.3,"area_m2":58},"geometry":{"type":"Polygon","coordinates":[[[44.3926349,33.3387126],[44.3926476,33.3387042],[44.3927439,33.3386406],[44.3927566,33.3386322],[44.3927833,33.3386606],[44.3927705,33.338669],[44.3926743,33.3387326],[44.3926615,33.3387409],[44.3926349,33.3387126]]]}},{"type":"Feature","properties":{"cid":"C0358","height_m":3.0,"floors":1,"ground_z":20.4,"area_m2":664},"geometry":{"type":"Polygon","coordinates":[[[44.389822,33.3408148],[44.3900563,33.341008],[44.390098,33.3410998],[44.3899711,33.3411878],[44.389959,33.3411765],[44.389761,33.3409907],[44.3898086,33.3409487],[44.3897274,33.3408803],[44.389822,33.3408148]]]}},{"type":"Feature","properties":{"cid":"C0359","height_m":3.0,"floors":1,"ground_z":20.0,"area_m2":266},"geometry":{"type":"Polygon","coordinates":[[[44.3896582,33.3414442],[44.3897429,33.3413547],[44.3897794,33.3413778],[44.3899363,33.3414773],[44.389842,33.3415581],[44.3897537,33.3414937],[44.3896582,33.3414442]]]}},{"type":"Feature","properties":{"cid":"C0360","height_m":3.0,"floors":1,"ground_z":19.5,"area_m2":81},"geometry":{"type":"Polygon","coordinates":[[[44.389416,33.3415255],[44.389492,33.3415917],[44.389437,33.3416454],[44.3893611,33.3415889],[44.389416,33.3415255]]]}},{"type":"Feature","properties":{"cid":"C0361","height_m":3.0,"floors":1,"ground_z":19.8,"area_m2":113},"geometry":{"type":"Polygon","coordinates":[[[44.3895369,33.3415152],[44.389459,33.3414567],[44.3895342,33.341384],[44.3895508,33.3413909],[44.389625,33.341427],[44.3895369,33.3415152]]]}},{"type":"Feature","properties":{"cid":"C0362","height_m":3.0,"floors":1,"ground_z":19.8,"area_m2":106},"geometry":{"type":"Polygon","coordinates":[[[44.3899767,33.3416947],[44.3899414,33.3417222],[44.3898807,33.3417697],[44.3898156,33.3417187],[44.3899208,33.3416364],[44.3899767,33.3416947]]]}},{"type":"Feature","properties":{"cid":"C0363","height_m":3.0,"floors":1,"ground_z":19.9,"area_m2":96},"geometry":{"type":"Polygon","coordinates":[[[44.3900411,33.3415361],[44.3900935,33.3415831],[44.3899767,33.3416647],[44.389932,33.3416177],[44.3899932,33.341572],[44.3900411,33.3415361]]]}},{"type":"Feature","properties":{"cid":"C0364","height_m":3.0,"floors":1,"ground_z":20.6,"area_m2":213},"geometry":{"type":"Polygon","coordinates":[[[44.3899767,33.3409417],[44.390112,33.3408011],[44.3902006,33.3408534],[44.3900563,33.341008],[44.3899767,33.3409417]]]}},{"type":"Feature","properties":{"cid":"C0365","height_m":3.0,"floors":1,"ground_z":20.0,"area_m2":714},"geometry":{"type":"Polygon","coordinates":[[[44.3897328,33.341166],[44.38959,33.3410655],[44.3896128,33.3410438],[44.3896714,33.3409882],[44.3897173,33.3410326],[44.389761,33.3409907],[44.389959,33.3411765],[44.3899188,33.3412078],[44.3899026,33.3411962],[44.3899107,33.3411811],[44.389861,33.3411536],[44.3897778,33.3412578],[44.3898491,33.3413091],[44.3897794,33.3413778],[44.3897429,33.3413547],[44.3896582,33.3414442],[44.389625,33.341427],[44.3895508,33.3413909],[44.3895758,33.3413638],[44.3895953,33.3413704],[44.3897073,33.3412483],[44.3897651,33.3411945],[44.3897328,33.341166]]]}},{"type":"Feature","properties":{"cid":"C0366","height_m":3.0,"floors":1,"ground_z":20.0,"area_m2":184},"geometry":{"type":"Polygon","coordinates":[[[44.3900108,33.3413094],[44.3900369,33.3412701],[44.3901142,33.3413266],[44.3901852,33.341386],[44.3901177,33.3414584],[44.389992,33.3413619],[44.3900108,33.3413094]]]}},{"type":"Feature","properties":{"cid":"C0367","height_m":3.0,"floors":1,"ground_z":20.0,"area_m2":113},"geometry":{"type":"Polygon","coordinates":[[[44.3899868,33.3414662],[44.3899907,33.3414022],[44.389992,33.3413619],[44.3901177,33.3414584],[44.390054,33.3415266],[44.3899868,33.3414662]]]}},{"type":"Feature","properties":{"cid":"C0368","height_m":3.0,"floors":1,"ground_z":19.9,"area_m2":190},"geometry":{"type":"Polygon","coordinates":[[[44.3899767,33.3416647],[44.3900935,33.3415831],[44.3901881,33.3416682],[44.3900645,33.3417568],[44.3899767,33.3416647]]]}},{"type":"Feature","properties":{"cid":"C0369","height_m":3.0,"floors":1,"ground_z":19.9,"area_m2":56},"geometry":{"type":"Polygon","coordinates":[[[44.38993,33.3415198],[44.3899932,33.341572],[44.389932,33.3416177],[44.3898819,33.3415653],[44.38993,33.3415198]]]}},{"type":"Feature","properties":{"cid":"C0370","height_m":3.0,"floors":1,"ground_z":19.1,"area_m2":348},"geometry":{"type":"Polygon","coordinates":[[[44.3889277,33.3409061],[44.3890945,33.3407981],[44.3891267,33.340832],[44.3890965,33.3408518],[44.3892012,33.3409633],[44.389065,33.3410523],[44.3889277,33.3409061]]]}},{"type":"Feature","properties":{"cid":"C0371","height_m":3.0,"floors":1,"ground_z":19.4,"area_m2":205},"geometry":{"type":"Polygon","coordinates":[[[44.3891724,33.341383],[44.3891227,33.3413195],[44.3891649,33.3412822],[44.3893273,33.3414396],[44.3893032,33.3415089],[44.3892487,33.3414812],[44.3891703,33.3414412],[44.3891724,33.341383]]]}},{"type":"Feature","properties":{"cid":"C0372","height_m":3.0,"floors":1,"ground_z":16.1,"area_m2":136},"geometry":{"type":"Polygon","coordinates":[[[44.3890646,33.339586],[44.3892004,33.339508],[44.3892458,33.3395554],[44.3890918,33.3396395],[44.3890882,33.3396275],[44.3889127,33.3397184],[44.3889033,33.3397072],[44.3890816,33.3396121],[44.3890646,33.339586]]]}},{"type":"Feature","properties":{"cid":"C0373","height_m":3.0,"floors":1,"ground_z":21.5,"area_m2":81},"geometry":{"type":"Polygon","coordinates":[[[44.3898987,33.3404711],[44.3898081,33.3403725],[44.3898598,33.3403436],[44.3899529,33.3404437],[44.3898987,33.3404711]]]}},{"type":"Feature","properties":{"cid":"C0374","height_m":3.0,"floors":1,"ground_z":19.5,"area_m2":337},"geometry":{"type":"Polygon","coordinates":[[[44.3893412,33.340167],[44.3894532,33.3401065],[44.3894594,33.3401162],[44.389421,33.3401383],[44.3894874,33.3402134],[44.3895401,33.3402782],[44.3894804,33.3403119],[44.3893989,33.3403579],[44.3893607,33.3403209],[44.3892994,33.3403588],[44.3892745,33.3403743],[44.3892224,33.3403317],[44.3893976,33.3402257],[44.3893412,33.340167]]]}},{"type":"Feature","properties":{"cid":"C0375","height_m":3.0,"floors":1,"ground_z":18.7,"area_m2":149},"geometry":{"type":"Polygon","coordinates":[[[44.3889516,33.3406957],[44.3889014,33.3406422],[44.3890062,33.3405702],[44.3890985,33.34066],[44.3890159,33.3407135],[44.389007,33.3407045],[44.3889808,33.3406767],[44.3889516,33.3406957]]]}},{"type":"Feature","properties":{"cid":"C0376","height_m":3.0,"floors":1,"ground_z":19.4,"area_m2":119},"geometry":{"type":"Polygon","coordinates":[[[44.3891854,33.3406034],[44.3892653,33.3406875],[44.3891761,33.3407453],[44.3891046,33.340656],[44.3891176,33.3406476],[44.3891854,33.3406034]]]}},{"type":"Feature","properties":{"cid":"C0377","height_m":3.0,"floors":1,"ground_z":19.7,"area_m2":283},"geometry":{"type":"Polygon","coordinates":[[[44.3894722,33.3405623],[44.3892836,33.3406763],[44.3892653,33.3406875],[44.3891854,33.3406034],[44.3893918,33.3404779],[44.3894722,33.3405623]]]}},{"type":"Feature","properties":{"cid":"C0378","height_m":3.0,"floors":1,"ground_z":19.5,"area_m2":149},"geometry":{"type":"Polygon","coordinates":[[[44.3891441,33.3405582],[44.3893492,33.3404334],[44.3893918,33.3404779],[44.3891854,33.3406034],[44.3891441,33.3405582]]]}},{"type":"Feature","properties":{"cid":"C0379","height_m":3.0,"floors":1,"ground_z":19.9,"area_m2":173},"geometry":{"type":"Polygon","coordinates":[[[44.3893607,33.3403209],[44.3893989,33.3403579],[44.3894804,33.3403119],[44.3895287,33.3403728],[44.3894023,33.3404566],[44.3892994,33.3403588],[44.3893607,33.3403209]]]}},{"type":"Feature","properties":{"cid":"C0380","height_m":3.0,"floors":1,"ground_z":18.0,"area_m2":414},"geometry":{"type":"Polygon","coordinates":[[[44.3891023,33.3402256],[44.389119,33.3402153],[44.3890087,33.340108],[44.389095,33.3400446],[44.3891518,33.3401087],[44.3891351,33.3401194],[44.389219,33.3402101],[44.3892901,33.3401692],[44.3893036,33.3401865],[44.3893412,33.340167],[44.3893976,33.3402257],[44.3892224,33.3403317],[44.3891452,33.3402667],[44.3891023,33.3402256]]]}},{"type":"Feature","properties":{"cid":"C0381","height_m":3.0,"floors":1,"ground_z":19.2,"area_m2":190},"geometry":{"type":"Polygon","coordinates":[[[44.38927,33.3400702],[44.3893042,33.3400454],[44.389329,33.3400706],[44.3893995,33.3400292],[44.3894532,33.3401065],[44.3893412,33.340167],[44.3893036,33.3401865],[44.3892901,33.3401692],[44.3892304,33.3400947],[44.38927,33.3400702]]]}},{"type":"Feature","properties":{"cid":"C0382","height_m":3.0,"floors":1,"ground_z":19.8,"area_m2":323},"geometry":{"type":"Polygon","coordinates":[[[44.3901644,33.3412814],[44.3902297,33.3412228],[44.3902909,33.3412848],[44.390364,33.3413683],[44.39047,33.3414893],[44.3903957,33.3415364],[44.3901644,33.3412814]]]}},{"type":"Feature","properties":{"cid":"C0383","height_m":3.0,"floors":1,"ground_z":20.0,"area_m2":447},"geometry":{"type":"Polygon","coordinates":[[[44.390559,33.3410348],[44.3903406,33.3412385],[44.3902524,33.3411776],[44.3903007,33.3410605],[44.3903929,33.3409491],[44.390559,33.3410348]]]}},{"type":"Feature","properties":{"cid":"C0384","height_m":3.0,"floors":1,"ground_z":17.1,"area_m2":1957},"geometry":{"type":"Polygon","coordinates":[[[44.391238,33.3388767],[44.3910837,33.3386572],[44.391515,33.3384415],[44.3917487,33.3387056],[44.3916046,33.3388512],[44.3915516,33.3388259],[44.3912659,33.3389927],[44.391238,33.3388767]]]}},{"type":"Feature","properties":{"cid":"C0385","height_m":3.0,"floors":1,"ground_z":20.1,"area_m2":1122},"geometry":{"type":"Polygon","coordinates":[[[44.3911825,33.340718],[44.3911513,33.3407365],[44.3908976,33.3408867],[44.3906816,33.3406328],[44.3909664,33.340464],[44.3911825,33.340718]]]}},{"type":"Feature","properties":{"cid":"C0386","height_m":3.0,"floors":1,"ground_z":20.5,"area_m2":824},"geometry":{"type":"Polygon","coordinates":[[[44.3932862,33.3415364],[44.3934045,33.3416443],[44.3933482,33.3416873],[44.3933817,33.3417179],[44.3932004,33.341858],[44.3929083,33.341858],[44.3928905,33.3418426],[44.3932862,33.3415364]]]}},{"type":"Feature","properties":{"cid":"C0387","height_m":3.0,"floors":1,"ground_z":21.3,"area_m2":6},"geometry":{"type":"Polygon","coordinates":[[[44.3919894,33.3418582],[44.3920233,33.3418372],[44.3920459,33.3418582],[44.3919894,33.3418582]]]}},{"type":"Feature","properties":{"cid":"C0388","height_m":3.0,"floors":1,"ground_z":18.2,"area_m2":3773},"geometry":{"type":"Polygon","coordinates":[[[44.3930257,33.3387229],[44.392636,33.3382482],[44.3931281,33.3379934],[44.3934718,33.3383848],[44.3934948,33.3384254],[44.3935,33.3384704],[44.3934871,33.3385025],[44.3934615,33.3385453],[44.3931745,33.3387314],[44.3931283,33.3387442],[44.393095,33.3387464],[44.3930566,33.3387379],[44.3930257,33.3387229]]]}},{"type":"Feature","properties":{"cid":"C0389","height_m":3.0,"floors":1,"ground_z":18.1,"area_m2":34},"geometry":{"type":"Polygon","coordinates":[[[44.3935159,33.3389847],[44.3935199,33.3389807],[44.3935246,33.3389773],[44.39353,33.3389747],[44.3935358,33.3389729],[44.3935419,33.3389719],[44.3935481,33.3389719],[44.3935543,33.3389727],[44.3935602,33.3389745],[44.3935656,33.338977],[44.3935704,33.3389803],[44.3935744,33.3389843],[44.3935776,33.3389888],[44.3935797,33.3389936],[44.3935809,33.3389988],[44.3935809,33.339004],[44.3935799,33.3390091],[44.3935778,33.339014],[44.3935748,33.3390185],[44.3935708,33.3390225],[44.3935661,33.3390259],[44.3935607,33.3390285],[44.3935549,33.3390304],[44.3935487,33.3390313],[44.3935425,33.3390314],[44.3935364,33.3390305],[44.3935305,33.3390288],[44.3935251,33.3390262],[44.3935203,33.3390229],[44.3935162,33.3390189],[44.3935131,33.3390144],[44.3935109,33.3390096],[44.3935098,33.3390045],[44.3935097,33.3389993],[44.3935108,33.3389941],[44.3935128,33.3389892],[44.3935159,33.3389847]]]}},{"type":"Feature","properties":{"cid":"C0390","height_m":3.0,"floors":1,"ground_z":18.1,"area_m2":34},"geometry":{"type":"Polygon","coordinates":[[[44.3934511,33.3390233],[44.3934541,33.3390187],[44.3934581,33.3390147],[44.3934628,33.3390113],[44.3934682,33.3390087],[44.393474,33.3390069],[44.3934802,33.3390059],[44.3934864,33.3390059],[44.3934926,33.3390068],[44.3934985,33.3390085],[44.3935039,33.3390111],[44.3935087,33.3390144],[44.3935128,33.3390183],[44.3935159,33.3390228],[44.3935181,33.3390277],[44.3935192,33.3390328],[44.3935193,33.339038],[44.3935182,33.3390431],[44.3935162,33.339048],[44.3935131,33.3390525],[44.3935091,33.3390566],[44.3935044,33.3390599],[44.393499,33.3390626],[44.3934932,33.3390644],[44.3934871,33.3390653],[44.3934809,33.3390654],[44.3934746,33.3390645],[44.3934687,33.3390628],[44.3934633,33.3390602],[44.3934585,33.3390569],[44.3934545,33.339053],[44.3934513,33.3390485],[44.3934491,33.3390436],[44.393448,33.3390385],[44.393448,33.3390333],[44.393449,33.3390282],[44.3934511,33.3390233]]]}},{"type":"Feature","properties":{"cid":"C0395","height_m":3.0,"floors":1,"ground_z":18.7,"area_m2":4},"geometry":{"type":"Polygon","coordinates":[[[44.390288,33.3388647],[44.3902903,33.3388602],[44.3902949,33.338857],[44.3903007,33.338856],[44.3903065,33.3388574],[44.3903108,33.3388608],[44.3903127,33.3388655],[44.3903118,33.3388704],[44.3903082,33.3388744],[44.3903028,33.3388765],[44.3902968,33.3388763],[44.3902917,33.3388739],[44.3902885,33.3388697],[44.390288,33.3388647]]]}},{"type":"Feature","properties":{"cid":"C0397","height_m":3.0,"floors":1,"ground_z":19.8,"area_m2":90},"geometry":{"type":"Polygon","coordinates":[[[44.3906987,33.3417697],[44.3907337,33.3418235],[44.3907484,33.3418463],[44.3907186,33.3418585],[44.3906054,33.3418585],[44.3905863,33.3418286],[44.3906987,33.3417697]]]}},{"type":"Feature","properties":{"cid":"C0398","height_m":3.0,"floors":1,"ground_z":15.1,"area_m2":8},"geometry":{"type":"Polygon","coordinates":[[[44.3954605,33.338253],[44.3954598,33.3382462],[44.395463,33.3382399],[44.3954694,33.3382356],[44.3954774,33.3382342],[44.3954852,33.3382361],[44.3954911,33.3382408],[44.3954937,33.3382473],[44.3954924,33.338254],[44.3954875,33.3382595],[44.3954801,33.3382624],[44.395472,33.3382622],[44.3954649,33.3382588],[44.3954605,33.338253]]]}},{"type":"Feature","properties":{"cid":"C0399","height_m":3.0,"floors":1,"ground_z":15.0,"area_m2":4},"geometry":{"type":"Polygon","coordinates":[[[44.3901538,33.3383937],[44.3901533,33.3383888],[44.3901556,33.3383842],[44.3901602,33.3383811],[44.3901661,33.3383801],[44.3901718,33.3383814],[44.3901761,33.3383849],[44.390178,33.3383896],[44.390177,33.3383945],[44.3901735,33.3383984],[44.3901681,33.3384006],[44.3901622,33.3384004],[44.3901569,33.3383979],[44.3901538,33.3383937]]]}},{"type":"Feature","properties":{"cid":"C0400","height_m":3.0,"floors":1,"ground_z":19.0,"area_m2":4},"geometry":{"type":"Polygon","coordinates":[[[44.3905255,33.3389908],[44.3905278,33.3389863],[44.3905324,33.3389831],[44.3905382,33.3389821],[44.390544,33.3389835],[44.3905483,33.3389869],[44.3905502,33.3389916],[44.3905493,33.3389965],[44.3905457,33.3390005],[44.3905404,33.3390026],[44.3905343,33.3390024],[44.3905292,33.3389999],[44.390526,33.3389958],[44.3905255,33.3389908]]]}},{"type":"Feature","properties":{"cid":"C0401","height_m":3.0,"floors":1,"ground_z":15.1,"area_m2":18},"geometry":{"type":"Polygon","coordinates":[[[44.395642,33.3380644],[44.395641,33.3380538],[44.3956459,33.338044],[44.3956558,33.3380373],[44.3956683,33.3380352],[44.3956805,33.3380381],[44.3956897,33.3380453],[44.3956937,33.3380554],[44.3956917,33.3380659],[44.3956841,33.3380744],[44.3956726,33.3380789],[44.3956599,33.3380785],[44.3956488,33.3380732],[44.395642,33.3380644]]]}},{"type":"Feature","properties":{"cid":"C0402","height_m":3.0,"floors":1,"ground_z":19.6,"area_m2":4},"geometry":{"type":"Polygon","coordinates":[[[44.390369,33.3390703],[44.3903713,33.3390658],[44.3903759,33.3390626],[44.3903817,33.3390616],[44.3903874,33.339063],[44.3903917,33.3390664],[44.3903936,33.339071],[44.3903927,33.3390759],[44.3903891,33.3390799],[44.3903838,33.339082],[44.3903778,33.3390819],[44.3903727,33.3390795],[44.3903695,33.3390753],[44.390369,33.3390703]]]}},{"type":"Feature","properties":{"cid":"C0404","height_m":3.0,"floors":1,"ground_z":19.9,"area_m2":24},"geometry":{"type":"Polygon","coordinates":[[[44.3901333,33.3418586],[44.3902023,33.3418083],[44.3902265,33.3418586],[44.3901333,33.3418586]]]}},{"type":"Feature","properties":{"cid":"C0406","height_m":3.0,"floors":1,"ground_z":18.2,"area_m2":1171},"geometry":{"type":"Polygon","coordinates":[[[44.3900356,33.3389739],[44.3904008,33.3387826],[44.3904811,33.3388892],[44.3906066,33.3388235],[44.3906875,33.33893],[44.3902462,33.3391566],[44.3901822,33.3390716],[44.390117,33.3389851],[44.3900648,33.3390125],[44.3900356,33.3389739]]]}},{"type":"Feature","properties":{"cid":"C0407","height_m":3.0,"floors":1,"ground_z":12.8,"area_m2":7},"geometry":{"type":"Polygon","coordinates":[[[44.3901222,33.3381973],[44.3901253,33.3381912],[44.3901315,33.338187],[44.3901393,33.3381857],[44.3901469,33.3381875],[44.3901526,33.338192],[44.3901551,33.3381983],[44.3901539,33.3382048],[44.3901491,33.3382101],[44.390142,33.338213],[44.3901341,33.3382127],[44.3901272,33.3382094],[44.3901229,33.3382038],[44.3901222,33.3381973]]]}},{"type":"Feature","properties":{"cid":"C0409","height_m":3.0,"floors":1,"ground_z":19.8,"area_m2":173},"geometry":{"type":"Polygon","coordinates":[[[44.3905915,33.3415807],[44.3906661,33.3416397],[44.3906976,33.3416178],[44.3907489,33.3416617],[44.3908019,33.3417071],[44.3906987,33.3417697],[44.3906351,33.3416815],[44.3905714,33.3415932],[44.3905915,33.3415807]]]}},{"type":"Feature","properties":{"cid":"C0410","height_m":3.0,"floors":1,"ground_z":18.0,"area_m2":90},"geometry":{"type":"Polygon","coordinates":[[[44.3887202,33.3408154],[44.3886768,33.3408414],[44.3886916,33.3408582],[44.3886403,33.3408889],[44.3885756,33.3408267],[44.3886703,33.3407677],[44.3887202,33.3408154]]]}},{"type":"Feature","properties":{"cid":"C0411","height_m":3.0,"floors":1,"ground_z":13.2,"area_m2":79},"geometry":{"type":"Polygon","coordinates":[[[44.3890705,33.3389371],[44.3890808,33.3389168],[44.3891013,33.3389028],[44.3891272,33.3388983],[44.3891525,33.3389044],[44.3891716,33.3389197],[44.3891801,33.3389406],[44.3891759,33.3389623],[44.3891601,33.3389799],[44.3891362,33.3389895],[44.3891098,33.3389887],[44.3890869,33.3389777],[44.3890727,33.338959],[44.3890705,33.3389371]]]}},{"type":"Feature","properties":{"cid":"C0412","height_m":3.0,"floors":1,"ground_z":12.9,"area_m2":231},"geometry":{"type":"Polygon","coordinates":[[[44.3926953,33.336239],[44.3926058,33.3361299],[44.3927457,33.3360499],[44.3928177,33.3361377],[44.3928352,33.3361591],[44.3926953,33.336239]]]}},{"type":"Feature","properties":{"cid":"C0413","height_m":3.0,"floors":1,"ground_z":26.2,"area_m2":1994},"geometry":{"type":"Polygon","coordinates":[[[44.3923019,33.3372204],[44.3923369,33.3372126],[44.3923785,33.3372126],[44.3924269,33.3372271],[44.392459,33.3372462],[44.3924872,33.3372327],[44.3929358,33.3377781],[44.3927237,33.3379047],[44.3922012,33.3372731],[44.3922268,33.3372574],[44.3922617,33.3372383],[44.3923019,33.3372204]]]}},{"type":"Feature","properties":{"cid":"C0414","height_m":3.0,"floors":1,"ground_z":19.9,"area_m2":388},"geometry":{"type":"Polygon","coordinates":[[[44.3909426,33.3416771],[44.390958,33.3416485],[44.3909822,33.3416054],[44.3910245,33.34162],[44.3910964,33.3416233],[44.3911937,33.3416104],[44.3912467,33.3416126],[44.391281,33.3416529],[44.3910265,33.3418053],[44.3909426,33.3416771]]]}},{"type":"Feature","properties":{"cid":"C0417","height_m":3.0,"floors":1,"ground_z":17.0,"area_m2":117},"geometry":{"type":"Polygon","coordinates":[[[44.395394,33.3393609],[44.395407,33.3393484],[44.3954928,33.3394107],[44.3954143,33.339486],[44.3953739,33.3394568],[44.3953284,33.3394237],[44.395394,33.3393609]]]}},{"type":"Feature","properties":{"cid":"C0418","height_m":3.0,"floors":1,"ground_z":18.2,"area_m2":131},"geometry":{"type":"Polygon","coordinates":[[[44.3886916,33.3408582],[44.3886768,33.3408414],[44.3887202,33.3408154],[44.388797,33.3408891],[44.3886822,33.3409647],[44.3886179,33.3409023],[44.3886403,33.3408889],[44.3886916,33.3408582]]]}},{"type":"Feature","properties":{"cid":"C0419","height_m":3.0,"floors":1,"ground_z":18.3,"area_m2":142},"geometry":{"type":"Polygon","coordinates":[[[44.388436,33.3411842],[44.3885623,33.3410836],[44.388597,33.3411203],[44.3886219,33.3411472],[44.3885991,33.3411634],[44.3885232,33.3412239],[44.3884965,33.3412469],[44.388436,33.3411842]]]}},{"type":"Feature","properties":{"cid":"C0420","height_m":3.0,"floors":1,"ground_z":18.7,"area_m2":128},"geometry":{"type":"Polygon","coordinates":[[[44.3884562,33.3414096],[44.3883606,33.3414954],[44.3883213,33.3415326],[44.3882642,33.3414861],[44.3884038,33.3413698],[44.3884562,33.3414096]]]}},{"type":"Feature","properties":{"cid":"C0421","height_m":3.0,"floors":1,"ground_z":19.1,"area_m2":190},"geometry":{"type":"Polygon","coordinates":[[[44.3882996,33.341703],[44.3881944,33.3416206],[44.3882944,33.3415365],[44.3884072,33.3416267],[44.3883092,33.3417106],[44.3882996,33.341703]]]}},{"type":"Feature","properties":{"cid":"C0422","height_m":3.0,"floors":1,"ground_z":19.5,"area_m2":236},"geometry":{"type":"Polygon","coordinates":[[[44.3895303,33.3417984],[44.3896416,33.3417074],[44.3898539,33.3418514],[44.3898537,33.3418586],[44.3897091,33.3418587],[44.3897124,33.3418557],[44.3896515,33.341808],[44.389606,33.3418484],[44.3895303,33.3417984]]]}},{"type":"Feature","properties":{"cid":"C0423","height_m":3.0,"floors":1,"ground_z":14.7,"area_m2":328},"geometry":{"type":"Polygon","coordinates":[[[44.3879976,33.3403933],[44.3880676,33.3404618],[44.3881505,33.3405492],[44.3881834,33.3405833],[44.3882283,33.3405548],[44.3882639,33.3405911],[44.3881678,33.3406559],[44.3881213,33.3406189],[44.3880594,33.3406638],[44.3879976,33.3405974],[44.3879976,33.3403933]]]}},{"type":"Feature","properties":{"cid":"C0424","height_m":3.0,"floors":1,"ground_z":15.7,"area_m2":248},"geometry":{"type":"Polygon","coordinates":[[[44.3887072,33.3399572],[44.3887395,33.3399296],[44.3888057,33.3399957],[44.3889323,33.3401222],[44.3888793,33.3401906],[44.3887335,33.3400442],[44.3886746,33.3399851],[44.3887072,33.3399572]]]}},{"type":"Feature","properties":{"cid":"C0425","height_m":3.0,"floors":1,"ground_z":19.0,"area_m2":60},"geometry":{"type":"Polygon","coordinates":[[[44.3892325,33.3404002],[44.3891257,33.3402801],[44.3891452,33.3402667],[44.3892224,33.3403317],[44.3892745,33.3403743],[44.3892325,33.3404002]]]}},{"type":"Feature","properties":{"cid":"C0426","height_m":3.0,"floors":1,"ground_z":20.0,"area_m2":274},"geometry":{"type":"Polygon","coordinates":[[[44.3893995,33.3400292],[44.3894196,33.3400163],[44.3894284,33.34],[44.3894458,33.3399894],[44.3894647,33.3399804],[44.3895826,33.339907],[44.3896674,33.3399956],[44.3894594,33.3401162],[44.3894532,33.3401065],[44.3893995,33.3400292]]]}},{"type":"Feature","properties":{"cid":"C0427","height_m":3.0,"floors":1,"ground_z":18.7,"area_m2":258},"geometry":{"type":"Polygon","coordinates":[[[44.3889277,33.3409061],[44.3888406,33.3408132],[44.389007,33.3407045],[44.3890159,33.3407135],[44.3890945,33.3407981],[44.3889277,33.3409061]]]}},{"type":"Feature","properties":{"cid":"C0428","height_m":3.0,"floors":1,"ground_z":21.1,"area_m2":294},"geometry":{"type":"Polygon","coordinates":[[[44.3898082,33.3405869],[44.3896704,33.3404493],[44.3898081,33.3403725],[44.3898987,33.3404711],[44.3899342,33.3405156],[44.3898082,33.3405869]]]}},{"type":"Feature","properties":{"cid":"C0429","height_m":3.0,"floors":1,"ground_z":19.2,"area_m2":142},"geometry":{"type":"Polygon","coordinates":[[[44.3883092,33.3417106],[44.3884072,33.3416267],[44.3884595,33.3416658],[44.3883174,33.341802],[44.3882557,33.3417552],[44.3882851,33.3417303],[44.3883092,33.3417106]]]}},{"type":"Feature","properties":{"cid":"C0430","height_m":3.0,"floors":1,"ground_z":20.0,"area_m2":141},"geometry":{"type":"Polygon","coordinates":[[[44.3895508,33.3413909],[44.3895342,33.341384],[44.3895067,33.3413682],[44.3894945,33.3413582],[44.3896683,33.3412143],[44.3897073,33.3412483],[44.3895953,33.3413704],[44.3895758,33.3413638],[44.3895508,33.3413909]]]}},{"type":"Feature","properties":{"cid":"C0431","height_m":3.0,"floors":1,"ground_z":19.8,"area_m2":11},"geometry":{"type":"Polygon","coordinates":[[[44.3898745,33.3417739],[44.3898475,33.3417988],[44.3898205,33.3418238],[44.3898091,33.3418151],[44.3898361,33.3417903],[44.3898632,33.3417653],[44.3898745,33.3417739]]]}},{"type":"Feature","properties":{"cid":"C0432","height_m":3.0,"floors":1,"ground_z":19.6,"area_m2":1547},"geometry":{"type":"Polygon","coordinates":[[[44.3969641,33.3337923],[44.3969671,33.3337661],[44.3971305,33.3335908],[44.3971606,33.3335845],[44.3971891,33.3335933],[44.3975012,33.333801],[44.3975071,33.333821],[44.3975012,33.3338423],[44.3975413,33.3338657],[44.397467,33.3339546],[44.397439,33.3339382],[44.3974267,33.333953],[44.3974563,33.3339702],[44.3973592,33.3340571],[44.3969762,33.3338424],[44.3969671,33.3338211],[44.3969641,33.3337923]]]}},{"type":"Feature","properties":{"cid":"C0434","height_m":3.0,"floors":1,"ground_z":18.6,"area_m2":225},"geometry":{"type":"Polygon","coordinates":[[[44.3890107,33.3403656],[44.3891257,33.3402801],[44.3892325,33.3404002],[44.3891117,33.340475],[44.3890107,33.3403656]]]}},{"type":"Feature","properties":{"cid":"C0435","height_m":3.0,"floors":1,"ground_z":16.4,"area_m2":354},"geometry":{"type":"Polygon","coordinates":[[[44.3891337,33.3399693],[44.3889323,33.3401222],[44.3888057,33.3399957],[44.3888246,33.3399867],[44.3889013,33.3399543],[44.3889283,33.3399745],[44.3890363,33.3398892],[44.3891337,33.3399693]]]}},{"type":"Feature","properties":{"cid":"C0436","height_m":3.0,"floors":1,"ground_z":16.3,"area_m2":298},"geometry":{"type":"Polygon","coordinates":[[[44.3950923,33.3375863],[44.3952431,33.3374825],[44.3953535,33.3376013],[44.3951845,33.3377004],[44.3950923,33.3375863]]]}},{"type":"Feature","properties":{"cid":"C0437","height_m":3.0,"floors":1,"ground_z":12.0,"area_m2":315},"geometry":{"type":"Polygon","coordinates":[[[44.3935474,33.3357316],[44.3933457,33.3355308],[44.3934342,33.3354684],[44.3936369,33.3356686],[44.3935474,33.3357316]]]}},{"type":"Feature","properties":{"cid":"C0438","height_m":3.0,"floors":1,"ground_z":25.2,"area_m2":1038},"geometry":{"type":"Polygon","coordinates":[[[44.393164,33.3377176],[44.3929323,33.3374309],[44.3931422,33.3373015],[44.3932491,33.3374313],[44.393399,33.3376133],[44.393411,33.3376278],[44.393262,33.337712],[44.3932352,33.3377152],[44.3932177,33.337712],[44.3932016,33.3376985],[44.393164,33.3377176]]]}},{"type":"Feature","properties":{"cid":"C0439","height_m":3.0,"floors":1,"ground_z":19.8,"area_m2":496},"geometry":{"type":"Polygon","coordinates":[[[44.3974317,33.3341488],[44.3974582,33.3341562],[44.3976234,33.3342675],[44.3975127,33.3343687],[44.3974424,33.3343248],[44.3973633,33.3344069],[44.3972579,33.3343439],[44.3974037,33.3341591],[44.3974317,33.3341488]]]}},{"type":"Feature","properties":{"cid":"C0440","height_m":1.0,"floors":1,"ground_z":36.8,"area_m2":25},"geometry":{"type":"Polygon","coordinates":[[[44.3925701,33.3386292],[44.3925743,33.3386263],[44.3926707,33.3385627],[44.3926749,33.33856],[44.3926882,33.3385741],[44.392684,33.338577],[44.3925877,33.3386406],[44.3925835,33.3386433],[44.3925701,33.3386292]]]}},{"type":"Feature","properties":{"cid":"C0441","height_m":1.0,"floors":1,"ground_z":36.1,"area_m2":25},"geometry":{"type":"Polygon","coordinates":[[[44.3926499,33.3387142],[44.3926541,33.3387114],[44.3927505,33.3386478],[44.3927547,33.338645],[44.3927681,33.3386592],[44.3927638,33.338662],[44.3926675,33.3387256],[44.3926632,33.3387283],[44.3926499,33.3387142]]]}},{"type":"Feature","properties":{"cid":"C0442","height_m":3.0,"floors":1,"ground_z":20.3,"area_m2":102},"geometry":{"type":"Polygon","coordinates":[[[44.3899711,33.3411878],[44.390098,33.3410998],[44.3901228,33.3411608],[44.3900336,33.341241],[44.3899711,33.3411878]]]}},{"type":"Feature","properties":{"cid":"C0443","height_m":3.0,"floors":1,"ground_z":19.0,"area_m2":119},"geometry":{"type":"Polygon","coordinates":[[[44.3890019,33.3413801],[44.3891254,33.3414741],[44.3891023,33.3414947],[44.3890697,33.3415234],[44.3889833,33.3414567],[44.3889402,33.3414232],[44.3890019,33.3413801]]]}},{"type":"Feature","properties":{"cid":"C0444","height_m":3.0,"floors":1,"ground_z":18.2,"area_m2":265},"geometry":{"type":"Polygon","coordinates":[[[44.3891766,33.3397927],[44.3893564,33.3396709],[44.3894348,33.3397528],[44.3892591,33.3398853],[44.3891766,33.3397927]]]}},{"type":"Feature","properties":{"cid":"C0445","height_m":3.0,"floors":1,"ground_z":18.7,"area_m2":55},"geometry":{"type":"Polygon","coordinates":[[[44.3892156,33.339956],[44.3893042,33.3400454],[44.38927,33.3400702],[44.3891801,33.3399822],[44.3892156,33.339956]]]}},{"type":"Feature","properties":{"cid":"C0446","height_m":3.0,"floors":1,"ground_z":19.8,"area_m2":642},"geometry":{"type":"Polygon","coordinates":[[[44.3901142,33.3413266],[44.3901644,33.3412814],[44.3903957,33.3415364],[44.3901881,33.3416682],[44.3900935,33.3415831],[44.3900411,33.3415361],[44.390054,33.3415266],[44.3901177,33.3414584],[44.3901852,33.341386],[44.3901142,33.3413266]]]}},{"type":"Feature","properties":{"cid":"C0447","height_m":3.0,"floors":1,"ground_z":17.8,"area_m2":1430},"geometry":{"type":"Polygon","coordinates":[[[44.3917062,33.3382437],[44.3918874,33.3381336],[44.3920433,33.3383124],[44.3920671,33.338298],[44.3920943,33.3383292],[44.3920688,33.3383446],[44.3921482,33.3384356],[44.3921028,33.3384632],[44.3920894,33.338448],[44.3918438,33.3385973],[44.3915503,33.3382608],[44.3916621,33.338193],[44.3917062,33.3382437]]]}},{"type":"Feature","properties":{"cid":"C0448","height_m":3.0,"floors":1,"ground_z":25.0,"area_m2":889},"geometry":{"type":"Polygon","coordinates":[[[44.3932491,33.3374313],[44.3935754,33.3372498],[44.3937223,33.3374336],[44.393399,33.3376133],[44.3932491,33.3374313]]]}},{"type":"Feature","properties":{"cid":"C0449","height_m":3.0,"floors":1,"ground_z":15.5,"area_m2":886},"geometry":{"type":"Polygon","coordinates":[[[44.3944845,33.3354591],[44.3943233,33.335254],[44.394428,33.3351824],[44.3944952,33.3351801],[44.3947584,33.3354444],[44.3947544,33.3354814],[44.3947625,33.3355172],[44.3946846,33.3355777],[44.3946269,33.3355397],[44.3946121,33.3355531],[44.3945584,33.3355094],[44.394545,33.3355172],[44.3944845,33.3354591]]]}},{"type":"Feature","properties":{"cid":"C0450","height_m":3.0,"floors":1,"ground_z":22.0,"area_m2":237},"geometry":{"type":"Polygon","coordinates":[[[44.3944117,33.3371449],[44.3944408,33.3371423],[44.3944543,33.3371743],[44.3944885,33.3371614],[44.3945051,33.3371856],[44.3945124,33.3371977],[44.3945373,33.3372168],[44.3945343,33.3372405],[44.39436,33.3373355],[44.394302,33.3372411],[44.3944216,33.337171],[44.3944117,33.3371449]]]}},{"type":"Feature","properties":{"cid":"C0451","height_m":3.0,"floors":1,"ground_z":14.7,"area_m2":299},"geometry":{"type":"Polygon","coordinates":[[[44.3976143,33.3380526],[44.3977552,33.3381778],[44.3976836,33.3382339],[44.3976598,33.3382126],[44.3975975,33.3382613],[44.3974805,33.3381573],[44.3976143,33.3380526]]]}},{"type":"Feature","properties":{"cid":"C0452","height_m":3.0,"floors":1,"ground_z":14.3,"area_m2":2439},"geometry":{"type":"Polygon","coordinates":[[[44.3974517,33.3327795],[44.3979211,33.3331709],[44.3978988,33.3331989],[44.3980421,33.3333043],[44.3980421,33.3334048],[44.3978072,33.3335979],[44.397651,33.3334636],[44.3975927,33.3334134],[44.3975804,33.3334031],[44.3975001,33.333342],[44.3976618,33.3332011],[44.3973098,33.3328911],[44.3974517,33.3327795]]]}},{"type":"Feature","properties":{"cid":"C0453","height_m":3.0,"floors":1,"ground_z":11.3,"area_m2":825},"geometry":{"type":"Polygon","coordinates":[[[44.3937984,33.3352134],[44.394058,33.3350278],[44.3942424,33.3351866],[44.3939828,33.3353927],[44.3937984,33.3352134]]]}},{"type":"Feature","properties":{"cid":"C0454","height_m":1.0,"floors":1,"ground_z":43.6,"area_m2":24},"geometry":{"type":"Polygon","coordinates":[[[44.3977452,33.3389109],[44.3977513,33.338907],[44.3977585,33.3389045],[44.3977662,33.3389038],[44.3977739,33.3389045],[44.3977812,33.338907],[44.3977873,33.3389111],[44.3977921,33.3389163],[44.3977949,33.3389223],[44.3977959,33.3389287],[44.3977949,33.3389352],[44.3977919,33.3389412],[44.3977872,33.3389464],[44.397781,33.3389504],[44.3977738,33.3389528],[44.3977662,33.3389536],[44.3977584,33.3389528],[44.3977512,33.3389504],[44.3977451,33.3389464],[44.3977403,33.3389412],[44.3977374,33.338935],[44.3977364,33.3389287],[44.3977374,33.3389221],[44.3977404,33.3389161],[44.3977452,33.3389109]]]}},{"type":"Feature","properties":{"cid":"C0455","height_m":3.0,"floors":1,"ground_z":16.3,"area_m2":73},"geometry":{"type":"Polygon","coordinates":[[[44.3980053,33.3393707],[44.3979162,33.3392779],[44.3979789,33.3392495],[44.3980435,33.339333],[44.3980435,33.3393378],[44.3980053,33.3393707]]]}},{"type":"Feature","properties":{"cid":"C0456","height_m":3.0,"floors":1,"ground_z":21.0,"area_m2":327},"geometry":{"type":"Polygon","coordinates":[[[44.3939063,33.3412585],[44.3937642,33.3411395],[44.3938866,33.3410356],[44.3940409,33.3411637],[44.3939185,33.3412663],[44.3939063,33.3412585]]]}},{"type":"Feature","properties":{"cid":"C0459","height_m":3.0,"floors":1,"ground_z":18.1,"area_m2":150},"geometry":{"type":"Polygon","coordinates":[[[44.3951618,33.3393025],[44.3950091,33.3391947],[44.39513,33.3391622],[44.3952274,33.3392398],[44.3951618,33.3393025]]]}},{"type":"Feature","properties":{"cid":"C0460","height_m":3.0,"floors":1,"ground_z":15.3,"area_m2":369},"geometry":{"type":"Polygon","coordinates":[[[44.3969756,33.3392759],[44.397081,33.3393727],[44.3968876,33.3395195],[44.3968267,33.3394636],[44.396806,33.3394793],[44.3967614,33.3394384],[44.3969756,33.3392759]]]}},{"type":"Feature","properties":{"cid":"C0461","height_m":3.0,"floors":1,"ground_z":16.6,"area_m2":2322},"geometry":{"type":"Polygon","coordinates":[[[44.3957336,33.3397371],[44.3957228,33.3398484],[44.394868,33.3405158],[44.3947088,33.3403824],[44.3955735,33.3397178],[44.3957336,33.3397371]]]}},{"type":"Feature","properties":{"cid":"C0462","height_m":1.0,"floors":1,"ground_z":36.6,"area_m2":25},"geometry":{"type":"Polygon","coordinates":[[[44.3926101,33.3386717],[44.3925967,33.3386575],[44.3926009,33.3386547],[44.3926973,33.3385911],[44.3927015,33.3385884],[44.3927148,33.3386024],[44.3927107,33.3386052],[44.3926143,33.3386688],[44.3926101,33.3386717]]]}},{"type":"Feature","properties":{"cid":"C0463","height_m":4.8,"floors":1,"ground_z":33.7,"area_m2":345},"geometry":{"type":"Polygon","coordinates":[[[44.3927621,33.338826],[44.3925608,33.338612],[44.3926576,33.3385487],[44.3928587,33.3387625],[44.3927621,33.338826]]]}},{"type":"Feature","properties":{"cid":"C0464","height_m":3.0,"floors":1,"ground_z":19.6,"area_m2":30},"geometry":{"type":"Polygon","coordinates":[[[44.3897124,33.3418557],[44.3897091,33.3418587],[44.3896191,33.3418587],[44.389606,33.3418484],[44.3896515,33.341808],[44.3897124,33.3418557]]]}},{"type":"Feature","properties":{"cid":"C0465","height_m":3.0,"floors":1,"ground_z":19.0,"area_m2":7},"geometry":{"type":"Polygon","coordinates":[[[44.3889142,33.3418588],[44.3889437,33.3418364],[44.3889771,33.3418588],[44.3889142,33.3418588]]]}},{"type":"Feature","properties":{"cid":"C0466","height_m":3.0,"floors":1,"ground_z":19.4,"area_m2":45},"geometry":{"type":"Polygon","coordinates":[[[44.389294,33.3415241],[44.3893502,33.3415602],[44.3893128,33.3416136],[44.3892585,33.3415836],[44.389294,33.3415241]]]}},{"type":"Feature","properties":{"cid":"C0467","height_m":3.0,"floors":1,"ground_z":20.4,"area_m2":67},"geometry":{"type":"Polygon","coordinates":[[[44.3896128,33.3410438],[44.38959,33.3410655],[44.3895622,33.3410937],[44.3895273,33.3410593],[44.3895193,33.341065],[44.3894877,33.3410339],[44.3895588,33.3409889],[44.3896128,33.3410438]]]}},{"type":"Feature","properties":{"cid":"C0468","height_m":3.0,"floors":1,"ground_z":19.4,"area_m2":143},"geometry":{"type":"Polygon","coordinates":[[[44.389492,33.3415917],[44.3895447,33.3416375],[44.3895731,33.3416581],[44.3894679,33.3417519],[44.3893947,33.3416868],[44.389437,33.3416454],[44.389492,33.3415917]]]}},{"type":"Feature","properties":{"cid":"C0469","height_m":3.0,"floors":1,"ground_z":19.2,"area_m2":73},"geometry":{"type":"Polygon","coordinates":[[[44.3891663,33.3416052],[44.3890697,33.3415234],[44.3891023,33.3414947],[44.3892301,33.3416035],[44.3891966,33.3416292],[44.3891663,33.3416052]]]}},{"type":"Feature","properties":{"cid":"C0471","height_m":3.0,"floors":1,"ground_z":19.8,"area_m2":383},"geometry":{"type":"Polygon","coordinates":[[[44.389226,33.3412334],[44.3894247,33.3410816],[44.3895365,33.3411736],[44.3893327,33.3413386],[44.389226,33.3412334]]]}},{"type":"Feature","properties":{"cid":"C0472","height_m":3.0,"floors":1,"ground_z":19.6,"area_m2":505},"geometry":{"type":"Polygon","coordinates":[[[44.3892515,33.3410121],[44.3892257,33.3409873],[44.3893781,33.3408777],[44.3894931,33.340989],[44.3892122,33.3411912],[44.3891228,33.3411048],[44.3892515,33.3410121]]]}},{"type":"Feature","properties":{"cid":"C0473","height_m":3.0,"floors":1,"ground_z":19.4,"area_m2":52},"geometry":{"type":"Polygon","coordinates":[[[44.3892487,33.3414812],[44.3893032,33.3415089],[44.389294,33.3415241],[44.3892585,33.3415836],[44.3892085,33.341548],[44.3892487,33.3414812]]]}},{"type":"Feature","properties":{"cid":"C0474","height_m":3.0,"floors":1,"ground_z":18.6,"area_m2":48},"geometry":{"type":"Polygon","coordinates":[[[44.3884038,33.3413698],[44.3884286,33.3413533],[44.3884608,33.3413528],[44.3885072,33.3413606],[44.3885279,33.3413713],[44.3884716,33.34142],[44.3884562,33.3414096],[44.3884038,33.3413698]]]}},{"type":"Feature","properties":{"cid":"C0475","height_m":3.0,"floors":1,"ground_z":19.0,"area_m2":52},"geometry":{"type":"Polygon","coordinates":[[[44.3887513,33.3417669],[44.3887187,33.341738],[44.3887476,33.3417049],[44.3888295,33.3417598],[44.3887953,33.3418058],[44.3887513,33.3417669]]]}},{"type":"Feature","properties":{"cid":"C0476","height_m":3.0,"floors":1,"ground_z":17.5,"area_m2":55},"geometry":{"type":"Polygon","coordinates":[[[44.3881999,33.3410313],[44.3881868,33.3410395],[44.3881353,33.341071],[44.3880883,33.3410177],[44.3881528,33.340978],[44.3881999,33.3410313]]]}},{"type":"Feature","properties":{"cid":"C0477","height_m":3.0,"floors":1,"ground_z":18.4,"area_m2":107},"geometry":{"type":"Polygon","coordinates":[[[44.3884521,33.341285],[44.3884965,33.3412469],[44.3885232,33.3412239],[44.3886005,33.3412956],[44.3885387,33.3413399],[44.3885058,33.3413433],[44.3884763,33.3413304],[44.3884561,33.3413136],[44.3884521,33.341285]]]}},{"type":"Feature","properties":{"cid":"C0478","height_m":3.0,"floors":1,"ground_z":18.6,"area_m2":160},"geometry":{"type":"Polygon","coordinates":[[[44.3879979,33.3413814],[44.3880366,33.3413567],[44.3881434,33.3414463],[44.3880694,33.3415089],[44.3880373,33.3415361],[44.3879979,33.3415068],[44.3879979,33.3413814]]]}},{"type":"Feature","properties":{"cid":"C0479","height_m":3.0,"floors":1,"ground_z":19.8,"area_m2":42},"geometry":{"type":"Polygon","coordinates":[[[44.388073,33.3418194],[44.3880033,33.341859],[44.3879981,33.341859],[44.387998,33.3417872],[44.3880266,33.3417645],[44.388073,33.3418194]]]}},{"type":"Feature","properties":{"cid":"C0480","height_m":3.0,"floors":1,"ground_z":16.5,"area_m2":83},"geometry":{"type":"Polygon","coordinates":[[[44.3880039,33.3407627],[44.3881351,33.3409392],[44.3880857,33.3409662],[44.3879977,33.3407931],[44.3879977,33.3407664],[44.3880039,33.3407627]]]}},{"type":"Feature","properties":{"cid":"C0481","height_m":3.0,"floors":1,"ground_z":17.2,"area_m2":342},"geometry":{"type":"Polygon","coordinates":[[[44.3891268,33.3397083],[44.3890918,33.3396395],[44.3892458,33.3395554],[44.3893564,33.3396709],[44.3891766,33.3397927],[44.3891268,33.3397368],[44.3891457,33.339724],[44.3891268,33.3397083]]]}},{"type":"Feature","properties":{"cid":"C0482","height_m":3.0,"floors":1,"ground_z":20.9,"area_m2":217},"geometry":{"type":"Polygon","coordinates":[[[44.389578,33.340501],[44.3896704,33.3404493],[44.3898082,33.3405869],[44.3897419,33.3406244],[44.3897119,33.3406468],[44.3896863,33.3406233],[44.389578,33.340501]]]}},{"type":"Feature","properties":{"cid":"C0483","height_m":3.0,"floors":1,"ground_z":20.6,"area_m2":83},"geometry":{"type":"Polygon","coordinates":[[[44.3895284,33.3405286],[44.3896423,33.3406543],[44.3896027,33.3406822],[44.3894883,33.3405534],[44.3895284,33.3405286]]]}},{"type":"Feature","properties":{"cid":"C0484","height_m":3.0,"floors":1,"ground_z":20.8,"area_m2":93},"geometry":{"type":"Polygon","coordinates":[[[44.3896423,33.3406543],[44.3895284,33.3405286],[44.389578,33.340501],[44.3896863,33.3406233],[44.3896423,33.3406543]]]}},{"type":"Feature","properties":{"cid":"C0485","height_m":3.0,"floors":1,"ground_z":21.0,"area_m2":45},"geometry":{"type":"Polygon","coordinates":[[[44.3896647,33.3404265],[44.3895936,33.3403438],[44.3896272,33.3403226],[44.3897004,33.3404054],[44.3896647,33.3404265]]]}},{"type":"Feature","properties":{"cid":"C0486","height_m":3.0,"floors":1,"ground_z":20.3,"area_m2":166},"geometry":{"type":"Polygon","coordinates":[[[44.3894023,33.3404566],[44.3895287,33.3403728],[44.389601,33.3404639],[44.3894836,33.3405332],[44.3894023,33.3404566]]]}},{"type":"Feature","properties":{"cid":"C0487","height_m":3.0,"floors":1,"ground_z":18.3,"area_m2":223},"geometry":{"type":"Polygon","coordinates":[[[44.389095,33.3400446],[44.3891801,33.3399822],[44.38927,33.3400702],[44.3892304,33.3400947],[44.3892901,33.3401692],[44.389219,33.3402101],[44.3891351,33.3401194],[44.3891518,33.3401087],[44.389095,33.3400446]]]}},{"type":"Feature","properties":{"cid":"C0488","height_m":3.0,"floors":1,"ground_z":17.9,"area_m2":218},"geometry":{"type":"Polygon","coordinates":[[[44.3887342,33.3405195],[44.3888082,33.3404936],[44.3888244,33.3405092],[44.3888459,33.3404952],[44.3889399,33.3405915],[44.3887953,33.3406804],[44.3887342,33.3405195]]]}},{"type":"Feature","properties":{"cid":"C0489","height_m":3.0,"floors":1,"ground_z":14.7,"area_m2":181},"geometry":{"type":"Polygon","coordinates":[[[44.388889,33.3397728],[44.3888805,33.3397773],[44.388902,33.3398074],[44.3888457,33.3398467],[44.3887096,33.3396898],[44.3887895,33.3396364],[44.388889,33.3397728]]]}},{"type":"Feature","properties":{"cid":"C0490","height_m":3.0,"floors":1,"ground_z":19.1,"area_m2":7},"geometry":{"type":"Polygon","coordinates":[[[44.3885224,33.3418589],[44.3885543,33.3418355],[44.3885828,33.3418589],[44.3885224,33.3418589]]]}},{"type":"Feature","properties":{"cid":"C0491","height_m":3.0,"floors":1,"ground_z":18.9,"area_m2":98},"geometry":{"type":"Polygon","coordinates":[[[44.38887,33.3413043],[44.3889534,33.3413849],[44.3889031,33.3414274],[44.3888467,33.3413724],[44.3888151,33.341395],[44.3887821,33.341364],[44.38887,33.3413043]]]}},{"type":"Feature","properties":{"cid":"C0492","height_m":3.0,"floors":1,"ground_z":19.2,"area_m2":119},"geometry":{"type":"Polygon","coordinates":[[[44.3890159,33.3407135],[44.3890985,33.34066],[44.3891046,33.340656],[44.3891761,33.3407453],[44.3890945,33.3407981],[44.3890159,33.3407135]]]}},{"type":"Feature","properties":{"cid":"C0493","height_m":3.0,"floors":1,"ground_z":13.4,"area_m2":309},"geometry":{"type":"Polygon","coordinates":[[[44.3885898,33.3396721],[44.3885716,33.3396537],[44.3885531,33.339635],[44.3887855,33.3394879],[44.3890378,33.3393382],[44.3890577,33.339359],[44.3890764,33.3393786],[44.3887972,33.3395426],[44.3885898,33.3396721]]]}},{"type":"Feature","properties":{"cid":"C0494","height_m":3.0,"floors":1,"ground_z":9.3,"area_m2":313},"geometry":{"type":"Polygon","coordinates":[[[44.3881463,33.3393513],[44.3882165,33.3392975],[44.3884025,33.339474],[44.3883852,33.3394878],[44.3884036,33.3395069],[44.3884217,33.3395259],[44.3884403,33.3395135],[44.3884602,33.3395355],[44.3884884,33.3395202],[44.3885154,33.3395485],[44.3885334,33.3395673],[44.3885039,33.3395852],[44.3884839,33.3395991],[44.3884619,33.3396141],[44.3881463,33.3393513]]]}},{"type":"Feature","properties":{"cid":"C0495","height_m":3.0,"floors":1,"ground_z":9.3,"area_m2":332},"geometry":{"type":"Polygon","coordinates":[[[44.3882165,33.3392975],[44.3883166,33.3392342],[44.3883506,33.3392716],[44.3882986,33.3393007],[44.3883211,33.339326],[44.3884092,33.3392717],[44.3885204,33.3394],[44.3884025,33.339474],[44.3882165,33.3392975]]]}},{"type":"Feature","properties":{"cid":"C0496","height_m":3.0,"floors":1,"ground_z":16.0,"area_m2":14},"geometry":{"type":"Polygon","coordinates":[[[44.3980089,33.3392169],[44.3980434,33.3391843],[44.3980435,33.3392632],[44.3980089,33.3392169]]]}},{"type":"Feature","properties":{"cid":"C0497","height_m":3.0,"floors":1,"ground_z":14.2,"area_m2":14},"geometry":{"type":"Polygon","coordinates":[[[44.3980026,33.3386682],[44.3980433,33.3386412],[44.3980433,33.3386954],[44.3980342,33.3387014],[44.3980026,33.3386682]]]}},{"type":"Feature","properties":{"cid":"C0498","height_m":3.0,"floors":1,"ground_z":19.3,"area_m2":13},"geometry":{"type":"Polygon","coordinates":[[[44.3980053,33.3340422],[44.3980423,33.3340116],[44.3980423,33.3340778],[44.3980053,33.3340422]]]}},{"type":"Feature","properties":{"cid":"C0503","height_m":3.0,"floors":1,"ground_z":14.0,"area_m2":17},"geometry":{"type":"Polygon","coordinates":[[[44.3907489,33.3377692],[44.3907537,33.3377598],[44.3907631,33.3377533],[44.3907751,33.3377512],[44.3907869,33.3377541],[44.3907957,33.3377612],[44.3907997,33.3377709],[44.3907978,33.337781],[44.3907904,33.3377892],[44.3907793,33.3377936],[44.3907671,33.3377932],[44.3907564,33.3377881],[44.3907499,33.3377794],[44.3907489,33.3377692]]]}},{"type":"Feature","properties":{"cid":"C0504","height_m":3.0,"floors":1,"ground_z":11.9,"area_m2":934},"geometry":{"type":"Polygon","coordinates":[[[44.3889791,33.3389079],[44.3891068,33.3388151],[44.3892074,33.338742],[44.3894605,33.3389843],[44.389419,33.3390147],[44.3893742,33.3390471],[44.3893292,33.3390041],[44.3892095,33.3390911],[44.3893162,33.3391932],[44.3892939,33.3392095],[44.3889791,33.3389079]]]}},{"type":"Feature","properties":{"cid":"C0505","height_m":3.0,"floors":1,"ground_z":13.7,"area_m2":10},"geometry":{"type":"Polygon","coordinates":[[[44.3901638,33.3382617],[44.3901676,33.3382544],[44.390175,33.3382493],[44.3901844,33.3382477],[44.3901936,33.3382499],[44.3902005,33.3382554],[44.3902036,33.338263],[44.3902021,33.3382709],[44.3901964,33.3382773],[44.3901876,33.3382808],[44.3901781,33.3382804],[44.3901698,33.3382765],[44.3901646,33.3382697],[44.3901638,33.3382617]]]}},{"type":"Feature","properties":{"cid":"C0506","height_m":3.0,"floors":1,"ground_z":18.0,"area_m2":5},"geometry":{"type":"Polygon","coordinates":[[[44.3895883,33.3389426],[44.389591,33.3389373],[44.3895963,33.3389336],[44.3896031,33.3389324],[44.3896097,33.338934],[44.3896147,33.338938],[44.3896169,33.3389435],[44.3896158,33.3389492],[44.3896116,33.3389538],[44.3896054,33.3389563],[44.3895985,33.338956],[44.3895925,33.3389532],[44.3895888,33.3389483],[44.3895883,33.3389426]]]}},{"type":"Feature","properties":{"cid":"C0507","height_m":3.0,"floors":1,"ground_z":15.1,"area_m2":9},"geometry":{"type":"Polygon","coordinates":[[[44.3954588,33.3383144],[44.3954623,33.3383076],[44.3954692,33.3383028],[44.3954779,33.3383013],[44.3954865,33.3383034],[44.395493,33.3383086],[44.3954958,33.3383156],[44.3954944,33.338323],[44.395489,33.338329],[44.395481,33.3383322],[44.395472,33.3383319],[44.3954643,33.3383282],[44.3954595,33.3383219],[44.3954588,33.3383144]]]}},{"type":"Feature","properties":{"cid":"C0508","height_m":3.0,"floors":1,"ground_z":14.5,"area_m2":1586},"geometry":{"type":"Polygon","coordinates":[[[44.3952626,33.3381166],[44.3952743,33.3381318],[44.395562,33.3379799],[44.395613,33.338038],[44.3956956,33.3379876],[44.3958429,33.3381555],[44.395763,33.3382043],[44.3958027,33.3382494],[44.3955481,33.3384048],[44.3955609,33.3384195],[44.3955239,33.338442],[44.3952159,33.3381437],[44.3952626,33.3381166]]]}},{"type":"Feature","properties":{"cid":"C0509","height_m":3.0,"floors":1,"ground_z":16.2,"area_m2":1764},"geometry":{"type":"Polygon","coordinates":[[[44.3962054,33.3336191],[44.3966414,33.3339781],[44.3964089,33.3341651],[44.396085,33.3339253],[44.39596,33.3338337],[44.3962054,33.3336191]]]}},{"type":"Feature","properties":{"cid":"C0510","height_m":3.0,"floors":1,"ground_z":12.9,"area_m2":1335},"geometry":{"type":"Polygon","coordinates":[[[44.3968995,33.3337101],[44.3964501,33.3333869],[44.3966209,33.3332216],[44.3970703,33.3335447],[44.3968995,33.3337101]]]}},{"type":"Feature","properties":{"cid":"C0511","height_m":3.0,"floors":1,"ground_z":14.3,"area_m2":532},"geometry":{"type":"Polygon","coordinates":[[[44.3964501,33.3333869],[44.3968995,33.3337101],[44.3968338,33.3337783],[44.3963814,33.3334502],[44.3964501,33.3333869]]]}},{"type":"Feature","properties":{"cid":"C0512","height_m":3.0,"floors":1,"ground_z":10.6,"area_m2":157},"geometry":{"type":"Polygon","coordinates":[[[44.3886457,33.3391885],[44.3886166,33.3391545],[44.3886635,33.3391261],[44.3886918,33.3391095],[44.3888279,33.3392702],[44.3888093,33.3392813],[44.3888288,33.3393039],[44.388848,33.3392924],[44.388865,33.3393123],[44.3888894,33.3392978],[44.3889592,33.3392562],[44.3889809,33.3392787],[44.3888582,33.339352],[44.3887945,33.339284],[44.3886902,33.3391621],[44.3886667,33.339176],[44.3886457,33.3391885]]]}},{"type":"Feature","properties":{"cid":"C0513","height_m":3.0,"floors":1,"ground_z":18.0,"area_m2":982},"geometry":{"type":"Polygon","coordinates":[[[44.395923,33.333911],[44.3960073,33.3339746],[44.396085,33.3339253],[44.3964089,33.3341651],[44.3962051,33.3343111],[44.3961772,33.3342836],[44.395855,33.3339659],[44.395923,33.333911]]]}},{"type":"Feature","properties":{"cid":"C0514","height_m":3.0,"floors":1,"ground_z":18.5,"area_m2":182},"geometry":{"type":"Polygon","coordinates":[[[44.3973645,33.3334602],[44.3975001,33.333342],[44.3975804,33.3334031],[44.3974385,33.3335215],[44.3973645,33.3334602]]]}},{"type":"Feature","properties":{"cid":"C0515","height_m":3.0,"floors":1,"ground_z":18.8,"area_m2":1130},"geometry":{"type":"Polygon","coordinates":[[[44.3961516,33.3347472],[44.3962862,33.3346178],[44.3966439,33.3349495],[44.3964527,33.3351927],[44.3963127,33.3351111],[44.3963892,33.3350373],[44.3963547,33.3350123],[44.3964247,33.3349449],[44.3961516,33.3347472]]]}},{"type":"Feature","properties":{"cid":"C0516","height_m":3.0,"floors":1,"ground_z":19.8,"area_m2":394},"geometry":{"type":"Polygon","coordinates":[[[44.390633,33.3413461],[44.3906317,33.341382],[44.39047,33.3414893],[44.390364,33.3413683],[44.3905189,33.3412219],[44.390633,33.3413461]]]}},{"type":"Feature","properties":{"cid":"C0517","height_m":3.0,"floors":1,"ground_z":20.6,"area_m2":142},"geometry":{"type":"Polygon","coordinates":[[[44.3896714,33.3409882],[44.3896274,33.3409453],[44.3897274,33.3408803],[44.3898086,33.3409487],[44.389761,33.3409907],[44.3897173,33.3410326],[44.3896714,33.3409882]]]}},{"type":"Feature","properties":{"cid":"C0518","height_m":3.0,"floors":1,"ground_z":19.1,"area_m2":43},"geometry":{"type":"Polygon","coordinates":[[[44.3891605,33.3418174],[44.3891075,33.3418588],[44.3890441,33.3418588],[44.3890396,33.3418556],[44.3891202,33.3417878],[44.3891605,33.3418174]]]}},{"type":"Feature","properties":{"cid":"C0519","height_m":3.0,"floors":1,"ground_z":19.2,"area_m2":187},"geometry":{"type":"Polygon","coordinates":[[[44.3895537,33.3418448],[44.3895323,33.3418587],[44.3892628,33.3418588],[44.3893484,33.3417922],[44.389408,33.3417379],[44.3895537,33.3418448]]]}},{"type":"Feature","properties":{"cid":"C0520","height_m":3.0,"floors":1,"ground_z":18.1,"area_m2":73},"geometry":{"type":"Polygon","coordinates":[[[44.3884353,33.3411585],[44.3883327,33.3412241],[44.388294,33.3411841],[44.3883275,33.3411609],[44.3883977,33.3411126],[44.3884353,33.3411585]]]}},{"type":"Feature","properties":{"cid":"C0521","height_m":3.0,"floors":1,"ground_z":18.4,"area_m2":164},"geometry":{"type":"Polygon","coordinates":[[[44.3881773,33.3414315],[44.388099,33.341383],[44.3880306,33.3413198],[44.3880874,33.3412853],[44.388152,33.341345],[44.3882144,33.3413056],[44.3882655,33.3413623],[44.3882307,33.341387],[44.3881773,33.3414315]]]}},{"type":"Feature","properties":{"cid":"C0522","height_m":3.0,"floors":1,"ground_z":18.9,"area_m2":157},"geometry":{"type":"Polygon","coordinates":[[[44.3881797,33.341601],[44.3880694,33.3415089],[44.3881434,33.3414463],[44.3882703,33.3415236],[44.3881797,33.341601]]]}},{"type":"Feature","properties":{"cid":"C0523","height_m":3.0,"floors":1,"ground_z":15.3,"area_m2":1071},"geometry":{"type":"Polygon","coordinates":[[[44.3885495,33.3400825],[44.3886023,33.3400414],[44.3886746,33.3399851],[44.3887335,33.3400442],[44.3886768,33.3400814],[44.3887333,33.3401413],[44.3885988,33.340232],[44.3886733,33.34032],[44.3887384,33.3402931],[44.3887825,33.340342],[44.3886767,33.3404012],[44.388629,33.3403491],[44.3884713,33.34045],[44.3882772,33.3402943],[44.3883754,33.3402178],[44.3885495,33.3400825]]]}},{"type":"Feature","properties":{"cid":"C0524","height_m":3.0,"floors":1,"ground_z":13.0,"area_m2":86},"geometry":{"type":"Polygon","coordinates":[[[44.38809,33.3400244],[44.3882793,33.3398639],[44.3883064,33.3398861],[44.388116,33.3400454],[44.38809,33.3400244]]]}},{"type":"Feature","properties":{"cid":"C0525","height_m":3.0,"floors":1,"ground_z":16.0,"area_m2":214},"geometry":{"type":"Polygon","coordinates":[[[44.3881505,33.3405492],[44.3882911,33.3404383],[44.3883756,33.3405097],[44.3883142,33.3405544],[44.3883614,33.3406085],[44.3883143,33.340641],[44.3882639,33.3405911],[44.3882283,33.3405548],[44.3881834,33.3405833],[44.3881505,33.3405492]]]}},{"type":"Feature","properties":{"cid":"C0526","height_m":3.0,"floors":1,"ground_z":20.3,"area_m2":847},"geometry":{"type":"Polygon","coordinates":[[[44.3896027,33.3406822],[44.3896423,33.3406543],[44.3896863,33.3406233],[44.3897119,33.3406468],[44.3897419,33.3406244],[44.3898568,33.340748],[44.3894931,33.340989],[44.3893781,33.3408777],[44.3894226,33.3408468],[44.3894025,33.3408233],[44.3896027,33.3406822]]]}},{"type":"Feature","properties":{"cid":"C0527","height_m":3.0,"floors":1,"ground_z":18.4,"area_m2":809},"geometry":{"type":"Polygon","coordinates":[[[44.3912633,33.3390644],[44.3912659,33.3389927],[44.3915516,33.3388259],[44.3916046,33.3388512],[44.3915921,33.3389251],[44.3916794,33.3390322],[44.3915036,33.3391614],[44.3914454,33.3390959],[44.3913316,33.3391256],[44.3912633,33.3390644]]]}},{"type":"Feature","properties":{"cid":"C0528","height_m":3.0,"floors":1,"ground_z":16.0,"area_m2":654},"geometry":{"type":"Polygon","coordinates":[[[44.3947879,33.3376947],[44.3947488,33.337655],[44.394887,33.337556],[44.3949694,33.3376584],[44.3950923,33.3375863],[44.3951845,33.3377004],[44.3948927,33.3378274],[44.3948648,33.3377936],[44.3948466,33.3378076],[44.3947558,33.3377144],[44.3947879,33.3376947]]]}},{"type":"Feature","properties":{"cid":"C0529","height_m":3.0,"floors":1,"ground_z":17.8,"area_m2":1109},"geometry":{"type":"Polygon","coordinates":[[[44.3951893,33.3361478],[44.3950959,33.3362084],[44.3950336,33.3360634],[44.3952022,33.3359421],[44.3954876,33.3362321],[44.3952983,33.3364702],[44.3951504,33.3363793],[44.3952723,33.3362279],[44.3951893,33.3361478]]]}},{"type":"Feature","properties":{"cid":"C0530","height_m":30.0,"floors":9,"ground_z":16.8,"area_m2":625},"geometry":{"type":"Polygon","coordinates":[[[44.3889732,33.3328974],[44.3890031,33.3329377],[44.3890954,33.33289],[44.3890597,33.3328422],[44.3891176,33.3328121],[44.3891477,33.3328523],[44.3891824,33.3328343],[44.3892773,33.3329618],[44.3892534,33.3329742],[44.3892909,33.3330245],[44.3892156,33.3330636],[44.3891653,33.3329961],[44.3890751,33.3330429],[44.3891088,33.3330882],[44.3890481,33.3331197],[44.3890342,33.3331009],[44.3889999,33.3331187],[44.388906,33.3329925],[44.3889441,33.3329728],[44.3889118,33.3329293],[44.3889732,33.3328974]]]}},{"type":"Feature","properties":{"cid":"C0531","height_m":3.0,"floors":1,"ground_z":19.7,"area_m2":197},"geometry":{"type":"Polygon","coordinates":[[[44.3950161,33.3366668],[44.3951111,33.3366066],[44.3951585,33.3366461],[44.3951774,33.3366335],[44.3952261,33.3366666],[44.3951401,33.3367789],[44.3950966,33.3367599],[44.3950161,33.3366668]]]}},{"type":"Feature","properties":{"cid":"C0532","height_m":3.0,"floors":1,"ground_z":17.4,"area_m2":1708},"geometry":{"type":"Polygon","coordinates":[[[44.395855,33.3339659],[44.3961772,33.3342836],[44.3958964,33.3345121],[44.3955648,33.3342065],[44.395855,33.3339659]]]}},{"type":"Feature","properties":{"cid":"C0533","height_m":3.0,"floors":1,"ground_z":11.0,"area_m2":27},"geometry":{"type":"Polygon","coordinates":[[[44.3885324,33.3392575],[44.3885383,33.3392516],[44.3885457,33.3392473],[44.3885545,33.339245],[44.3885635,33.3392449],[44.3885723,33.3392467],[44.3885801,33.3392508],[44.3885863,33.3392564],[44.3885903,33.3392632],[44.3885918,33.3392708],[44.3885907,33.3392783],[44.3885871,33.3392853],[44.3885813,33.3392912],[44.3885737,33.3392954],[44.388565,33.3392978],[44.388556,33.3392979],[44.3885472,33.3392959],[44.3885394,33.339292],[44.3885332,33.3392864],[44.3885292,33.3392795],[44.3885277,33.339272],[44.3885288,33.3392645],[44.3885324,33.3392575]]]}},{"type":"Feature","properties":{"cid":"C0534","height_m":3.0,"floors":1,"ground_z":11.3,"area_m2":313},"geometry":{"type":"Polygon","coordinates":[[[44.3940889,33.3350029],[44.3941277,33.3350365],[44.3942137,33.3349668],[44.3943592,33.3350921],[44.3942424,33.3351866],[44.394058,33.3350278],[44.3940889,33.3350029]]]}},{"type":"Feature","properties":{"cid":"C0535","height_m":3.0,"floors":1,"ground_z":20.6,"area_m2":139},"geometry":{"type":"Polygon","coordinates":[[[44.3895401,33.3402782],[44.3895936,33.3403438],[44.3896647,33.3404265],[44.389601,33.3404639],[44.3895287,33.3403728],[44.3894804,33.3403119],[44.3895401,33.3402782]]]}},{"type":"Feature","properties":{"cid":"C0536","height_m":3.0,"floors":1,"ground_z":20.1,"area_m2":139},"geometry":{"type":"Polygon","coordinates":[[[44.3902297,33.3412228],[44.3901644,33.3412814],[44.3901142,33.3413266],[44.3900369,33.3412701],[44.3901322,33.3411827],[44.3902297,33.3412228]]]}},{"type":"Feature","properties":{"cid":"C0538","height_m":3.0,"floors":1,"ground_z":20.7,"area_m2":259},"geometry":{"type":"Polygon","coordinates":[[[44.3967473,33.3346265],[44.3966497,33.3347124],[44.3965868,33.3347677],[44.3964773,33.3346537],[44.3965587,33.3345842],[44.3967473,33.3346265]]]}},{"type":"Feature","properties":{"cid":"C0539","height_m":3.0,"floors":1,"ground_z":20.1,"area_m2":547},"geometry":{"type":"Polygon","coordinates":[[[44.3901832,33.3411552],[44.3901383,33.3411127],[44.3900757,33.3410175],[44.3902234,33.3408612],[44.3903929,33.3409491],[44.3903007,33.3410605],[44.3902524,33.3411776],[44.3902155,33.3411715],[44.3901832,33.3411552]]]}},{"type":"Feature","properties":{"cid":"C0540","height_m":3.0,"floors":1,"ground_z":20.8,"area_m2":530},"geometry":{"type":"Polygon","coordinates":[[[44.3972757,33.3341114],[44.3971389,33.3342979],[44.3969385,33.3341957],[44.3969977,33.3341148],[44.3970752,33.3340091],[44.3972757,33.3341114]]]}},{"type":"Feature","properties":{"cid":"C0541","height_m":3.0,"floors":1,"ground_z":16.0,"area_m2":269},"geometry":{"type":"Polygon","coordinates":[[[44.3972487,33.3393227],[44.3972943,33.3393539],[44.3973234,33.3393343],[44.3974161,33.3393898],[44.397311,33.3395238],[44.3972459,33.3394868],[44.397257,33.3394741],[44.3971711,33.339399],[44.3972487,33.3393227]]]}},{"type":"Feature","properties":{"cid":"C0542","height_m":3.0,"floors":1,"ground_z":16.5,"area_m2":1145},"geometry":{"type":"Polygon","coordinates":[[[44.3963335,33.341069],[44.3964094,33.3410891],[44.3964142,33.3410781],[44.3967035,33.3411936],[44.3966694,33.3412413],[44.3966243,33.3412233],[44.3966075,33.3412438],[44.396654,33.341263],[44.3965767,33.341371],[44.3965219,33.3413486],[44.3965031,33.3413715],[44.3965585,33.3413964],[44.3965094,33.3414652],[44.3964015,33.3414161],[44.3963745,33.3414522],[44.3961987,33.3413243],[44.396277,33.3411052],[44.3963143,33.3411172],[44.3963335,33.341069]],[[44.396516,33.3411803],[44.3965046,33.3412014],[44.3965855,33.3412342],[44.3966011,33.341214],[44.396516,33.3411803]],[[44.3962811,33.3412721],[44.3964064,33.3413283],[44.3964197,33.3413067],[44.3962921,33.3412543],[44.3962811,33.3412721]],[[44.3964955,33.3411722],[44.3964231,33.3411434],[44.396412,33.3411631],[44.3964839,33.3411928],[44.3964955,33.3411722]],[[44.3965026,33.3413409],[44.3964392,33.3413146],[44.3964249,33.3413366],[44.3964851,33.3413636],[44.3965026,33.3413409]]]}},{"type":"Feature","properties":{"cid":"C0544","height_m":3.0,"floors":1,"ground_z":14.9,"area_m2":41},"geometry":{"type":"Polygon","coordinates":[[[44.3979795,33.3389947],[44.3980129,33.3389726],[44.3980434,33.3389672],[44.3980434,33.339066],[44.3979762,33.339011],[44.3979845,33.3390029],[44.3979795,33.3389947]]]}},{"type":"Feature","properties":{"cid":"C0545","height_m":3.0,"floors":1,"ground_z":23.3,"area_m2":175},"geometry":{"type":"Polygon","coordinates":[[[44.3942308,33.3371421],[44.3943494,33.3370704],[44.3944216,33.337171],[44.394302,33.3372411],[44.3942308,33.3371421]]]}},{"type":"Feature","properties":{"cid":"C0546","height_m":3.0,"floors":1,"ground_z":17.8,"area_m2":846},"geometry":{"type":"Polygon","coordinates":[[[44.3952286,33.3370002],[44.3951858,33.3369712],[44.3952998,33.3368289],[44.3955455,33.3369956],[44.3956557,33.3370897],[44.395516,33.3372085],[44.3952743,33.3370585],[44.3952286,33.3370002]]]}},{"type":"Feature","properties":{"cid":"C0547","height_m":3.0,"floors":1,"ground_z":10.6,"area_m2":194},"geometry":{"type":"Polygon","coordinates":[[[44.3884629,33.3392607],[44.388585,33.3391872],[44.3886728,33.3392886],[44.3885508,33.3393621],[44.3884629,33.3392607]]]}},{"type":"Feature","properties":{"cid":"C0548","height_m":3.0,"floors":1,"ground_z":12.9,"area_m2":63},"geometry":{"type":"Polygon","coordinates":[[[44.3884619,33.3396141],[44.3884839,33.3395991],[44.3885039,33.3395852],[44.3885346,33.3396163],[44.3885448,33.3396265],[44.3885531,33.339635],[44.3885716,33.3396537],[44.3885898,33.3396721],[44.3885704,33.3396853],[44.3885479,33.3397009],[44.3885169,33.3396697],[44.3884619,33.3396141]]]}},{"type":"Feature","properties":{"cid":"C0549","height_m":3.0,"floors":1,"ground_z":17.5,"area_m2":213},"geometry":{"type":"Polygon","coordinates":[[[44.3881326,33.3411299],[44.3880513,33.3410386],[44.3880883,33.3410177],[44.3881353,33.341071],[44.3881868,33.3410395],[44.3883275,33.3411609],[44.388294,33.3411841],[44.3882555,33.3412103],[44.3882033,33.3411525],[44.3881697,33.3411715],[44.3881326,33.3411299]]]}},{"type":"Feature","properties":{"cid":"C0550","height_m":3.0,"floors":1,"ground_z":17.9,"area_m2":289},"geometry":{"type":"Polygon","coordinates":[[[44.3881326,33.3411299],[44.3881697,33.3411715],[44.3882033,33.3411525],[44.3882555,33.3412103],[44.3882942,33.341253],[44.3882448,33.3412861],[44.3882144,33.3413056],[44.388152,33.341345],[44.3880874,33.3412853],[44.3881098,33.3412717],[44.3880567,33.3412084],[44.3880809,33.3411922],[44.3880621,33.3411697],[44.3881326,33.3411299]]]}},{"type":"Feature","properties":{"cid":"C0551","height_m":3.0,"floors":1,"ground_z":19.1,"area_m2":171},"geometry":{"type":"Polygon","coordinates":[[[44.3879979,33.3415068],[44.3880373,33.3415361],[44.3880694,33.3415089],[44.3881797,33.341601],[44.3880911,33.3416749],[44.3880213,33.3415988],[44.387998,33.341613],[44.3879979,33.3415068]]]}},{"type":"Feature","properties":{"cid":"C0552","height_m":3.0,"floors":1,"ground_z":19.8,"area_m2":21},"geometry":{"type":"Polygon","coordinates":[[[44.3880033,33.341859],[44.388073,33.3418194],[44.3881045,33.341859],[44.3880033,33.341859]]]}},{"type":"Feature","properties":{"cid":"C0553","height_m":3.0,"floors":1,"ground_z":19.0,"area_m2":162},"geometry":{"type":"Polygon","coordinates":[[[44.3888,33.3417049],[44.3886919,33.3416401],[44.3887912,33.3415465],[44.3888514,33.3415849],[44.3888884,33.3416086],[44.3888,33.3417049]]]}},{"type":"Feature","properties":{"cid":"C0554","height_m":25.0,"floors":8,"ground_z":14.6,"area_m2":15},"geometry":{"type":"Polygon","coordinates":[[[44.3977434,33.3389232],[44.3977458,33.3389185],[44.3977496,33.3389144],[44.3977545,33.3389113],[44.3977602,33.3389095],[44.3977663,33.3389087],[44.3977724,33.3389095],[44.3977781,33.3389113],[44.397783,33.3389145],[44.3977869,33.3389186],[44.3977891,33.3389233],[44.39779,33.3389285],[44.3977891,33.3389337],[44.3977867,33.3389385],[44.3977829,33.3389425],[44.3977781,33.3389456],[44.3977724,33.3389476],[44.3977662,33.3389482],[44.3977601,33.3389476],[44.3977544,33.3389455],[44.3977495,33.3389424],[44.3977457,33.3389383],[44.3977434,33.3389336],[44.3977426,33.3389284],[44.3977434,33.3389232]]]}},{"type":"Feature","properties":{"cid":"C0555","height_m":3.0,"floors":1,"ground_z":15.5,"area_m2":151},"geometry":{"type":"Polygon","coordinates":[[[44.3972793,33.3392732],[44.3972591,33.3392527],[44.397353,33.3391825],[44.3974334,33.3392537],[44.3973953,33.3393008],[44.3973787,33.3393347],[44.3972644,33.339289],[44.3972793,33.3392732]]]}},{"type":"Feature","properties":{"cid":"C0556","height_m":3.0,"floors":1,"ground_z":16.8,"area_m2":17},"geometry":{"type":"Polygon","coordinates":[[[44.3979989,33.3377517],[44.3980431,33.3377171],[44.3980431,33.337791],[44.3979989,33.3377517]]]}},{"type":"Feature","properties":{"cid":"C0557","height_m":3.0,"floors":1,"ground_z":18.1,"area_m2":227},"geometry":{"type":"Polygon","coordinates":[[[44.3979439,33.3347711],[44.3978257,33.3346577],[44.3979368,33.334577],[44.3980424,33.3346782],[44.3980424,33.3346995],[44.3979439,33.3347711]]]}},{"type":"Feature","properties":{"cid":"C0558","height_m":3.0,"floors":1,"ground_z":15.3,"area_m2":125},"geometry":{"type":"Polygon","coordinates":[[[44.3958876,33.3394895],[44.3958854,33.3394717],[44.3958899,33.3394542],[44.3959007,33.3394387],[44.3959167,33.3394267],[44.3959364,33.3394195],[44.3959601,33.3394179],[44.3959831,33.339423],[44.3960025,33.3394345],[44.3960162,33.3394508],[44.3960223,33.33947],[44.3960201,33.3394897],[44.3960101,33.3395077],[44.3959933,33.3395218],[44.3959716,33.3395301],[44.3959503,33.339532],[44.3959293,33.3395282],[44.3959106,33.3395193],[44.3958964,33.3395059],[44.3958876,33.3394895]]]}},{"type":"Feature","properties":{"cid":"C0559","height_m":3.0,"floors":1,"ground_z":15.9,"area_m2":101},"geometry":{"type":"Polygon","coordinates":[[[44.3975252,33.3392953],[44.3974644,33.3393684],[44.3973852,33.3393426],[44.3973999,33.3393078],[44.3974528,33.3392382],[44.3975252,33.3392953]]]}},{"type":"Feature","properties":{"cid":"C0560","height_m":3.0,"floors":1,"ground_z":15.2,"area_m2":259},"geometry":{"type":"Polygon","coordinates":[[[44.3978025,33.3391908],[44.3977351,33.3391018],[44.3977306,33.339096],[44.3977645,33.3390687],[44.3978573,33.3390491],[44.3979789,33.3392495],[44.3979162,33.3392779],[44.3978378,33.3391832],[44.3978025,33.3391908]]]}},{"type":"Feature","properties":{"cid":"C0561","height_m":3.0,"floors":1,"ground_z":16.8,"area_m2":26},"geometry":{"type":"Polygon","coordinates":[[[44.3980053,33.3393707],[44.3980435,33.3393378],[44.3980435,33.3394293],[44.3979887,33.3393849],[44.3980053,33.3393707]]]}},{"type":"Feature","properties":{"cid":"C0563","height_m":1.8,"floors":1,"ground_z":34.8,"area_m2":29},"geometry":{"type":"Polygon","coordinates":[[[44.3925967,33.3386574],[44.3926009,33.3386547],[44.3926973,33.338591],[44.3927015,33.3385883],[44.39271,33.3385827],[44.3927232,33.3385968],[44.3927148,33.3386024],[44.3927107,33.3386052],[44.3926143,33.3386688],[44.3926101,33.3386717],[44.3926017,33.3386771],[44.3925883,33.338663],[44.3925967,33.3386574]]]}},{"type":"Feature","properties":{"cid":"C0564","height_m":3.0,"floors":1,"ground_z":19.9,"area_m2":41},"geometry":{"type":"Polygon","coordinates":[[[44.3900425,33.3417635],[44.3900176,33.3417803],[44.3900044,33.3417844],[44.3899414,33.3417222],[44.3899767,33.3416947],[44.3900425,33.3417635]]]}},{"type":"Feature","properties":{"cid":"C0565","height_m":3.0,"floors":1,"ground_z":19.4,"area_m2":116},"geometry":{"type":"Polygon","coordinates":[[[44.3894679,33.3417519],[44.3895731,33.3416581],[44.3896416,33.3417074],[44.3895303,33.3417984],[44.3894679,33.3417519]]]}},{"type":"Feature","properties":{"cid":"C0566","height_m":3.0,"floors":1,"ground_z":19.1,"area_m2":24},"geometry":{"type":"Polygon","coordinates":[[[44.3891075,33.3418588],[44.3891605,33.3418174],[44.3892176,33.3418588],[44.3891075,33.3418588]]]}},{"type":"Feature","properties":{"cid":"C0567","height_m":3.0,"floors":1,"ground_z":19.3,"area_m2":64},"geometry":{"type":"Polygon","coordinates":[[[44.3891703,33.3414412],[44.3892487,33.3414812],[44.3892085,33.341548],[44.3891397,33.3414993],[44.3891703,33.3414412]]]}},{"type":"Feature","properties":{"cid":"C0568","height_m":3.0,"floors":1,"ground_z":19.8,"area_m2":122},"geometry":{"type":"Polygon","coordinates":[[[44.3897477,33.34167],[44.3898618,33.3415725],[44.3899208,33.3416364],[44.3898156,33.3417187],[44.3897477,33.34167]]]}},{"type":"Feature","properties":{"cid":"C0569","height_m":3.0,"floors":1,"ground_z":20.2,"area_m2":123},"geometry":{"type":"Polygon","coordinates":[[[44.3898491,33.3413091],[44.3899386,33.341222],[44.3900041,33.341269],[44.3899939,33.3412948],[44.3899718,33.3413239],[44.3899638,33.3413586],[44.3899436,33.3413463],[44.3899255,33.3413654],[44.3898491,33.3413091]]]}},{"type":"Feature","properties":{"cid":"C0570","height_m":3.0,"floors":1,"ground_z":19.8,"area_m2":305},"geometry":{"type":"Polygon","coordinates":[[[44.3893327,33.3413386],[44.3895365,33.3411736],[44.3895858,33.3412142],[44.3896301,33.3411812],[44.3896683,33.3412143],[44.3894945,33.3413582],[44.3894577,33.3413296],[44.3893872,33.3413895],[44.3893327,33.3413386]]]}},{"type":"Feature","properties":{"cid":"C0571","height_m":3.0,"floors":1,"ground_z":20.1,"area_m2":172},"geometry":{"type":"Polygon","coordinates":[[[44.3899363,33.3414773],[44.3897794,33.3413778],[44.3898491,33.3413091],[44.3899255,33.3413654],[44.3899436,33.3413463],[44.3899638,33.3413586],[44.3899685,33.3413742],[44.3899617,33.3413961],[44.3899597,33.3414101],[44.3899625,33.3414347],[44.3899664,33.3414555],[44.3899363,33.3414773]]]}},{"type":"Feature","properties":{"cid":"C0572","height_m":3.0,"floors":1,"ground_z":19.5,"area_m2":65},"geometry":{"type":"Polygon","coordinates":[[[44.3893032,33.3415089],[44.3893273,33.3414396],[44.3893768,33.3414877],[44.3893974,33.3415075],[44.3893502,33.3415602],[44.389294,33.3415241],[44.3893032,33.3415089]]]}},{"type":"Feature","properties":{"cid":"C0573","height_m":3.0,"floors":1,"ground_z":18.9,"area_m2":57},"geometry":{"type":"Polygon","coordinates":[[[44.3884213,33.3416025],[44.3883682,33.3415655],[44.388407,33.3415282],[44.388418,33.341536],[44.3884602,33.3415029],[44.3884864,33.3415231],[44.3884629,33.3415433],[44.3884756,33.3415549],[44.3884213,33.3416025]]]}},{"type":"Feature","properties":{"cid":"C0574","height_m":3.0,"floors":1,"ground_z":19.8,"area_m2":36},"geometry":{"type":"Polygon","coordinates":[[[44.3880683,33.3417634],[44.3880649,33.3417472],[44.3880904,33.3417124],[44.3881425,33.3417603],[44.3880978,33.3417987],[44.3880683,33.3417634]]]}},{"type":"Feature","properties":{"cid":"C0575","height_m":3.0,"floors":1,"ground_z":17.8,"area_m2":9},"geometry":{"type":"Polygon","coordinates":[[[44.3879978,33.3411358],[44.3880292,33.3411731],[44.3879978,33.3411904],[44.3879978,33.3411358]]]}},{"type":"Feature","properties":{"cid":"C0576","height_m":3.0,"floors":1,"ground_z":18.4,"area_m2":105},"geometry":{"type":"Polygon","coordinates":[[[44.3885991,33.3411634],[44.388677,33.3412379],[44.3886005,33.3412956],[44.3885232,33.3412239],[44.3885991,33.3411634]]]}},{"type":"Feature","properties":{"cid":"C0577","height_m":3.0,"floors":1,"ground_z":18.8,"area_m2":260},"geometry":{"type":"Polygon","coordinates":[[[44.3885696,33.3414922],[44.3886394,33.3414311],[44.3886615,33.3414486],[44.3887172,33.3414927],[44.3886885,33.3415179],[44.3887496,33.341565],[44.3886724,33.3416339],[44.3886488,33.3416485],[44.3885869,33.341599],[44.3886059,33.3415818],[44.3885092,33.3415056],[44.3885408,33.3414749],[44.3885696,33.3414922]]]}},{"type":"Feature","properties":{"cid":"C0578","height_m":3.0,"floors":1,"ground_z":19.2,"area_m2":156},"geometry":{"type":"Polygon","coordinates":[[[44.3891005,33.3405105],[44.3893043,33.3403866],[44.3893492,33.3404334],[44.3891441,33.3405582],[44.3891005,33.3405105]]]}},{"type":"Feature","properties":{"cid":"C0579","height_m":3.0,"floors":1,"ground_z":19.2,"area_m2":164},"geometry":{"type":"Polygon","coordinates":[[[44.3894458,33.3399894],[44.3894284,33.34],[44.3894196,33.3400163],[44.3893995,33.3400292],[44.3892958,33.3398972],[44.3893845,33.339832],[44.3894647,33.3399804],[44.3894458,33.3399894]]]}},{"type":"Feature","properties":{"cid":"C0580","height_m":3.0,"floors":1,"ground_z":20.2,"area_m2":2093},"geometry":{"type":"Polygon","coordinates":[[[44.389632,33.3400769],[44.389646,33.3400932],[44.3896599,33.3401096],[44.3898019,33.3400257],[44.3899925,33.3402501],[44.3900747,33.3403468],[44.3900246,33.3403753],[44.3900096,33.3403549],[44.3899536,33.3403904],[44.3900579,33.340517],[44.3901111,33.3404861],[44.3900872,33.3404575],[44.3901417,33.3404258],[44.3902268,33.3405258],[44.3898568,33.340748],[44.3897419,33.3406244],[44.3898082,33.3405869],[44.3899342,33.3405156],[44.3898987,33.3404711],[44.3899529,33.3404437],[44.3898598,33.3403436],[44.3899522,33.3402892],[44.3899421,33.3402789],[44.3899302,33.3402661],[44.3897004,33.3404054],[44.3896272,33.3403226],[44.3895936,33.3403438],[44.3895401,33.3402782],[44.3894874,33.3402134],[44.389421,33.3401383],[44.3894594,33.3401162],[44.3896674,33.3399956],[44.3897403,33.3399532],[44.3897741,33.3399929],[44.389632,33.3400769]],[[44.3896508,33.3402666],[44.3897196,33.3403446],[44.3897836,33.3403053],[44.3897479,33.3402646],[44.3897315,33.3402747],[44.3896786,33.3402146],[44.3895926,33.3402673],[44.3896127,33.34029],[44.3896508,33.3402666]]]}},{"type":"Feature","properties":{"cid":"C0581","height_m":3.0,"floors":1,"ground_z":17.2,"area_m2":56},"geometry":{"type":"Polygon","coordinates":[[[44.3887384,33.3402931],[44.3888091,33.3402513],[44.3888551,33.3403014],[44.3887825,33.340342],[44.3887384,33.3402931]]]}},{"type":"Feature","properties":{"cid":"C0582","height_m":3.0,"floors":1,"ground_z":16.1,"area_m2":152},"geometry":{"type":"Polygon","coordinates":[[[44.3887333,33.3401413],[44.3886768,33.3400814],[44.3887335,33.3400442],[44.3888793,33.3401906],[44.3888272,33.3402405],[44.3887333,33.3401413]]]}},{"type":"Feature","properties":{"cid":"C0583","height_m":3.0,"floors":1,"ground_z":13.9,"area_m2":1163},"geometry":{"type":"Polygon","coordinates":[[[44.3885246,33.3397676],[44.3886672,33.3396683],[44.3887429,33.3396194],[44.3889017,33.3395245],[44.3891056,33.339409],[44.3891358,33.3394405],[44.3892004,33.339508],[44.3890646,33.339586],[44.3890816,33.3396121],[44.3889033,33.3397072],[44.3888259,33.3396133],[44.3887895,33.3396364],[44.3887096,33.3396898],[44.3888457,33.3398467],[44.3888839,33.3398854],[44.3887866,33.3399385],[44.3888246,33.3399867],[44.3888057,33.3399957],[44.3887395,33.3399296],[44.3887072,33.3399572],[44.3885678,33.3398112],[44.3885515,33.3397947],[44.3885246,33.3397676]]]}},{"type":"Feature","properties":{"cid":"C0584","height_m":3.0,"floors":1,"ground_z":19.0,"area_m2":77},"geometry":{"type":"Polygon","coordinates":[[[44.3888598,33.3418588],[44.3887953,33.3418058],[44.3888295,33.3417598],[44.3889437,33.3418364],[44.3889142,33.3418588],[44.3888598,33.3418588]]]}},{"type":"Feature","properties":{"cid":"C0585","height_m":3.0,"floors":1,"ground_z":18.4,"area_m2":199},"geometry":{"type":"Polygon","coordinates":[[[44.3887642,33.3407319],[44.3889014,33.3406422],[44.3889516,33.3406957],[44.3889808,33.3406767],[44.389007,33.3407045],[44.3888406,33.3408132],[44.3887642,33.3407319]]]}},{"type":"Feature","properties":{"cid":"C0586","height_m":3.0,"floors":1,"ground_z":16.9,"area_m2":292},"geometry":{"type":"Polygon","coordinates":[[[44.3883143,33.340641],[44.3883614,33.3406085],[44.3883972,33.3406455],[44.3884729,33.3405921],[44.3885856,33.3406874],[44.3884607,33.3407603],[44.3884244,33.3407261],[44.3883747,33.3407563],[44.3882921,33.3406768],[44.38828,33.3406651],[44.3883143,33.340641]]]}},{"type":"Feature","properties":{"cid":"C0587","height_m":3.0,"floors":1,"ground_z":21.1,"area_m2":327},"geometry":{"type":"Polygon","coordinates":[[[44.3916113,33.3417873],[44.3916506,33.3417517],[44.3917002,33.3417432],[44.3918916,33.3417787],[44.3920233,33.3418372],[44.3919894,33.3418582],[44.3916725,33.3418583],[44.3916113,33.3417873]]]}},{"type":"Feature","properties":{"cid":"C0588","height_m":3.0,"floors":1,"ground_z":20.9,"area_m2":3857},"geometry":{"type":"Polygon","coordinates":[[[44.3906816,33.3406328],[44.3899386,33.3397593],[44.3902234,33.3395905],[44.3909664,33.340464],[44.3906816,33.3406328]]]}},{"type":"Feature","properties":{"cid":"C0589","height_m":3.0,"floors":1,"ground_z":19.0,"area_m2":105},"geometry":{"type":"Polygon","coordinates":[[[44.3891176,33.3406476],[44.3890315,33.3405551],[44.3891005,33.3405105],[44.3891441,33.3405582],[44.3891854,33.3406034],[44.3891176,33.3406476]]]}},{"type":"Feature","properties":{"cid":"C0590","height_m":3.0,"floors":1,"ground_z":19.2,"area_m2":124},"geometry":{"type":"Polygon","coordinates":[[[44.3890546,33.3411618],[44.389139,33.3412498],[44.3890604,33.3413064],[44.3889718,33.3412205],[44.3890546,33.3411618]]]}},{"type":"Feature","properties":{"cid":"C0591","height_m":3.0,"floors":1,"ground_z":20.6,"area_m2":57},"geometry":{"type":"Polygon","coordinates":[[[44.3895588,33.3409889],[44.3896274,33.3409453],[44.3896714,33.3409882],[44.3896128,33.3410438],[44.3895588,33.3409889]]]}},{"type":"Feature","properties":{"cid":"C0592","height_m":3.0,"floors":1,"ground_z":20.3,"area_m2":129},"geometry":{"type":"Polygon","coordinates":[[[44.3897778,33.3412578],[44.389861,33.3411536],[44.3899107,33.3411811],[44.3899026,33.3411962],[44.3899188,33.3412078],[44.3899386,33.341222],[44.3898491,33.3413091],[44.3897778,33.3412578]]]}}]}
