{"type": "FeatureCollection", "features": [{"type": "Feature", "properties": {"osm": 82995057, "name": "مبنى القشلة", "building": "yes", "historic": "archaeological_site"}, "geometry": {"type": "Polygon", "coordinates": [[[44.3873461, 33.3398929], [44.3874475, 33.3397822], [44.3875433, 33.3398467], [44.3877294, 33.3399723], [44.3879518, 33.3401217], [44.3876943, 33.3403933], [44.386667, 33.3414765], [44.3865982, 33.3414066], [44.3866264, 33.3413909], [44.3865582, 33.3413239], [44.3867642, 33.3411071], [44.3871732, 33.3406767], [44.3875755, 33.3402533], [44.3876953, 33.3401273], [44.3873461, 33.3398929]]]}}, {"type": "Feature", "properties": {"osm": 83204465, "name": "السوق العربي", "building": "yes", "amenity": "marketplace"}, "geometry": {"type": "Polygon", "coordinates": [[[44.3954884, 33.3392773], [44.3956025, 33.3392016], [44.3957604, 33.339097], [44.3958653, 33.3390276], [44.3955611, 33.3387071], [44.3952356, 33.3383643], [44.3949175, 33.3380292], [44.3946225, 33.3377184], [44.3945127, 33.3377912], [44.39435, 33.3378989], [44.3942456, 33.3379681], [44.3945439, 33.3382824], [44.394864, 33.3386195], [44.3951843, 33.3389569], [44.3954884, 33.3392773]]]}}, {"type": "Feature", "properties": {"osm": 828975633, "name": "كنيسة السيدة العذراء للاباء الكرملين", "building": "yes", "amenity": "place_of_worship"}, "geometry": {"type": "Polygon", "coordinates": [[[44.3963958, 33.3392256], [44.3968008, 33.3389074], [44.3966686, 33.3388093], [44.396391, 33.3386034], [44.3963112, 33.3385672], [44.3961564, 33.3385029], [44.3958926, 33.3387518], [44.3963958, 33.3392256]]]}}, {"type": "Feature", "properties": {"osm": 878549945, "building": "yes", "amenity": "parking"}, "geometry": {"type": "Polygon", "coordinates": [[[44.390683, 33.3406326], [44.3909676, 33.3404639], [44.3902257, 33.33959], [44.3899411, 33.3397587], [44.390683, 33.3406326]]]}}, {"type": "Feature", "properties": {"osm": 888025770, "building": "yes"}, "geometry": {"type": "Polygon", "coordinates": [[[44.3917258, 33.3429758], [44.3919085, 33.3428203], [44.3917702, 33.3427647], [44.3916755, 33.3428474], [44.3916575, 33.3428631], [44.3917258, 33.3429758]]]}}, {"type": "Feature", "properties": {"osm": 888025772, "building": "commercial"}, "geometry": {"type": "Polygon", "coordinates": [[[44.3919023, 33.3425292], [44.391917, 33.3423967], [44.3918174, 33.342262], [44.3917103, 33.3423173], [44.3917753, 33.3424053], [44.3917628, 33.3425184], [44.3919023, 33.3425292]]]}}, {"type": "Feature", "properties": {"osm": 888025773, "building": "yes"}, "geometry": {"type": "Polygon", "coordinates": [[[44.3920879, 33.3422624], [44.3919666, 33.3421386], [44.39204, 33.3420901], [44.3920274, 33.3420748], [44.3918966, 33.341916], [44.3920229, 33.3418376], [44.3924788, 33.3422612], [44.3924019, 33.3422798], [44.3922927, 33.3422954], [44.3922545, 33.3422821], [44.3922575, 33.3423078], [44.39225, 33.3423329], [44.392233, 33.3423544], [44.3922083, 33.34237], [44.3921802, 33.3423777], [44.3921506, 33.3423775], [44.3921227, 33.3423695], [44.3920993, 33.3423544], [44.3920828, 33.3423338], [44.3920751, 33.34231], [44.3920768, 33.3422853], [44.3920879, 33.3422624]]]}}, {"type": "Feature", "properties": {"osm": 888025774, "building": "yes"}, "geometry": {"type": "Polygon", "coordinates": [[[44.3916114, 33.3417877], [44.3917822, 33.3419859], [44.391801, 33.3419744], [44.3918966, 33.341916], [44.3920229, 33.3418376], [44.3918914, 33.3417791], [44.3917002, 33.3417435], [44.3916507, 33.341752], [44.3916114, 33.3417877]]]}}, {"type": "Feature", "properties": {"osm": 888025775, "name": "مطعم المتنبي", "building": "yes", "amenity": "restaurant"}, "geometry": {"type": "Polygon", "coordinates": [[[44.3917315, 33.3421562], [44.3918237, 33.3422522], [44.3917007, 33.3423207], [44.3916643, 33.3423349], [44.3916416, 33.3423131], [44.3916404, 33.3422047], [44.3917315, 33.3421562]]]}}, {"type": "Feature", "properties": {"osm": 902166312, "building": "yes"}, "geometry": {"type": "Polygon", "coordinates": [[[44.3999182, 33.3360504], [44.399957, 33.3360976], [44.3999203, 33.3364637], [44.3998771, 33.3364601], [44.3998697, 33.3365326], [44.3997074, 33.3363938], [44.3998276, 33.3360576], [44.3999182, 33.3360504]]]}}, {"type": "Feature", "properties": {"osm": 902166313, "building": "yes"}, "geometry": {"type": "Polygon", "coordinates": [[[44.3998697, 33.3365326], [44.3996875, 33.3366812], [44.3995252, 33.3365424], [44.3997074, 33.3363938], [44.3998697, 33.3365326]]]}}, {"type": "Feature", "properties": {"osm": 902166314, "building": "yes"}, "geometry": {"type": "Polygon", "coordinates": [[[44.3996875, 33.3366812], [44.399556, 33.3367884], [44.3993938, 33.3366496], [44.3995252, 33.3365424], [44.3996875, 33.3366812]]]}}, {"type": "Feature", "properties": {"osm": 902166315, "building": "yes"}, "geometry": {"type": "Polygon", "coordinates": [[[44.3994319, 33.3369021], [44.399133, 33.3371334], [44.398948, 33.3369666], [44.3992468, 33.3367352], [44.3994319, 33.3369021]]]}}, {"type": "Feature", "properties": {"osm": 902166316, "building": "yes"}, "geometry": {"type": "Polygon", "coordinates": [[[44.3990739, 33.3371129], [44.39899, 33.3371789], [44.3988586, 33.3370623], [44.3989424, 33.3369964], [44.3990739, 33.3371129]]]}}, {"type": "Feature", "properties": {"osm": 902166317, "building": "yes"}, "geometry": {"type": "Polygon", "coordinates": [[[44.3987791, 33.3371212], [44.3989289, 33.3372547], [44.3988718, 33.3372994], [44.3988905, 33.3373161], [44.3985306, 33.337598], [44.398362, 33.3374478], [44.3987791, 33.3371212]]]}}, {"type": "Feature", "properties": {"osm": 902166318, "building": "yes"}, "geometry": {"type": "Polygon", "coordinates": [[[44.3985306, 33.337598], [44.3984257, 33.3376801], [44.3982665, 33.3375382], [44.3982572, 33.3375299], [44.398362, 33.3374478], [44.3985306, 33.337598]]]}}, {"type": "Feature", "properties": {"osm": 902166319, "building": "yes"}, "geometry": {"type": "Polygon", "coordinates": [[[44.3984257, 33.3376801], [44.3982475, 33.3378197], [44.3980883, 33.3376778], [44.3982665, 33.3375382], [44.3984257, 33.3376801]]]}}, {"type": "Feature", "properties": {"osm": 902166320, "building": "yes"}, "geometry": {"type": "Polygon", "coordinates": [[[44.3982475, 33.3378197], [44.3981524, 33.3378941], [44.3979932, 33.3377522], [44.3980883, 33.3376778], [44.3982475, 33.3378197]]]}}, {"type": "Feature", "properties": {"osm": 902166321, "building": "yes"}, "geometry": {"type": "Polygon", "coordinates": [[[44.3981524, 33.3378941], [44.3979452, 33.3380565], [44.3979394, 33.3380513], [44.3977859, 33.3379145], [44.3979932, 33.3377522], [44.3981524, 33.3378941]]]}}, {"type": "Feature", "properties": {"osm": 902166322, "building": "yes"}, "geometry": {"type": "Polygon", "coordinates": [[[44.3979394, 33.3380513], [44.3978377, 33.3381309], [44.3976843, 33.3379941], [44.3977859, 33.3379145], [44.3979394, 33.3380513]]]}}, {"type": "Feature", "properties": {"osm": 902166323, "building": "yes"}, "geometry": {"type": "Polygon", "coordinates": [[[44.3978377, 33.3381309], [44.3977625, 33.3381898], [44.3977497, 33.3381784], [44.397609, 33.3380531], [44.3976843, 33.3379941], [44.3978377, 33.3381309]]]}}, {"type": "Feature", "properties": {"osm": 902166324, "building": "yes"}, "geometry": {"type": "Polygon", "coordinates": [[[44.3977497, 33.3381784], [44.3976781, 33.3382345], [44.3976543, 33.3382132], [44.3975921, 33.3382619], [44.3974753, 33.3381578], [44.397609, 33.3380531], [44.3977497, 33.3381784]]]}}, {"type": "Feature", "properties": {"osm": 902166325, "name": "شركة اوتاد الطاقة", "building": "business"}, "geometry": {"type": "Polygon", "coordinates": [[[44.3973944, 33.3382024], [44.3975328, 33.3383257], [44.3974811, 33.3383662], [44.397506, 33.3383884], [44.3974313, 33.3384469], [44.397268, 33.3383015], [44.3973944, 33.3382024]]]}}, {"type": "Feature", "properties": {"osm": 902166326, "building": "yes"}, "geometry": {"type": "Polygon", "coordinates": [[[44.3957298, 33.3397377], [44.3957191, 33.339849], [44.394865, 33.3405165], [44.394706, 33.340383], [44.3955699, 33.3397184], [44.3957298, 33.3397377]]]}}, {"type": "Feature", "properties": {"osm": 902166327, "building": "yes"}, "geometry": {"type": "Polygon", "coordinates": [[[44.3945914, 33.3405047], [44.3947106, 33.340607], [44.3946595, 33.3406486], [44.394701, 33.3406841], [44.3944497, 33.3408884], [44.3944234, 33.3408682], [44.394289, 33.3407505], [44.3945914, 33.3405047]]]}}, {"type": "Feature", "properties": {"osm": 902166328, "building": "yes"}, "geometry": {"type": "Polygon", "coordinates": [[[44.3944234, 33.3408682], [44.3943108, 33.340961], [44.3943044, 33.3409532], [44.3941418, 33.3408123], [44.3942541, 33.3407249], [44.3944234, 33.3408682]]]}}, {"type": "Feature", "properties": {"osm": 902166329, "building": "yes"}, "geometry": {"type": "Polygon", "coordinates": [[[44.3943044, 33.3409532], [44.3941719, 33.3410535], [44.3940169, 33.3409244], [44.3941418, 33.3408123], [44.3943044, 33.3409532]]]}}, {"type": "Feature", "properties": {"osm": 902166337, "building": "yes"}, "geometry": {"type": "Polygon", "coordinates": [[[44.3941719, 33.3410535], [44.3940386, 33.3411644], [44.3938845, 33.3410362], [44.3940169, 33.3409244], [44.3941719, 33.3410535]]]}}, {"type": "Feature", "properties": {"osm": 902166338, "building": "yes"}, "geometry": {"type": "Polygon", "coordinates": [[[44.3940386, 33.3411644], [44.3939163, 33.341267], [44.3939041, 33.3412592], [44.3937622, 33.3411401], [44.3938845, 33.3410362], [44.3940386, 33.3411644]]]}}, {"type": "Feature", "properties": {"osm": 902166339, "building": "yes"}, "geometry": {"type": "Polygon", "coordinates": [[[44.3939041, 33.3412592], [44.3937933, 33.3413475], [44.393656, 33.3412258], [44.3937622, 33.3411401], [44.3939041, 33.3412592]]]}}, {"type": "Feature", "properties": {"osm": 902166340, "building": "yes"}, "geometry": {"type": "Polygon", "coordinates": [[[44.3937933, 33.3413475], [44.3935339, 33.3415518], [44.3934896, 33.3415126], [44.3934416, 33.3415504], [44.3933485, 33.3414679], [44.393656, 33.3412258], [44.3937933, 33.3413475]]]}}, {"type": "Feature", "properties": {"osm": 902166341, "building": "yes"}, "geometry": {"type": "Polygon", "coordinates": [[[44.3932846, 33.341537], [44.3934028, 33.3416449], [44.3933465, 33.341688], [44.39338, 33.3417186], [44.3930445, 33.3419779], [44.3928892, 33.3418432], [44.3932846, 33.341537]]]}}, {"type": "Feature", "properties": {"osm": 902166342, "building": "yes"}, "geometry": {"type": "Polygon", "coordinates": [[[44.3930445, 33.3419779], [44.3929277, 33.3420718], [44.3927724, 33.3419408], [44.3928892, 33.3418432], [44.3930445, 33.3419779]]]}}, {"type": "Feature", "properties": {"osm": 902166343, "building": "yes"}, "geometry": {"type": "Polygon", "coordinates": [[[44.3929277, 33.3420718], [44.3928026, 33.3421754], [44.3927927, 33.3421683], [44.3926466, 33.3420449], [44.3927724, 33.3419408], [44.3929277, 33.3420718]]]}}, {"type": "Feature", "properties": {"osm": 902166344, "building": "yes"}, "geometry": {"type": "Polygon", "coordinates": [[[44.3927927, 33.3421683], [44.3926446, 33.3422907], [44.3924882, 33.3421586], [44.3926362, 33.3420362], [44.3926466, 33.3420449], [44.3927927, 33.3421683]]]}}, {"type": "Feature", "properties": {"osm": 902166353, "building": "yes"}, "geometry": {"type": "Polygon", "coordinates": [[[44.4000457, 33.3359317], [44.4001356, 33.3360124], [44.4004751, 33.3360096], [44.4005552, 33.3359559], [44.4004247, 33.3358611], [44.4003619, 33.3358761], [44.4001589, 33.3358928], [44.4001089, 33.3358789], [44.4000457, 33.3359317]]]}}, {"type": "Feature", "properties": {"osm": 902166354, "building": "yes"}, "geometry": {"type": "Polygon", "coordinates": [[[44.4005552, 33.3359559], [44.4006978, 33.3358621], [44.4005458, 33.3357482], [44.4004247, 33.3358611], [44.4005552, 33.3359559]]]}}, {"type": "Feature", "properties": {"osm": 902166355, "building": "yes"}, "geometry": {"type": "Polygon", "coordinates": [[[44.4006978, 33.3358621], [44.4012674, 33.3353866], [44.4012009, 33.3352837], [44.4011676, 33.3352559], [44.4005458, 33.3357482], [44.4006978, 33.3358621]]]}}, {"type": "Feature", "properties": {"osm": 902544483, "building": "yes"}, "geometry": {"type": "Polygon", "coordinates": [[[44.3956635, 33.3361472], [44.3955881, 33.3361028], [44.395523, 33.3360613], [44.3954801, 33.3360198], [44.395451, 33.3359726], [44.395439, 33.3359167], [44.3954442, 33.3358523], [44.3954716, 33.3357865], [44.3955127, 33.3357392], [44.3955709, 33.3356992], [44.3956292, 33.3356734], [44.3956994, 33.3356662], [44.3957731, 33.3356734], [44.3958519, 33.3356934], [44.395905, 33.3357221], [44.3959736, 33.3357607], [44.3959139, 33.3358352], [44.3958725, 33.3358094], [44.3958142, 33.3357765], [44.3957577, 33.3357536], [44.3956994, 33.3357493], [44.3956292, 33.3357664], [44.3955812, 33.3358008], [44.3955521, 33.3358423], [44.3955401, 33.3358809], [44.3955435, 33.3359253], [44.3955607, 33.3359697], [44.3956001, 33.3360055], [44.3956532, 33.3360398], [44.395721, 33.3360756], [44.3956635, 33.3361472]]]}}, {"type": "Feature", "properties": {"osm": 902544485, "building": "yes"}, "geometry": {"type": "Polygon", "coordinates": [[[44.3952, 33.3359417], [44.395485, 33.3362318], [44.3952959, 33.3364699], [44.3951482, 33.336379], [44.39527, 33.3362275], [44.3951871, 33.3361474], [44.3950938, 33.336208], [44.3950316, 33.336063], [44.3952, 33.3359417]]]}}, {"type": "Feature", "properties": {"osm": 902544486, "building": "yes"}, "geometry": {"type": "Polygon", "coordinates": [[[44.3952829, 33.3365565], [44.3952207, 33.3365998], [44.3951793, 33.3365868], [44.3950653, 33.3365002], [44.394871, 33.3360392], [44.3950834, 33.3358443], [44.3951456, 33.3359049], [44.3949876, 33.336063], [44.3951508, 33.3364461], [44.3952829, 33.3365565]]]}}, {"type": "Feature", "properties": {"osm": 902544488, "building": "yes"}, "geometry": {"type": "Polygon", "coordinates": [[[44.3952237, 33.3366664], [44.3951377, 33.3367787], [44.3950943, 33.3367597], [44.3950139, 33.3366666], [44.3951088, 33.3366063], [44.3951562, 33.3366459], [44.395175, 33.3366333], [44.3952237, 33.3366664]]]}}, {"type": "Feature", "properties": {"osm": 902544489, "building": "yes"}, "geometry": {"type": "Polygon", "coordinates": [[[44.3950345, 33.3367459], [44.3950861, 33.3367838], [44.3951191, 33.3367976], [44.3949354, 33.337008], [44.3947724, 33.3368856], [44.3950345, 33.3367459]]]}}, {"type": "Feature", "properties": {"osm": 902544490, "building": "yes", "amenity": "bank"}, "geometry": {"type": "Polygon", "coordinates": [[[44.3940616, 33.3373241], [44.3943285, 33.3376123], [44.3939809, 33.3378369], [44.393714, 33.3375487], [44.3940616, 33.3373241]]]}}, {"type": "Feature", "properties": {"osm": 902544491, "building": "yes", "amenity": "bank"}, "geometry": {"type": "Polygon", "coordinates": [[[44.3936014, 33.3376134], [44.393929, 33.3379813], [44.3939448, 33.3380163], [44.3937246, 33.3382353], [44.3936827, 33.338244], [44.3936381, 33.3382375], [44.3936093, 33.3382178], [44.3932528, 33.3378039], [44.3936014, 33.3376134]]]}}, {"type": "Feature", "properties": {"osm": 902544492, "building": "yes", "amenity": "bank"}, "geometry": {"type": "Polygon", "coordinates": [[[44.3931277, 33.3379931], [44.3934709, 33.3383847], [44.3934939, 33.3384253], [44.393499, 33.3384703], [44.3934862, 33.3385024], [44.3934606, 33.3385452], [44.3931738, 33.3387313], [44.3931277, 33.3387441], [44.3930944, 33.3387463], [44.393056, 33.3387377], [44.3930252, 33.3387227], [44.392636, 33.3382478], [44.3931277, 33.3379931]]]}}, {"type": "Feature", "properties": {"osm": 902544493, "building": "yes"}, "geometry": {"type": "Polygon", "coordinates": [[[44.3948925, 33.337043], [44.3948351, 33.337104], [44.3947242, 33.3370209], [44.3947853, 33.3369499], [44.3948745, 33.3370174], [44.3948925, 33.337043]]]}}, {"type": "Feature", "properties": {"osm": 902544495, "building": "yes"}, "geometry": {"type": "Polygon", "coordinates": [[[44.3947445, 33.3371607], [44.3947242, 33.3371845], [44.3947511, 33.3372053], [44.394691, 33.3372763], [44.394634, 33.3372434], [44.3945832, 33.337233], [44.3945677, 33.3372235], [44.3945563, 33.3372166], [44.3945355, 33.3372166], [44.3945107, 33.3371975], [44.3945034, 33.3371854], [44.3944868, 33.3371612], [44.3944526, 33.3371741], [44.3944392, 33.3371421], [44.3944101, 33.3371447], [44.3943624, 33.3370572], [44.3945076, 33.3370295], [44.3945262, 33.337078], [44.3946019, 33.3370676], [44.3947445, 33.3371607]]]}}, {"type": "Feature", "properties": {"osm": 902544496, "building": "yes"}, "geometry": {"type": "Polygon", "coordinates": [[[44.394691, 33.3372763], [44.3944707, 33.3374952], [44.3943584, 33.3373353], [44.3945326, 33.3372403], [44.39458, 33.3372968], [44.394634, 33.3372434], [44.394691, 33.3372763]]]}}, {"type": "Feature", "properties": {"osm": 902544497, "building": "yes"}, "geometry": {"type": "Polygon", "coordinates": [[[44.3943584, 33.3373353], [44.3943005, 33.3372408], [44.39442, 33.3371707], [44.3944101, 33.3371447], [44.3944392, 33.3371421], [44.3944526, 33.3371741], [44.3944868, 33.3371612], [44.3945034, 33.3371854], [44.3945107, 33.3371975], [44.3945355, 33.3372166], [44.3945326, 33.3372403], [44.3943584, 33.3373353]]]}}, {"type": "Feature", "properties": {"osm": 902544498, "building": "yes"}, "geometry": {"type": "Polygon", "coordinates": [[[44.3943005, 33.3372408], [44.3942294, 33.3371418], [44.3943479, 33.3370701], [44.39442, 33.3371707], [44.3943005, 33.3372408]]]}}, {"type": "Feature", "properties": {"osm": 902544499, "building": "yes"}, "geometry": {"type": "Polygon", "coordinates": [[[44.3947537, 33.3377144], [44.3948444, 33.3378076], [44.3948625, 33.3377936], [44.3948904, 33.3378274], [44.3951819, 33.3377004], [44.3950899, 33.3375862], [44.3949671, 33.3376584], [44.3948848, 33.3375559], [44.3947467, 33.3376549], [44.3947858, 33.3376946], [44.3947537, 33.3377144]]]}}, {"type": "Feature", "properties": {"osm": 902544500, "building": "yes"}, "geometry": {"type": "Polygon", "coordinates": [[[44.3950899, 33.3375862], [44.3952405, 33.3374825], [44.3953507, 33.3376013], [44.3951819, 33.3377004], [44.3950899, 33.3375862]]]}}, {"type": "Feature", "properties": {"osm": 902544501, "building": "yes"}, "geometry": {"type": "Polygon", "coordinates": [[[44.3953507, 33.3376013], [44.395493, 33.3375233], [44.3953465, 33.3373799], [44.3952321, 33.3374557], [44.3953507, 33.3376013]]]}}, {"type": "Feature", "properties": {"osm": 902544502, "building": "yes"}, "geometry": {"type": "Polygon", "coordinates": [[[44.395493, 33.3375233], [44.3955139, 33.3375407], [44.3956171, 33.3374778], [44.3955069, 33.3373776], [44.3953953, 33.3373263], [44.3953465, 33.3373799], [44.395493, 33.3375233]]]}}, {"type": "Feature", "properties": {"osm": 902544503, "building": "yes"}, "geometry": {"type": "Polygon", "coordinates": [[[44.3909676, 33.3404639], [44.3911834, 33.340718], [44.3911522, 33.3407365], [44.3908987, 33.3408867], [44.390683, 33.3406326], [44.3909676, 33.3404639]]]}}, {"type": "Feature", "properties": {"osm": 912160405, "name": "عمارة حافظ القاضي", "building": "yes"}, "geometry": {"type": "Polygon", "coordinates": [[[44.3974539, 33.3341557], [44.3974275, 33.3341483], [44.3973995, 33.3341586], [44.3972538, 33.3343434], [44.3973591, 33.3344065], [44.3974381, 33.3343243], [44.3975083, 33.3343683], [44.3976189, 33.3342671], [44.3974539, 33.3341557]]]}}, {"type": "Feature", "properties": {"osm": 912160406, "building": "yes"}, "geometry": {"type": "Polygon", "coordinates": [[[44.3976189, 33.3342671], [44.3977783, 33.3344292], [44.3976673, 33.3345099], [44.3975343, 33.3343917], [44.3975083, 33.3343683], [44.3976189, 33.3342671]]]}}, {"type": "Feature", "properties": {"osm": 912160407, "building": "yes"}, "geometry": {"type": "Polygon", "coordinates": [[[44.3977783, 33.3344292], [44.3979319, 33.3345767], [44.3978209, 33.3346574], [44.3977569, 33.3345979], [44.3976979, 33.3346483], [44.3974645, 33.3344656], [44.3975343, 33.3343917], [44.3976673, 33.3345099], [44.3977783, 33.3344292]]]}}, {"type": "Feature", "properties": {"osm": 912160408, "building": "yes"}, "geometry": {"type": "Polygon", "coordinates": [[[44.3979319, 33.3345767], [44.39805, 33.3346901], [44.3979389, 33.3347708], [44.3978209, 33.3346574], [44.3979319, 33.3345767]]]}}, {"type": "Feature", "properties": {"osm": 912160409, "building": "yes"}, "geometry": {"type": "Polygon", "coordinates": [[[44.39805, 33.3346901], [44.3981388, 33.3347754], [44.3980277, 33.3348561], [44.3979389, 33.3347708], [44.39805, 33.3346901]]]}}, {"type": "Feature", "properties": {"osm": 912160410, "building": "yes"}, "geometry": {"type": "Polygon", "coordinates": [[[44.397135, 33.3342974], [44.3972716, 33.3341109], [44.3970714, 33.3340086], [44.396994, 33.3341143], [44.3969348, 33.3341952], [44.397135, 33.3342974]]]}}, {"type": "Feature", "properties": {"osm": 912160411, "building": "yes"}, "geometry": {"type": "Polygon", "coordinates": [[[44.3973551, 33.3340566], [44.3974521, 33.3339697], [44.3974225, 33.3339525], [44.3974348, 33.3339377], [44.3974628, 33.3339541], [44.397537, 33.3338652], [44.3974969, 33.3338418], [44.3975029, 33.3338205], [44.3974969, 33.3338005], [44.3971853, 33.3335927], [44.3971568, 33.3335839], [44.3971268, 33.3335902], [44.3969635, 33.3337654], [44.3969605, 33.3337917], [44.3969635, 33.3338205], [44.3969725, 33.3338418], [44.3973551, 33.3340566]]]}}, {"type": "Feature", "properties": {"osm": 912160412, "building": "yes"}, "geometry": {"type": "Polygon", "coordinates": [[[44.396994, 33.3341143], [44.3967582, 33.3339758], [44.3968062, 33.3339294], [44.3968361, 33.3339169], [44.3968841, 33.3339056], [44.3969201, 33.3339056], [44.3970894, 33.3339845], [44.3970714, 33.3340086], [44.396994, 33.3341143]]]}}, {"type": "Feature", "properties": {"osm": 912160413, "building": "yes"}, "geometry": {"type": "Polygon", "coordinates": [[[44.3971101, 33.334352], [44.3970759, 33.3343945], [44.3971002, 33.3344082], [44.3969626, 33.3345797], [44.3969479, 33.3345715], [44.3969188, 33.3346113], [44.3968791, 33.33459], [44.3968526, 33.3346245], [44.3968122, 33.3346028], [44.3968523, 33.3345506], [44.3968165, 33.3345314], [44.3968725, 33.3344577], [44.3967039, 33.3343633], [44.3967293, 33.3343316], [44.3966799, 33.3343039], [44.3967867, 33.3341709], [44.3971101, 33.334352]]]}}, {"type": "Feature", "properties": {"osm": 912160414, "building": "yes"}, "geometry": {"type": "Polygon", "coordinates": [[[44.3969188, 33.3346113], [44.3968596, 33.3346883], [44.3967437, 33.3346261], [44.3968165, 33.3345314], [44.3968523, 33.3345506], [44.3968122, 33.3346028], [44.3968526, 33.3346245], [44.3968791, 33.33459], [44.3969188, 33.3346113]]]}}, {"type": "Feature", "properties": {"osm": 912160415, "building": "yes"}, "geometry": {"type": "Polygon", "coordinates": [[[44.3968176, 33.3347397], [44.3967447, 33.3348084], [44.3966509, 33.3348173], [44.3965834, 33.3347672], [44.3966462, 33.3347119], [44.3966818, 33.3347363], [44.3967396, 33.3346818], [44.3968176, 33.3347397]]]}}, {"type": "Feature", "properties": {"osm": 912160416, "building": "yes"}, "geometry": {"type": "Polygon", "coordinates": [[[44.3965834, 33.3347672], [44.396474, 33.3346532], [44.3965554, 33.3345837], [44.3967437, 33.3346261], [44.3966462, 33.3347119], [44.3965834, 33.3347672]]]}}, {"type": "Feature", "properties": {"osm": 912160417, "name": "بيت لنج", "building": "yes"}, "geometry": {"type": "Polygon", "coordinates": [[[44.3964493, 33.3351924], [44.3966404, 33.3349491], [44.3962831, 33.3346173], [44.3961487, 33.3347467], [44.3964214, 33.3349445], [44.3963514, 33.3350118], [44.396386, 33.3350369], [44.3963095, 33.3351106], [44.3964493, 33.3351924]]]}}, {"type": "Feature", "properties": {"osm": 912160418, "building": "yes"}, "geometry": {"type": "Polygon", "coordinates": [[[44.398553, 33.3345742], [44.3986644, 33.3346783], [44.3987001, 33.3346945], [44.3987309, 33.3346932], [44.3987552, 33.3346823], [44.3987731, 33.3346593], [44.3987796, 33.3346268], [44.3987796, 33.3345874], [44.3987698, 33.3345427], [44.3987082, 33.3344559], [44.398553, 33.3345742]]]}}, {"type": "Feature", "properties": {"osm": 912160419, "building": "yes"}, "geometry": {"type": "Polygon", "coordinates": [[[44.3984392, 33.3346651], [44.3985535, 33.3347719], [44.3985689, 33.3348034], [44.3985638, 33.3348288], [44.3985482, 33.3348478], [44.3985187, 33.33486], [44.3984793, 33.3348618], [44.3984326, 33.3348574], [44.3983804, 33.3348442], [44.3982842, 33.3347833], [44.3984392, 33.3346651]]]}}, {"type": "Feature", "properties": {"osm": 912160420, "building": "yes"}, "geometry": {"type": "Polygon", "coordinates": [[[44.3984392, 33.3346651], [44.3978938, 33.3341336], [44.397742, 33.3342592], [44.3982842, 33.3347833], [44.3984392, 33.3346651]]]}}, {"type": "Feature", "properties": {"osm": 912160421, "building": "yes"}, "geometry": {"type": "Polygon", "coordinates": [[[44.398553, 33.3345742], [44.3980004, 33.3340418], [44.3981624, 33.3339076], [44.3987082, 33.3344559], [44.398553, 33.3345742]]]}}, {"type": "Feature", "properties": {"osm": 912160424, "building": "yes"}, "geometry": {"type": "Polygon", "coordinates": [[[44.3977089, 33.3336962], [44.3978027, 33.3335974], [44.3976467, 33.333463], [44.3975192, 33.3335899], [44.3976353, 33.333685], [44.3976799, 33.3336701], [44.3977089, 33.3336962]]]}}, {"type": "Feature", "properties": {"osm": 912160425, "building": "yes"}, "geometry": {"type": "Polygon", "coordinates": [[[44.3978027, 33.3335974], [44.3981018, 33.3333512], [44.3978942, 33.3331983], [44.3979165, 33.3331703], [44.3974478, 33.3327787], [44.397306, 33.3328903], [44.3976575, 33.3332004], [44.397496, 33.3333413], [44.3975761, 33.3334025], [44.3975884, 33.3334128], [44.3976467, 33.333463], [44.3978027, 33.3335974]]]}}, {"type": "Feature", "properties": {"osm": 912160426, "building": "yes"}, "geometry": {"type": "Polygon", "coordinates": [[[44.3975192, 33.3335899], [44.3974344, 33.3335209], [44.3975761, 33.3334025], [44.3975884, 33.3334128], [44.3976467, 33.333463], [44.3975192, 33.3335899]]]}}, {"type": "Feature", "properties": {"osm": 912160427, "building": "yes"}, "geometry": {"type": "Polygon", "coordinates": [[[44.3974344, 33.3335209], [44.3973605, 33.3334596], [44.397496, 33.3333413], [44.3975761, 33.3334025], [44.3974344, 33.3335209]]]}}, {"type": "Feature", "properties": {"osm": 912160428, "building": "yes"}, "geometry": {"type": "Polygon", "coordinates": [[[44.3973162, 33.3334372], [44.3972156, 33.3333475], [44.3974145, 33.3331918], [44.3971837, 33.332986], [44.397306, 33.3328903], [44.3976374, 33.3331858], [44.3973162, 33.3334372]]]}}, {"type": "Feature", "properties": {"osm": 928718264, "name": "مقهى الشابندر", "building": "yes", "amenity": "cafe"}, "geometry": {"type": "Polygon", "coordinates": [[[44.3882003, 33.3403571], [44.3880539, 33.340233], [44.3880238, 33.3402285], [44.3879984, 33.3402364], [44.3879211, 33.3403132], [44.3880719, 33.340461], [44.3882003, 33.3403571]]]}}, {"type": "Feature", "properties": {"osm": 928718382, "name": "مطبعة الميناء", "building": "yes"}, "geometry": {"type": "Polygon", "coordinates": [[[44.3891731, 33.3414409], [44.3892514, 33.3414809], [44.3893058, 33.3415086], [44.3893299, 33.3414393], [44.3891677, 33.3412818], [44.3891256, 33.3413191], [44.3891752, 33.3413827], [44.3891731, 33.3414409]]]}}, {"type": "Feature", "properties": {"osm": 928718383, "building": "yes"}, "geometry": {"type": "Polygon", "coordinates": [[[44.3892112, 33.3415478], [44.3892611, 33.3415833], [44.3892966, 33.3415239], [44.3893058, 33.3415086], [44.3892514, 33.3414809], [44.3892112, 33.3415478]]]}}, {"type": "Feature", "properties": {"osm": 928718391, "building": "yes"}, "geometry": {"type": "Polygon", "coordinates": [[[44.3892611, 33.3415833], [44.3893154, 33.3416134], [44.3893527, 33.34156], [44.3892966, 33.3415239], [44.3892611, 33.3415833]]]}}, {"type": "Feature", "properties": {"osm": 928718394, "building": "yes"}, "geometry": {"type": "Polygon", "coordinates": [[[44.3893999, 33.3415073], [44.3893794, 33.3414874], [44.3893299, 33.3414393], [44.3893058, 33.3415086], [44.3892966, 33.3415239], [44.3893527, 33.34156], [44.3893999, 33.3415073]]]}}, {"type": "Feature", "properties": {"osm": 928718449, "name": "جامع الوزير", "building": "mosque", "amenity": "place_of_worship"}, "geometry": {"type": "Polygon", "coordinates": [[[44.3884135, 33.3392707], [44.3885246, 33.3393991], [44.3887274, 33.3392767], [44.3886498, 33.3391875], [44.3886207, 33.3391535], [44.3886148, 33.3391466], [44.3884135, 33.3392707]]]}}, {"type": "Feature", "properties": {"osm": 928718450, "building": "roof"}, "geometry": {"type": "Polygon", "coordinates": [[[44.388221, 33.3392965], [44.3881508, 33.3393502], [44.3884661, 33.3396132], [44.388488, 33.3395982], [44.388508, 33.3395843], [44.3885375, 33.3395664], [44.3885195, 33.3395476], [44.3884926, 33.3395193], [44.3884644, 33.3395345], [44.3884445, 33.3395126], [44.3884259, 33.339525], [44.3884078, 33.3395059], [44.3883895, 33.3394868], [44.3884067, 33.339473], [44.388221, 33.3392965]]]}}, {"type": "Feature", "properties": {"osm": 928718451, "building": "yes"}, "geometry": {"type": "Polygon", "coordinates": [[[44.3883549, 33.3392706], [44.388303, 33.3392997], [44.3883255, 33.339325], [44.3884135, 33.3392707], [44.3885246, 33.3393991], [44.3884067, 33.339473], [44.388221, 33.3392965], [44.388321, 33.3392332], [44.3883549, 33.3392706]]]}}, {"type": "Feature", "properties": {"osm": 928718452, "building": "retail"}, "geometry": {"type": "Polygon", "coordinates": [[[44.3890414, 33.3393374], [44.3890613, 33.3393582], [44.38908, 33.3393778], [44.388801, 33.3395417], [44.3885938, 33.3396712], [44.3885756, 33.3396528], [44.3885571, 33.3396341], [44.3887893, 33.3394871], [44.3890414, 33.3393374]]]}}, {"type": "Feature", "properties": {"osm": 928718453, "name": "المدرسة الآصفية", "building": "yes", "amenity": "school"}, "geometry": {"type": "Polygon", "coordinates": [[[44.3889829, 33.338907], [44.3891105, 33.3388142], [44.389211, 33.338741], [44.3894638, 33.3389835], [44.3894223, 33.3390138], [44.3893775, 33.3390463], [44.3893326, 33.3390033], [44.389213, 33.3390903], [44.3893195, 33.3391924], [44.3892972, 33.3392086], [44.3889829, 33.338907]]]}}, {"type": "Feature", "properties": {"osm": 928854001, "building": "yes"}, "geometry": {"type": "Polygon", "coordinates": [[[44.3908985, 33.3423612], [44.3909292, 33.3424674], [44.3910458, 33.3424135], [44.3909865, 33.3423211], [44.3908985, 33.3423612]]]}}, {"type": "Feature", "properties": {"osm": 928854002, "building": "yes"}, "geometry": {"type": "Polygon", "coordinates": [[[44.3911112, 33.3422673], [44.3909865, 33.3423211], [44.3910458, 33.3424135], [44.3910781, 33.3424638], [44.3912007, 33.3424087], [44.3911112, 33.3422673]]]}}, {"type": "Feature", "properties": {"osm": 928854003, "name": "جامع العاقولي", "building": "yes", "amenity": "place_of_worship"}, "geometry": {"type": "Polygon", "coordinates": [[[44.3913266, 33.3423522], [44.3913964, 33.342483], [44.391324, 33.3425121], [44.3910095, 33.3426434], [44.3909556, 33.3425188], [44.3910781, 33.3424638], [44.3912007, 33.3424087], [44.3913266, 33.3423522]]]}}, {"type": "Feature", "properties": {"osm": 928854006, "building": "yes"}, "geometry": {"type": "Polygon", "coordinates": [[[44.3910497, 33.3427323], [44.3910672, 33.3427686], [44.3911719, 33.3427255], [44.3911408, 33.3426634], [44.3911044, 33.3426818], [44.3910956, 33.3426663], [44.3910566, 33.3426792], [44.3910771, 33.342723], [44.3910497, 33.3427323]]]}}, {"type": "Feature", "properties": {"osm": 928854007, "name": "متوسطة الرشيد", "building": "school"}, "geometry": {"type": "Polygon", "coordinates": [[[44.3911408, 33.3426634], [44.3911188, 33.3426298], [44.3913402, 33.3425436], [44.391324, 33.3425121], [44.3913964, 33.342483], [44.391464, 33.3426121], [44.3911719, 33.3427255], [44.3911408, 33.3426634]]]}}, {"type": "Feature", "properties": {"osm": 928854008, "building": "yes"}, "geometry": {"type": "Polygon", "coordinates": [[[44.3910672, 33.3427686], [44.3910972, 33.3428376], [44.3912013, 33.3427991], [44.3911719, 33.3427255], [44.3910672, 33.3427686]]]}}, {"type": "Feature", "properties": {"osm": 928854009, "name": "متوسطة الابطال للبنين", "building": "school"}, "geometry": {"type": "Polygon", "coordinates": [[[44.3912013, 33.3427991], [44.3912914, 33.3427642], [44.3913612, 33.3429067], [44.3912839, 33.3429371], [44.391329, 33.343016], [44.3914766, 33.3429658], [44.391608, 33.3428988], [44.391464, 33.3426121], [44.3911719, 33.3427255], [44.3912013, 33.3427991]]]}}, {"type": "Feature", "properties": {"osm": 928854052, "building": "yes"}, "geometry": {"type": "Polygon", "coordinates": [[[44.3916416, 33.3423131], [44.3916384, 33.3423306], [44.3913885, 33.3423261], [44.3913777, 33.3421701], [44.3916827, 33.3421078], [44.3917315, 33.3421562], [44.3916404, 33.3422047], [44.3916416, 33.3423131]]]}}, {"type": "Feature", "properties": {"osm": 928854053, "building": "yes"}, "geometry": {"type": "Polygon", "coordinates": [[[44.3914818, 33.3425895], [44.3916107, 33.3425286], [44.3915849, 33.342497], [44.3915425, 33.3425141], [44.3915189, 33.3424735], [44.3914656, 33.3424911], [44.3914313, 33.3425024], [44.3914818, 33.3425895]]]}}, {"type": "Feature", "properties": {"osm": 928854054, "building": "yes"}, "geometry": {"type": "Polygon", "coordinates": [[[44.3915189, 33.3424735], [44.3915523, 33.3424545], [44.3915422, 33.3424386], [44.3915159, 33.3423975], [44.3914362, 33.3424298], [44.3914656, 33.3424911], [44.3915189, 33.3424735]]]}}, {"type": "Feature", "properties": {"osm": 928854055, "building": "yes"}, "geometry": {"type": "Polygon", "coordinates": [[[44.3914158, 33.3424234], [44.3914613, 33.3424076], [44.391434, 33.3423537], [44.3913915, 33.3423715], [44.3914158, 33.3424234]]]}}, {"type": "Feature", "properties": {"osm": 928854056, "building": "yes"}, "geometry": {"type": "Polygon", "coordinates": [[[44.3915422, 33.3424386], [44.3915967, 33.3424264], [44.3916108, 33.3424605], [44.3916599, 33.3424472], [44.3916497, 33.342404], [44.3916643, 33.3424014], [44.3916522, 33.3423438], [44.3914895, 33.3423443], [44.3915159, 33.3423975], [44.3915422, 33.3424386]]]}}, {"type": "Feature", "properties": {"osm": 928854057, "building": "yes"}, "geometry": {"type": "Polygon", "coordinates": [[[44.391434, 33.3423537], [44.3914895, 33.3423443], [44.3915159, 33.3423975], [44.3914613, 33.3424076], [44.391434, 33.3423537]]]}}, {"type": "Feature", "properties": {"osm": 928854062, "name": "مجمع الرصافي", "building": "commercial"}, "geometry": {"type": "Polygon", "coordinates": [[[44.3913418, 33.3420156], [44.3913671, 33.3420839], [44.3913919, 33.3421509], [44.3916776, 33.3420768], [44.391573, 33.3419621], [44.3913418, 33.3420156]]]}}, {"type": "Feature", "properties": {"osm": 928854063, "building": "yes"}, "geometry": {"type": "Polygon", "coordinates": [[[44.3913671, 33.3420839], [44.3913418, 33.3420156], [44.391182, 33.3420534], [44.391224, 33.3421163], [44.3913671, 33.3420839]]]}}, {"type": "Feature", "properties": {"osm": 928941591, "building": "yes"}, "geometry": {"type": "Polygon", "coordinates": [[[44.3910546, 33.3430766], [44.3910348, 33.3430289], [44.3909822, 33.3430513], [44.3909731, 33.3430398], [44.3909529, 33.343002], [44.3909777, 33.3429963], [44.3910196, 33.3429788], [44.3909763, 33.3428768], [44.3909439, 33.3428905], [44.390905, 33.3427992], [44.3909825, 33.3427751], [44.3909744, 33.3427604], [44.3910394, 33.3427344], [44.3910906, 33.342847], [44.3912914, 33.3427642], [44.3913612, 33.3429067], [44.3912839, 33.3429371], [44.391329, 33.343016], [44.3914766, 33.3429658], [44.391497, 33.3429986], [44.3914108, 33.3430264], [44.3914352, 33.3430673], [44.3913654, 33.3431205], [44.3913091, 33.3430695], [44.3912939, 33.3430796], [44.3912681, 33.3430549], [44.391256, 33.343065], [44.3912477, 33.3430452], [44.3911908, 33.3429565], [44.3911029, 33.3430076], [44.3911286, 33.3430381], [44.3910546, 33.3430766]]]}}, {"type": "Feature", "properties": {"osm": 936379190, "name": "مجمع عمو بابا الرياضي", "building": "yes"}, "geometry": {"type": "Polygon", "coordinates": [[[44.396896, 33.3337094], [44.3964472, 33.3333861], [44.3966178, 33.3332208], [44.3970666, 33.3335441], [44.396896, 33.3337094]]]}}, {"type": "Feature", "properties": {"osm": 936379192, "building": "yes"}, "geometry": {"type": "Polygon", "coordinates": [[[44.3968303, 33.3337777], [44.396896, 33.3337094], [44.3964472, 33.3333861], [44.3963785, 33.3334494], [44.3968303, 33.3337777]]]}}, {"type": "Feature", "properties": {"osm": 936379193, "building": "yes"}, "geometry": {"type": "Polygon", "coordinates": [[[44.3966381, 33.3339775], [44.3964058, 33.3341645], [44.3960824, 33.3339245], [44.3959575, 33.3338329], [44.3962027, 33.3336183], [44.3966381, 33.3339775]]]}}, {"type": "Feature", "properties": {"osm": 936379194, "building": "yes"}, "geometry": {"type": "Polygon", "coordinates": [[[44.3964058, 33.3341645], [44.3962022, 33.3343105], [44.3961743, 33.3342829], [44.3958526, 33.3339652], [44.3959205, 33.3339102], [44.3960048, 33.3339738], [44.3960824, 33.3339245], [44.3964058, 33.3341645]]]}}, {"type": "Feature", "properties": {"osm": 936379195, "name": "غرفة تجارة بغداد", "building": "yes", "amenity": "exhibition_centre"}, "geometry": {"type": "Polygon", "coordinates": [[[44.3961743, 33.3342829], [44.3958938, 33.3345115], [44.3955627, 33.3342057], [44.3958526, 33.3339652], [44.3961743, 33.3342829]]]}}, {"type": "Feature", "properties": {"osm": 936379196, "building": "yes"}, "geometry": {"type": "Polygon", "coordinates": [[[44.3960929, 33.3347809], [44.3959596, 33.3346757], [44.3961359, 33.3345195], [44.3962698, 33.3346254], [44.3960929, 33.3347809]]]}}, {"type": "Feature", "properties": {"osm": 936379197, "building": "yes"}, "geometry": {"type": "Polygon", "coordinates": [[[44.3960929, 33.3347809], [44.3959228, 33.3349314], [44.3957894, 33.3348262], [44.3959596, 33.3346757], [44.3960929, 33.3347809]]]}}, {"type": "Feature", "properties": {"osm": 936379198, "name": "مركز دفاع مدني الشورجة", "building": "yes", "amenity": "fire_station"}, "geometry": {"type": "Polygon", "coordinates": [[[44.3968008, 33.3389074], [44.396863, 33.3388598], [44.3969179, 33.3389057], [44.3971677, 33.3387062], [44.3969902, 33.3385474], [44.3966686, 33.3388093], [44.3968008, 33.3389074]]]}}, {"type": "Feature", "properties": {"osm": 936427682, "building": "yes"}, "geometry": {"type": "Polygon", "coordinates": [[[44.3958075, 33.3387443], [44.3960192, 33.3385675], [44.3960509, 33.3385427], [44.3960721, 33.3384914], [44.3960721, 33.3384366], [44.3959388, 33.3384189], [44.395761, 33.3382969], [44.3955577, 33.3384197], [44.3955207, 33.3384423], [44.3958075, 33.3387443]]]}}, {"type": "Feature", "properties": {"osm": 936427683, "building": "yes"}, "geometry": {"type": "Polygon", "coordinates": [[[44.3955207, 33.3384423], [44.3952132, 33.3381439], [44.3952598, 33.3381167], [44.3952715, 33.3381319], [44.3955589, 33.33798], [44.3956098, 33.3380382], [44.3956924, 33.3379878], [44.3958395, 33.3381558], [44.3957597, 33.3382046], [44.3957992, 33.3382497], [44.3955449, 33.3384051], [44.3955577, 33.3384197], [44.3955207, 33.3384423]]]}}, {"type": "Feature", "properties": {"osm": 936427684, "building": "yes"}, "geometry": {"type": "Polygon", "coordinates": [[[44.3952132, 33.3381439], [44.3949503, 33.3378778], [44.3954287, 33.3376409], [44.3955112, 33.3377611], [44.3954011, 33.3378213], [44.3955589, 33.33798], [44.3952715, 33.3381319], [44.3952598, 33.3381167], [44.3952132, 33.3381439]]]}}, {"type": "Feature", "properties": {"osm": 947082868, "name": "سوق شاؤول طوبة اليهودي", "building": "yes"}, "geometry": {"type": "Polygon", "coordinates": [[[44.3915162, 33.338441], [44.3917496, 33.3387052], [44.3916056, 33.3388508], [44.3915526, 33.3388255], [44.3912672, 33.3389922], [44.3912394, 33.3388762], [44.3910853, 33.3386567], [44.3915162, 33.338441]]]}}, {"type": "Feature", "properties": {"osm": 947082869, "name": "خان شماش اليهودي", "building": "yes"}, "geometry": {"type": "Polygon", "coordinates": [[[44.3916056, 33.3388508], [44.391593, 33.3389247], [44.3916803, 33.3390319], [44.3915046, 33.339161], [44.3914465, 33.3390956], [44.3913328, 33.3391252], [44.3912646, 33.339064], [44.3912672, 33.3389922], [44.3915526, 33.3388255], [44.3916056, 33.3388508]]]}}, {"type": "Feature", "properties": {"osm": 947082870, "name": "سوق مناحيم دانيال", "building": "yes"}, "geometry": {"type": "Polygon", "coordinates": [[[44.3909193, 33.3385867], [44.3914882, 33.3382229], [44.3914264, 33.3381555], [44.3913285, 33.3380486], [44.3912143, 33.337924], [44.3906455, 33.3382879], [44.3907357, 33.3383864], [44.3908445, 33.3385051], [44.3909193, 33.3385867]]]}}, {"type": "Feature", "properties": {"osm": 947082871, "name": "قصر چوپانیان", "building": "yes"}, "geometry": {"type": "Polygon", "coordinates": [[[44.3932372, 33.3359103], [44.3934026, 33.3357974], [44.3932185, 33.3356144], [44.3930555, 33.3357371], [44.3932372, 33.3359103]]]}}, {"type": "Feature", "properties": {"osm": 947082872, "name": "رئاسة الطائفة اليهودية", "building": "yes"}, "geometry": {"type": "Polygon", "coordinates": [[[44.3935472, 33.3357308], [44.3936365, 33.3356678], [44.3934341, 33.3354675], [44.3933457, 33.3355299], [44.3935472, 33.3357308]]]}}, {"type": "Feature", "properties": {"osm": 947082873, "building": "yes"}, "geometry": {"type": "Polygon", "coordinates": [[[44.3935472, 33.3357308], [44.3935651, 33.3357487], [44.3934822, 33.3358067], [44.3932629, 33.3355879], [44.3933457, 33.3355299], [44.3935472, 33.3357308]]]}}, {"type": "Feature", "properties": {"osm": 947082874, "name": "سوق الارمن", "building": "yes"}, "geometry": {"type": "Polygon", "coordinates": [[[44.3940574, 33.335027], [44.3942415, 33.3351858], [44.3939821, 33.3353919], [44.393798, 33.3352126], [44.3940574, 33.335027]]]}}, {"type": "Feature", "properties": {"osm": 947082875, "name": "كنيس يهودي", "building": "yes", "amenity": "place_of_worship"}, "geometry": {"type": "Polygon", "coordinates": [[[44.3942415, 33.3351858], [44.3943582, 33.3350914], [44.3942129, 33.334966], [44.394127, 33.3350356], [44.3940882, 33.3350021], [44.3940574, 33.335027], [44.3942415, 33.3351858]]]}}, {"type": "Feature", "properties": {"osm": 947082876, "name": "اورزدي بالك", "building": "yes"}, "geometry": {"type": "Polygon", "coordinates": [[[44.394826, 33.3353689], [44.394908, 33.3353689], [44.3949847, 33.3353159], [44.3947322, 33.3350818], [44.3946144, 33.3351678], [44.394826, 33.3353689]]]}}, {"type": "Feature", "properties": {"osm": 964014859, "building": "yes"}, "geometry": {"type": "Polygon", "coordinates": [[[44.3913885, 33.3423261], [44.3913915, 33.3423404], [44.3913673, 33.3423452], [44.3913264, 33.3423017], [44.3912731, 33.3421971], [44.3913777, 33.3421701], [44.3913885, 33.3423261]]]}}, {"type": "Feature", "properties": {"osm": 964014869, "building": "yes"}, "geometry": {"type": "Polygon", "coordinates": [[[44.391801, 33.3419744], [44.3919358, 33.3421321], [44.3920274, 33.3420748], [44.3918966, 33.341916], [44.391801, 33.3419744]]]}}, {"type": "Feature", "properties": {"osm": 964014871, "building": "yes"}, "geometry": {"type": "Polygon", "coordinates": [[[44.3916729, 33.3427502], [44.3916143, 33.3427743], [44.3915365, 33.3426139], [44.3916614, 33.3425548], [44.3917198, 33.3426416], [44.3916729, 33.3427502]]]}}, {"type": "Feature", "properties": {"osm": 965243569, "building": "yes"}, "geometry": {"type": "Polygon", "coordinates": [[[44.3988816, 33.3352766], [44.398979, 33.3352093], [44.3988317, 33.3350667], [44.3987116, 33.3351488], [44.3988816, 33.3352766]]]}}, {"type": "Feature", "properties": {"osm": 965243570, "building": "yes"}, "geometry": {"type": "Polygon", "coordinates": [[[44.3987116, 33.3351488], [44.3985332, 33.3350246], [44.3985177, 33.3350019], [44.3985138, 33.3349792], [44.3985164, 33.3349501], [44.3985629, 33.334949], [44.3986069, 33.3349425], [44.3986353, 33.3349296], [44.3986676, 33.3349101], [44.3988317, 33.3350667], [44.3987116, 33.3351488]]]}}, {"type": "Feature", "properties": {"osm": 965243571, "building": "yes"}, "geometry": {"type": "Polygon", "coordinates": [[[44.3984828, 33.3349587], [44.3984841, 33.3349879], [44.3984983, 33.3350159], [44.3985319, 33.3350516], [44.39855, 33.3350656], [44.3985433, 33.3350702], [44.3984644, 33.3351396], [44.3983006, 33.3350041], [44.3983626, 33.3349576], [44.3983691, 33.3349317], [44.3984027, 33.3349447], [44.3984414, 33.3349544], [44.3984828, 33.3349587]]]}}, {"type": "Feature", "properties": {"osm": 965243572, "building": "yes"}, "geometry": {"type": "Polygon", "coordinates": [[[44.3983006, 33.3350041], [44.3982437, 33.3350462], [44.3981144, 33.3349274], [44.3982295, 33.3348507], [44.3982592, 33.3348756], [44.3982889, 33.3348961], [44.3983329, 33.3349177], [44.3983691, 33.3349317], [44.3983626, 33.3349576], [44.3983006, 33.3350041]]]}}, {"type": "Feature", "properties": {"osm": 965243573, "building": "yes"}, "geometry": {"type": "Polygon", "coordinates": [[[44.3985755, 33.3350904], [44.3986475, 33.3351476], [44.3985592, 33.3352253], [44.3984871, 33.3351681], [44.3985755, 33.3350904]]]}}, {"type": "Feature", "properties": {"osm": 965243574, "building": "yes"}, "geometry": {"type": "Polygon", "coordinates": [[[44.3989849, 33.3352148], [44.3992447, 33.3354378], [44.3991727, 33.3354897], [44.3988877, 33.3352838], [44.3989849, 33.3352148]]]}}, {"type": "Feature", "properties": {"osm": 965243575, "building": "yes"}, "geometry": {"type": "Polygon", "coordinates": [[[44.3992899, 33.3354723], [44.3994554, 33.3356231], [44.3992652, 33.3357568], [44.399161, 33.3356473], [44.3991427, 33.3356572], [44.3990922, 33.3356177], [44.3991567, 33.3355549], [44.3992899, 33.3354723]]]}}, {"type": "Feature", "properties": {"osm": 965243576, "building": "yes"}, "geometry": {"type": "Polygon", "coordinates": [[[44.3994554, 33.3356231], [44.3996219, 33.3358017], [44.399422, 33.3359148], [44.3992652, 33.3357568], [44.3994554, 33.3356231]]]}}, {"type": "Feature", "properties": {"osm": 965243577, "building": "yes"}, "geometry": {"type": "Polygon", "coordinates": [[[44.3996675, 33.3358363], [44.3997239, 33.3359021], [44.399606, 33.3359725], [44.399557, 33.3359153], [44.3995496, 33.3359068], [44.3996675, 33.3358363]]]}}, {"type": "Feature", "properties": {"osm": 965243578, "building": "yes"}, "geometry": {"type": "Polygon", "coordinates": [[[44.3997239, 33.3359021], [44.3997795, 33.3359664], [44.3996599, 33.3360366], [44.399606, 33.3359725], [44.3997239, 33.3359021]]]}}, {"type": "Feature", "properties": {"osm": 965243579, "building": "yes"}, "geometry": {"type": "Polygon", "coordinates": [[[44.3996599, 33.3360366], [44.3996049, 33.3360694], [44.399512, 33.3359562], [44.3995035, 33.3359458], [44.399557, 33.3359153], [44.3996599, 33.3360366]]]}}, {"type": "Feature", "properties": {"osm": 965243580, "building": "yes"}, "geometry": {"type": "Polygon", "coordinates": [[[44.3996133, 33.3360797], [44.3995359, 33.336129], [44.399435, 33.3359917], [44.399512, 33.3359562], [44.3996049, 33.3360694], [44.3996133, 33.3360797]]]}}, {"type": "Feature", "properties": {"osm": 980391504, "building": "yes"}, "geometry": {"type": "Polygon", "coordinates": [[[44.3959893, 33.3395224], [44.3959677, 33.3395307], [44.3959464, 33.3395326], [44.3959254, 33.3395288], [44.3959068, 33.3395199], [44.3958925, 33.3395065], [44.3958838, 33.3394901], [44.3958816, 33.3394723], [44.3958861, 33.3394548], [44.3958969, 33.3394393], [44.3959129, 33.3394273], [44.3959325, 33.3394201], [44.3959562, 33.3394184], [44.3959792, 33.3394236], [44.3959986, 33.3394351], [44.3960122, 33.3394514], [44.3960183, 33.3394706], [44.3960162, 33.3394903], [44.3960061, 33.3395083], [44.3959893, 33.3395224]]]}}, {"type": "Feature", "properties": {"osm": 1059926238, "building": "yes"}, "geometry": {"type": "Polygon", "coordinates": [[[44.3928165, 33.3386267], [44.3928186, 33.3386253], [44.3928051, 33.3386113], [44.392803, 33.3386127], [44.3928165, 33.3386267]]]}}, {"type": "Feature", "properties": {"osm": 1059926239, "building": "yes"}, "geometry": {"type": "Polygon", "coordinates": [[[44.3927962, 33.3386055], [44.392794, 33.338607], [44.3928209, 33.3386351], [44.3928231, 33.3386337], [44.3928165, 33.3386267], [44.392803, 33.3386127], [44.3927962, 33.3386055]]]}}, {"type": "Feature", "properties": {"osm": 1059926240, "building": "yes"}, "geometry": {"type": "Polygon", "coordinates": [[[44.3928198, 33.338647], [44.3928272, 33.3386421], [44.3928209, 33.3386351], [44.392794, 33.338607], [44.3927874, 33.3385998], [44.3927801, 33.3386046], [44.3928198, 33.338647]]]}}, {"type": "Feature", "properties": {"osm": 1059926255, "building": "yes"}, "geometry": {"type": "Polygon", "coordinates": [[[44.3926014, 33.338746], [44.3925993, 33.3387474], [44.3926125, 33.3387616], [44.3926147, 33.3387602], [44.3926014, 33.338746]]]}}, {"type": "Feature", "properties": {"osm": 1059926256, "building": "yes"}, "geometry": {"type": "Polygon", "coordinates": [[[44.3926213, 33.3387672], [44.3926234, 33.3387659], [44.3925968, 33.3387375], [44.3925947, 33.3387389], [44.3926014, 33.338746], [44.3926147, 33.3387602], [44.3926213, 33.3387672]]]}}, {"type": "Feature", "properties": {"osm": 1059926257, "building": "yes"}, "geometry": {"type": "Polygon", "coordinates": [[[44.3925997, 33.3387241], [44.3925902, 33.3387304], [44.3925968, 33.3387375], [44.3926234, 33.3387659], [44.3926301, 33.3387729], [44.3926391, 33.338767], [44.3925997, 33.3387241]]]}}, {"type": "Feature", "properties": {"osm": 1060090902, "name": "خان مرجان الاثري", "building": "yes", "historic": "building"}, "geometry": {"type": "Polygon", "coordinates": [[[44.3927318, 33.3388708], [44.3929138, 33.3387583], [44.3926686, 33.3384817], [44.3924865, 33.3385938], [44.3927318, 33.3388708]]]}}, {"type": "Feature", "properties": {"osm": 1095114845, "building": "yes"}, "geometry": {"type": "Polygon", "coordinates": [[[44.3902839, 33.3407078], [44.3901748, 33.340582], [44.3900023, 33.3407049], [44.3901721, 33.3408056], [44.3902839, 33.3407078]]]}}, {"type": "Feature", "properties": {"osm": 1172188958, "building": "yes"}, "geometry": {"type": "Polygon", "coordinates": [[[44.3883653, 33.3406078], [44.3883182, 33.3406403], [44.388284, 33.3406644], [44.3882961, 33.3406761], [44.3883786, 33.3407557], [44.3884282, 33.3407254], [44.3884645, 33.3407597], [44.3885892, 33.3406868], [44.3884767, 33.3405914], [44.388401, 33.3406449], [44.3883653, 33.3406078]]]}}, {"type": "Feature", "properties": {"osm": 1172188959, "building": "yes"}, "geometry": {"type": "Polygon", "coordinates": [[[44.3881546, 33.3405484], [44.3881875, 33.3405826], [44.3882324, 33.340554], [44.3882679, 33.3405904], [44.3883182, 33.3406403], [44.3883653, 33.3406078], [44.3883181, 33.3405537], [44.3883795, 33.340509], [44.3882952, 33.3404376], [44.3881546, 33.3405484]]]}}, {"type": "Feature", "properties": {"osm": 1172188960, "building": "yes"}, "geometry": {"type": "Polygon", "coordinates": [[[44.3880719, 33.340461], [44.3881546, 33.3405484], [44.3882952, 33.3404376], [44.3882003, 33.3403571], [44.3880719, 33.340461]]]}}, {"type": "Feature", "properties": {"osm": 1174891959, "building": "roof"}, "geometry": {"type": "Polygon", "coordinates": [[[44.3898224, 33.3418237], [44.3898111, 33.3418151], [44.389838, 33.3417903], [44.3898651, 33.3417653], [44.3898764, 33.3417738], [44.3898494, 33.3417987], [44.3898224, 33.3418237]]]}}, {"type": "Feature", "properties": {"osm": 1175800746, "name": "جامع مرجان", "building": "yes"}, "geometry": {"type": "Polygon", "coordinates": [[[44.393397, 33.3389664], [44.3936008, 33.3388656], [44.3936357, 33.3389082], [44.3936411, 33.3389496], [44.3936317, 33.3389855], [44.3936062, 33.3390202], [44.3934184, 33.3391166], [44.3933567, 33.3391098], [44.3932991, 33.3390874], [44.3932588, 33.3390583], [44.3932347, 33.339028], [44.3932468, 33.3390023], [44.3933702, 33.3389351], [44.393397, 33.3389664]]]}}, {"type": "Feature", "properties": {"osm": 1175800769, "building": "yes"}, "geometry": {"type": "Polygon", "coordinates": [[[44.3952973, 33.3368287], [44.3951833, 33.336971], [44.3952262, 33.3370001], [44.3952718, 33.3370584], [44.3955132, 33.3372085], [44.3956527, 33.3370897], [44.3955427, 33.3369956], [44.3952973, 33.3368287]]]}}, {"type": "Feature", "properties": {"osm": 1175999811, "building": "yes"}, "geometry": {"type": "Polygon", "coordinates": [[[44.3906894, 33.3389294], [44.3902486, 33.339156], [44.3901847, 33.3390709], [44.3901196, 33.3389844], [44.3900674, 33.3390118], [44.3900383, 33.3389732], [44.3904031, 33.3387819], [44.3904833, 33.3388886], [44.3906087, 33.3388229], [44.3906894, 33.3389294]]]}}, {"type": "Feature", "properties": {"osm": 1175999812, "building": "yes"}, "geometry": {"type": "Polygon", "coordinates": [[[44.3926958, 33.3362381], [44.3926064, 33.336129], [44.3927462, 33.336049], [44.3928181, 33.3361368], [44.3928356, 33.3361582], [44.3926958, 33.3362381]]]}}, {"type": "Feature", "properties": {"osm": 1175999813, "building": "yes"}, "geometry": {"type": "Polygon", "coordinates": [[[44.392908, 33.3364973], [44.3930615, 33.3366846], [44.3932726, 33.3365639], [44.3931192, 33.3363766], [44.3930479, 33.3364173], [44.392908, 33.3364973]]]}}, {"type": "Feature", "properties": {"osm": 1175999814, "building": "yes"}, "geometry": {"type": "Polygon", "coordinates": [[[44.392908, 33.3364973], [44.3930479, 33.3364173], [44.3928356, 33.3361582], [44.3926958, 33.3362381], [44.392908, 33.3364973]]]}}, {"type": "Feature", "properties": {"osm": 1175999815, "building": "yes"}, "geometry": {"type": "Polygon", "coordinates": [[[44.3946831, 33.3355771], [44.3947609, 33.3355166], [44.3947528, 33.3354808], [44.3947569, 33.3354438], [44.394494, 33.3351794], [44.3944269, 33.3351816], [44.3943223, 33.3352533], [44.3944833, 33.3354584], [44.3945436, 33.3355166], [44.394557, 33.3355088], [44.3946107, 33.3355525], [44.3946254, 33.335539], [44.3946831, 33.3355771]]]}}, {"type": "Feature", "properties": {"osm": 1175999830, "building": "yes"}, "geometry": {"type": "Polygon", "coordinates": [[[44.3917073, 33.3382431], [44.3916632, 33.3381924], [44.3915515, 33.3382602], [44.3918446, 33.3385968], [44.39209, 33.3384476], [44.3921033, 33.3384628], [44.3921487, 33.3384352], [44.3920695, 33.3383442], [44.3920949, 33.3383288], [44.3920677, 33.3382975], [44.392044, 33.3383119], [44.3918883, 33.3381331], [44.3917073, 33.3382431]]]}}, {"type": "Feature", "properties": {"osm": 1175999851, "name": "مصرف الرشيد", "building": "yes", "amenity": "bank"}, "geometry": {"type": "Polygon", "coordinates": [[[44.3931419, 33.337301], [44.392819, 33.3369082], [44.3927456, 33.3369466], [44.3927231, 33.3369693], [44.3926998, 33.337004], [44.3926848, 33.3370475], [44.3926836, 33.3370992], [44.3926923, 33.3371332], [44.3929322, 33.3374304], [44.3931419, 33.337301]]]}}, {"type": "Feature", "properties": {"osm": 1175999852, "building": "yes"}, "geometry": {"type": "Polygon", "coordinates": [[[44.3933984, 33.337613], [44.3934104, 33.3376275], [44.3932615, 33.3377116], [44.3932347, 33.3377149], [44.3932173, 33.3377116], [44.3932012, 33.3376981], [44.3931636, 33.3377172], [44.3929322, 33.3374304], [44.3931419, 33.337301], [44.3932487, 33.3374309], [44.3933984, 33.337613]]]}}, {"type": "Feature", "properties": {"osm": 1175999853, "building": "yes"}, "geometry": {"type": "Polygon", "coordinates": [[[44.3932487, 33.3374309], [44.3935747, 33.3372494], [44.3937214, 33.3374333], [44.3933984, 33.337613], [44.3932487, 33.3374309]]]}}, {"type": "Feature", "properties": {"osm": 1180699947, "building": "yes"}, "geometry": {"type": "Polygon", "coordinates": [[[44.3992724, 33.3332919], [44.3991335, 33.3332001], [44.3994145, 33.3329726], [44.3995258, 33.3330701], [44.3992724, 33.3332919]]]}}, {"type": "Feature", "properties": {"osm": 1180699951, "building": "yes"}, "geometry": {"type": "Polygon", "coordinates": [[[44.3991, 33.332772], [44.3988942, 33.3328936], [44.3988875, 33.3329317], [44.3989451, 33.3330068], [44.3989579, 33.3330057], [44.3989988, 33.3330471], [44.3989867, 33.3330572], [44.3990383, 33.3331166], [44.3990544, 33.3331166], [44.3990893, 33.3331603], [44.3991503, 33.3331256], [44.3991463, 33.33312], [44.3991845, 33.3330964], [44.3991785, 33.3330891], [44.3992301, 33.3330566], [44.3992247, 33.3330505], [44.3992817, 33.3330186], [44.3992697, 33.3330034], [44.3992925, 33.3329883], [44.3991, 33.332772]]]}}, {"type": "Feature", "properties": {"osm": 1180713207, "building": "yes"}, "geometry": {"type": "Polygon", "coordinates": [[[44.3995386, 33.3336079], [44.3992706, 33.3333412], [44.3992822, 33.333329], [44.399617, 33.3334595], [44.3995386, 33.3336079]]]}}, {"type": "Feature", "properties": {"osm": 1180713210, "building": "yes"}, "geometry": {"type": "Polygon", "coordinates": [[[44.4001977, 33.3337805], [44.4000603, 33.3336695], [44.3999283, 33.3338057], [44.399849, 33.3338875], [44.3999563, 33.3339732], [44.4000661, 33.3338856], [44.4001977, 33.3337805]]]}}, {"type": "Feature", "properties": {"osm": 1180713215, "building": "yes"}, "geometry": {"type": "Polygon", "coordinates": [[[44.4004185, 33.3343224], [44.4005137, 33.3343977], [44.4004573, 33.3344504], [44.4003696, 33.3343694], [44.4004185, 33.3343224]]]}}, {"type": "Feature", "properties": {"osm": 1180713216, "building": "yes"}, "geometry": {"type": "Polygon", "coordinates": [[[44.4002094, 33.3340032], [44.4003127, 33.334088], [44.40024, 33.3341682], [44.4001977, 33.3342035], [44.4001009, 33.3341111], [44.4002094, 33.3340032]]]}}, {"type": "Feature", "properties": {"osm": 1180713220, "building": "yes"}, "geometry": {"type": "Polygon", "coordinates": [[[44.399746, 33.3337947], [44.3995386, 33.3336079], [44.3996685, 33.3336735], [44.3997989, 33.3337392], [44.399746, 33.3337947]]]}}, {"type": "Feature", "properties": {"osm": 1180713224, "building": "yes"}, "geometry": {"type": "Polygon", "coordinates": [[[44.4000458, 33.3340585], [44.3999563, 33.3339732], [44.4000661, 33.3338856], [44.400155, 33.3339585], [44.4000458, 33.3340585]]]}}, {"type": "Feature", "properties": {"osm": 1180713226, "building": "yes"}, "geometry": {"type": "Polygon", "coordinates": [[[44.3996685, 33.3336735], [44.3995386, 33.3336079], [44.399617, 33.3334595], [44.3997746, 33.3334701], [44.3998258, 33.3335049], [44.3999402, 33.3335827], [44.399814, 33.3337469], [44.3997989, 33.3337392], [44.3996685, 33.3336735]]]}}, {"type": "Feature", "properties": {"osm": 1180713233, "building": "yes"}, "geometry": {"type": "Polygon", "coordinates": [[[44.3997989, 33.3337392], [44.399814, 33.3337469], [44.3999283, 33.3338057], [44.399849, 33.3338875], [44.399746, 33.3337947], [44.3997989, 33.3337392]]]}}, {"type": "Feature", "properties": {"osm": 1180713240, "building": "yes"}, "geometry": {"type": "Polygon", "coordinates": [[[44.4005137, 33.3343977], [44.4005801, 33.334444], [44.4005062, 33.3344993], [44.4004573, 33.3344504], [44.4005137, 33.3343977]]]}}, {"type": "Feature", "properties": {"osm": 1180713248, "building": "yes"}, "geometry": {"type": "Polygon", "coordinates": [[[44.400155, 33.3339585], [44.4001658, 33.3339674], [44.4002094, 33.3340032], [44.4001009, 33.3341111], [44.4000458, 33.3340585], [44.400155, 33.3339585]]]}}, {"type": "Feature", "properties": {"osm": 1180713262, "building": "yes"}, "geometry": {"type": "Polygon", "coordinates": [[[44.4003696, 33.3343694], [44.4001977, 33.3342035], [44.40024, 33.3341682], [44.400374, 33.3342836], [44.4004185, 33.3343224], [44.4003696, 33.3343694]]]}}, {"type": "Feature", "properties": {"osm": 1191873925, "building": "yes"}, "geometry": {"type": "Polygon", "coordinates": [[[44.3882961, 33.3406761], [44.388284, 33.3406644], [44.3883182, 33.3406403], [44.3882679, 33.3405904], [44.3881719, 33.3406552], [44.3881254, 33.3406181], [44.3880636, 33.3406631], [44.3881036, 33.3407059], [44.3881552, 33.3407609], [44.3882961, 33.3406761]]]}}, {"type": "Feature", "properties": {"osm": 1191873926, "building": "yes"}, "geometry": {"type": "Polygon", "coordinates": [[[44.3884767, 33.3405914], [44.3883795, 33.340509], [44.3883181, 33.3405537], [44.3883653, 33.3406078], [44.388401, 33.3406449], [44.3884767, 33.3405914]]]}}, {"type": "Feature", "properties": {"osm": 1191873927, "building": "yes"}, "geometry": {"type": "Polygon", "coordinates": [[[44.3882571, 33.3408737], [44.3884645, 33.3407597], [44.3884282, 33.3407254], [44.3883786, 33.3407557], [44.3882961, 33.3406761], [44.3881552, 33.3407609], [44.3882571, 33.3408737]]]}}, {"type": "Feature", "properties": {"osm": 1191873931, "building": "yes"}, "geometry": {"type": "Polygon", "coordinates": [[[44.3882679, 33.3405904], [44.3881719, 33.3406552], [44.3881254, 33.3406181], [44.3880636, 33.3406631], [44.3879427, 33.3405327], [44.3878856, 33.340471], [44.3878643, 33.340448], [44.3879036, 33.3404061], [44.3878617, 33.3403712], [44.3879211, 33.3403132], [44.3880719, 33.340461], [44.3881546, 33.3405484], [44.3881875, 33.3405826], [44.3882324, 33.340554], [44.3882679, 33.3405904]]]}}, {"type": "Feature", "properties": {"osm": 1191873934, "building": "retail"}, "geometry": {"type": "Polygon", "coordinates": [[[44.3883106, 33.3398852], [44.3881204, 33.3400445], [44.3880944, 33.3400235], [44.3882835, 33.339863], [44.3883106, 33.3398852]]]}}, {"type": "Feature", "properties": {"osm": 1191873935, "building": "retail"}, "geometry": {"type": "Polygon", "coordinates": [[[44.388432, 33.3397866], [44.3883106, 33.3398852], [44.3882835, 33.339863], [44.3883101, 33.3398405], [44.3882885, 33.3398227], [44.3883826, 33.3397412], [44.388432, 33.3397866]]]}}, {"type": "Feature", "properties": {"osm": 1191873936, "building": "retail"}, "geometry": {"type": "Polygon", "coordinates": [[[44.3883826, 33.3397412], [44.388432, 33.3397866], [44.3885519, 33.3397001], [44.388521, 33.3396688], [44.3884272, 33.3397399], [44.3884079, 33.3397221], [44.3883826, 33.3397412]]]}}, {"type": "Feature", "properties": {"osm": 1192937052, "building": "yes"}, "geometry": {"type": "Polygon", "coordinates": [[[44.3891289, 33.3402795], [44.3892355, 33.3403997], [44.3891148, 33.3404745], [44.389014, 33.340365], [44.3891289, 33.3402795]]]}}, {"type": "Feature", "properties": {"osm": 1192937054, "building": "yes"}, "geometry": {"type": "Polygon", "coordinates": [[[44.3894676, 33.3399798], [44.3895854, 33.3399064], [44.3896701, 33.339995], [44.3894623, 33.3401156], [44.3894561, 33.3401059], [44.3894025, 33.3400286], [44.3894226, 33.3400157], [44.3894313, 33.3399994], [44.3894488, 33.3399888], [44.3894676, 33.3399798]]]}}, {"type": "Feature", "properties": {"osm": 1192937055, "building": "yes"}, "geometry": {"type": "Polygon", "coordinates": [[[44.3893876, 33.3398313], [44.3892989, 33.3398965], [44.3894025, 33.3400286], [44.3894226, 33.3400157], [44.3894313, 33.3399994], [44.3894488, 33.3399888], [44.3894676, 33.3399798], [44.3893876, 33.3398313]]]}}, {"type": "Feature", "properties": {"osm": 1192937056, "building": "yes"}, "geometry": {"type": "Polygon", "coordinates": [[[44.3893876, 33.3398313], [44.3894676, 33.3399798], [44.3895854, 33.3399064], [44.3894623, 33.3397777], [44.3893876, 33.3398313]]]}}, {"type": "Feature", "properties": {"osm": 1192937057, "building": "yes"}, "geometry": {"type": "Polygon", "coordinates": [[[44.3893073, 33.3400448], [44.3892731, 33.3400695], [44.3891833, 33.3399815], [44.3892188, 33.3399554], [44.3893073, 33.3400448]]]}}, {"type": "Feature", "properties": {"osm": 1192937058, "building": "yes"}, "geometry": {"type": "Polygon", "coordinates": [[[44.3892188, 33.3399554], [44.3892989, 33.3398965], [44.3894025, 33.3400286], [44.3893321, 33.34007], [44.3893073, 33.3400448], [44.3892188, 33.3399554]]]}}, {"type": "Feature", "properties": {"osm": 1192937059, "building": "yes"}, "geometry": {"type": "Polygon", "coordinates": [[[44.3892731, 33.3400695], [44.3893073, 33.3400448], [44.3893321, 33.34007], [44.3894025, 33.3400286], [44.3894561, 33.3401059], [44.3893442, 33.3401664], [44.3893066, 33.340186], [44.3892932, 33.3401686], [44.3892335, 33.3400941], [44.3892731, 33.3400695]]]}}, {"type": "Feature", "properties": {"osm": 1192937060, "building": "yes"}, "geometry": {"type": "Polygon", "coordinates": [[[44.3890983, 33.340044], [44.3891833, 33.3399815], [44.3892731, 33.3400695], [44.3892335, 33.3400941], [44.3892932, 33.3401686], [44.3892221, 33.3402095], [44.3891383, 33.3401187], [44.3891551, 33.3401081], [44.3890983, 33.340044]]]}}, {"type": "Feature", "properties": {"osm": 1192937061, "building": "yes"}, "geometry": {"type": "Polygon", "coordinates": [[[44.3890983, 33.340044], [44.3891551, 33.3401081], [44.3891383, 33.3401187], [44.3892221, 33.3402095], [44.3892932, 33.3401686], [44.3893066, 33.340186], [44.3893442, 33.3401664], [44.3894005, 33.3402252], [44.3892255, 33.3403311], [44.3891484, 33.3402661], [44.3891055, 33.340225], [44.3891222, 33.3402147], [44.3890121, 33.3401073], [44.3890983, 33.340044]]]}}, {"type": "Feature", "properties": {"osm": 1192937062, "building": "yes"}, "geometry": {"type": "Polygon", "coordinates": [[[44.389014, 33.340365], [44.3889049, 33.3402465], [44.3889485, 33.3401664], [44.3890121, 33.3401073], [44.3891222, 33.3402147], [44.3891055, 33.340225], [44.3891484, 33.3402661], [44.3891289, 33.3402795], [44.389014, 33.340365]]]}}, {"type": "Feature", "properties": {"osm": 1192937063, "building": "yes"}, "geometry": {"type": "Polygon", "coordinates": [[[44.3891484, 33.3402661], [44.3892255, 33.3403311], [44.3892775, 33.3403737], [44.3892355, 33.3403997], [44.3891289, 33.3402795], [44.3891484, 33.3402661]]]}}, {"type": "Feature", "properties": {"osm": 1192937064, "building": "yes"}, "geometry": {"type": "Polygon", "coordinates": [[[44.3893636, 33.3403204], [44.3894018, 33.3403574], [44.3894832, 33.3403114], [44.3895429, 33.3402777], [44.3894903, 33.3402129], [44.389424, 33.3401378], [44.3894623, 33.3401156], [44.3894561, 33.3401059], [44.3893442, 33.3401664], [44.3894005, 33.3402252], [44.3892255, 33.3403311], [44.3892775, 33.3403737], [44.3893024, 33.3403583], [44.3893636, 33.3403204]]]}}, {"type": "Feature", "properties": {"osm": 1192937065, "building": "yes"}, "geometry": {"type": "Polygon", "coordinates": [[[44.3895314, 33.3403723], [44.3896037, 33.3404635], [44.3894863, 33.3405327], [44.3894052, 33.3404561], [44.3895314, 33.3403723]]]}}, {"type": "Feature", "properties": {"osm": 1192937066, "building": "yes"}, "geometry": {"type": "Polygon", "coordinates": [[[44.3895314, 33.3403723], [44.3894832, 33.3403114], [44.3895429, 33.3402777], [44.3895963, 33.3403434], [44.3896673, 33.340426], [44.3896037, 33.3404635], [44.3895314, 33.3403723]]]}}, {"type": "Feature", "properties": {"osm": 1192937067, "building": "yes"}, "geometry": {"type": "Polygon", "coordinates": [[[44.3895963, 33.3403434], [44.3896298, 33.3403221], [44.3897029, 33.340405], [44.3896673, 33.340426], [44.3895963, 33.3403434]]]}}, {"type": "Feature", "properties": {"osm": 1192937068, "building": "yes"}, "geometry": {"type": "Polygon", "coordinates": [[[44.3894052, 33.3404561], [44.3893024, 33.3403583], [44.3893636, 33.3403204], [44.3894018, 33.3403574], [44.3894832, 33.3403114], [44.3895314, 33.3403723], [44.3894052, 33.3404561]]]}}, {"type": "Feature", "properties": {"osm": 1192937069, "building": "yes"}, "geometry": {"type": "Polygon", "coordinates": [[[44.3890976, 33.3407976], [44.3891791, 33.3407448], [44.3892682, 33.340687], [44.3892865, 33.3406759], [44.3894052, 33.3408229], [44.3894253, 33.3408464], [44.3893808, 33.3408773], [44.3892286, 33.3409869], [44.3892041, 33.3409629], [44.3890995, 33.3408513], [44.3891297, 33.3408315], [44.3890976, 33.3407976]]]}}, {"type": "Feature", "properties": {"osm": 1192937070, "building": "yes"}, "geometry": {"type": "Polygon", "coordinates": [[[44.3898105, 33.3403721], [44.3898622, 33.3403432], [44.3899551, 33.3404433], [44.389901, 33.3404707], [44.3898105, 33.3403721]]]}}, {"type": "Feature", "properties": {"osm": 1192937071, "building": "yes"}, "geometry": {"type": "Polygon", "coordinates": [[[44.3898105, 33.3405865], [44.3897443, 33.340624], [44.3897143, 33.3406465], [44.3896888, 33.3406229], [44.3895806, 33.3405005], [44.389673, 33.3404488], [44.3898105, 33.3405865]]]}}, {"type": "Feature", "properties": {"osm": 1192937072, "building": "yes"}, "geometry": {"type": "Polygon", "coordinates": [[[44.3896888, 33.3406229], [44.3896448, 33.3406539], [44.3895311, 33.3405281], [44.3895806, 33.3405005], [44.3896888, 33.3406229]]]}}, {"type": "Feature", "properties": {"osm": 1192937073, "building": "yes"}, "geometry": {"type": "Polygon", "coordinates": [[[44.3896448, 33.3406539], [44.3896053, 33.3406818], [44.389491, 33.3405529], [44.3895311, 33.3405281], [44.3896448, 33.3406539]]]}}, {"type": "Feature", "properties": {"osm": 1192937074, "building": "yes"}, "geometry": {"type": "Polygon", "coordinates": [[[44.389901, 33.3404707], [44.3899364, 33.3405152], [44.3898105, 33.3405865], [44.389673, 33.3404488], [44.3898105, 33.3403721], [44.389901, 33.3404707]]]}}, {"type": "Feature", "properties": {"osm": 1192937075, "building": "yes"}, "geometry": {"type": "Polygon", "coordinates": [[[44.3894749, 33.3405619], [44.389491, 33.3405529], [44.3896053, 33.3406818], [44.3894052, 33.3408229], [44.3892865, 33.3406759], [44.3894749, 33.3405619]]]}}, {"type": "Feature", "properties": {"osm": 1192937076, "building": "yes"}, "geometry": {"type": "Polygon", "coordinates": [[[44.3893808, 33.3408773], [44.3894253, 33.3408464], [44.3894052, 33.3408229], [44.3896053, 33.3406818], [44.3896448, 33.3406539], [44.3896888, 33.3406229], [44.3897143, 33.3406465], [44.3897443, 33.340624], [44.3898591, 33.3407477], [44.3894957, 33.3409886], [44.3893808, 33.3408773]]]}}, {"type": "Feature", "properties": {"osm": 1192937077, "building": "yes"}, "geometry": {"type": "Polygon", "coordinates": [[[44.3891884, 33.3406029], [44.3892682, 33.340687], [44.3892865, 33.3406759], [44.3894749, 33.3405619], [44.3893946, 33.3404774], [44.3891884, 33.3406029]]]}}, {"type": "Feature", "properties": {"osm": 1192937078, "building": "yes"}, "geometry": {"type": "Polygon", "coordinates": [[[44.3893521, 33.3404329], [44.3893073, 33.340386], [44.3891036, 33.3405099], [44.3891472, 33.3405577], [44.3893521, 33.3404329]]]}}, {"type": "Feature", "properties": {"osm": 1192937079, "building": "yes"}, "geometry": {"type": "Polygon", "coordinates": [[[44.3893946, 33.3404774], [44.3893521, 33.3404329], [44.3891472, 33.3405577], [44.3891884, 33.3406029], [44.3893946, 33.3404774]]]}}, {"type": "Feature", "properties": {"osm": 1192937080, "building": "yes"}, "geometry": {"type": "Polygon", "coordinates": [[[44.3891884, 33.3406029], [44.3891472, 33.3405577], [44.3891036, 33.3405099], [44.3890347, 33.3405545], [44.3891207, 33.3406471], [44.3891884, 33.3406029]]]}}, {"type": "Feature", "properties": {"osm": 1192937081, "building": "yes"}, "geometry": {"type": "Polygon", "coordinates": [[[44.3891077, 33.3406555], [44.3891016, 33.3406595], [44.389019, 33.340713], [44.3890976, 33.3407976], [44.3891791, 33.3407448], [44.3891077, 33.3406555]]]}}, {"type": "Feature", "properties": {"osm": 1192937083, "building": "yes"}, "geometry": {"type": "Polygon", "coordinates": [[[44.3891207, 33.3406471], [44.3891077, 33.3406555], [44.3891791, 33.3407448], [44.3892682, 33.340687], [44.3891884, 33.3406029], [44.3891207, 33.3406471]]]}}, {"type": "Feature", "properties": {"osm": 1192937084, "building": "yes"}, "geometry": {"type": "Polygon", "coordinates": [[[44.3889047, 33.3406417], [44.3890095, 33.3405697], [44.3891016, 33.3406595], [44.389019, 33.340713], [44.3890102, 33.340704], [44.388984, 33.3406761], [44.3889548, 33.3406952], [44.3889047, 33.3406417]]]}}, {"type": "Feature", "properties": {"osm": 1192937085, "building": "yes"}, "geometry": {"type": "Polygon", "coordinates": [[[44.3890976, 33.3407976], [44.3891297, 33.3408315], [44.3890995, 33.3408513], [44.3892041, 33.3409629], [44.389068, 33.3410519], [44.3889309, 33.3409056], [44.3890976, 33.3407976]]]}}, {"type": "Feature", "properties": {"osm": 1192937086, "building": "yes"}, "geometry": {"type": "Polygon", "coordinates": [[[44.3888439, 33.3408127], [44.3890102, 33.340704], [44.389019, 33.340713], [44.3890976, 33.3407976], [44.3889309, 33.3409056], [44.3888439, 33.3408127]]]}}, {"type": "Feature", "properties": {"osm": 1192937087, "building": "yes"}, "geometry": {"type": "Polygon", "coordinates": [[[44.3887677, 33.3407313], [44.3888439, 33.3408127], [44.3890102, 33.340704], [44.388984, 33.3406761], [44.3889548, 33.3406952], [44.3889047, 33.3406417], [44.3887677, 33.3407313]]]}}, {"type": "Feature", "properties": {"osm": 1192937088, "building": "yes"}, "geometry": {"type": "Polygon", "coordinates": [[[44.3891257, 33.3411044], [44.3892543, 33.3410117], [44.3892286, 33.3409869], [44.3892041, 33.3409629], [44.389068, 33.3410519], [44.3891257, 33.3411044]]]}}, {"type": "Feature", "properties": {"osm": 1192937089, "building": "yes"}, "geometry": {"type": "Polygon", "coordinates": [[[44.3893808, 33.3408773], [44.3892286, 33.3409869], [44.3892543, 33.3410117], [44.3891257, 33.3411044], [44.389215, 33.3411909], [44.3894957, 33.3409886], [44.3893808, 33.3408773]]]}}, {"type": "Feature", "properties": {"osm": 1192937090, "building": "yes"}, "geometry": {"type": "Polygon", "coordinates": [[[44.3890576, 33.3411614], [44.3889931, 33.3410877], [44.3889037, 33.3411509], [44.3889749, 33.3412201], [44.3890576, 33.3411614]]]}}, {"type": "Feature", "properties": {"osm": 1192937091, "building": "yes"}, "geometry": {"type": "Polygon", "coordinates": [[[44.3901662, 33.3412813], [44.3902314, 33.3412226], [44.3902926, 33.3412847], [44.3903656, 33.3413682], [44.3904714, 33.3414893], [44.3903972, 33.3415364], [44.3901662, 33.3412813]]]}}, {"type": "Feature", "properties": {"osm": 1192937092, "building": "yes"}, "geometry": {"type": "Polygon", "coordinates": [[[44.3895613, 33.3409885], [44.3896298, 33.340945], [44.3896738, 33.3409879], [44.3896152, 33.3410435], [44.3895613, 33.3409885]]]}}, {"type": "Feature", "properties": {"osm": 1192937093, "building": "yes"}, "geometry": {"type": "Polygon", "coordinates": [[[44.390116, 33.3413265], [44.3901662, 33.3412813], [44.3902314, 33.3412226], [44.3901341, 33.3411826], [44.3900388, 33.3412699], [44.390116, 33.3413265]]]}}, {"type": "Feature", "properties": {"osm": 1192937094, "building": "yes"}, "geometry": {"type": "Polygon", "coordinates": [[[44.3902541, 33.3411775], [44.3903422, 33.3412384], [44.3905605, 33.3410347], [44.3903946, 33.340949], [44.3903024, 33.3410604], [44.3902541, 33.3411775]]]}}, {"type": "Feature", "properties": {"osm": 1192937095, "building": "yes"}, "geometry": {"type": "Polygon", "coordinates": [[[44.3905203, 33.3412218], [44.3906477, 33.3411019], [44.3905605, 33.3410347], [44.3903422, 33.3412384], [44.3902926, 33.3412847], [44.3903656, 33.3413682], [44.3905203, 33.3412218]]]}}, {"type": "Feature", "properties": {"osm": 1192937096, "building": "yes"}, "geometry": {"type": "Polygon", "coordinates": [[[44.3900777, 33.3410173], [44.3901401, 33.3411125], [44.390185, 33.3411551], [44.3902172, 33.3411713], [44.3902541, 33.3411775], [44.3903024, 33.3410604], [44.3903946, 33.340949], [44.3902253, 33.340861], [44.3900777, 33.3410173]]]}}, {"type": "Feature", "properties": {"osm": 1192937098, "building": "yes"}, "geometry": {"type": "Polygon", "coordinates": [[[44.3903656, 33.3413682], [44.3904714, 33.3414893], [44.390633, 33.341382], [44.3906343, 33.3413461], [44.3905203, 33.3412218], [44.3903656, 33.3413682]]]}}, {"type": "Feature", "properties": {"osm": 1192937099, "building": "yes"}, "geometry": {"type": "Polygon", "coordinates": [[[44.3901195, 33.3414583], [44.3900558, 33.3415266], [44.3899887, 33.3414661], [44.3899926, 33.3414021], [44.3899939, 33.3413618], [44.3901195, 33.3414583]]]}}, {"type": "Feature", "properties": {"osm": 1192937100, "building": "yes"}, "geometry": {"type": "Polygon", "coordinates": [[[44.3899939, 33.3413618], [44.3900127, 33.3413092], [44.3900388, 33.3412699], [44.390116, 33.3413265], [44.390187, 33.3413859], [44.3901195, 33.3414583], [44.3899939, 33.3413618]]]}}, {"type": "Feature", "properties": {"osm": 1192937101, "building": "yes"}, "geometry": {"type": "Polygon", "coordinates": [[[44.3903972, 33.3415364], [44.3901897, 33.3416682], [44.3900953, 33.3415831], [44.390043, 33.341536], [44.3900558, 33.3415266], [44.3901195, 33.3414583], [44.390187, 33.3413859], [44.390116, 33.3413265], [44.3901662, 33.3412813], [44.3903972, 33.3415364]]]}}, {"type": "Feature", "properties": {"osm": 1192937102, "building": "yes"}, "geometry": {"type": "Polygon", "coordinates": [[[44.389932, 33.3415197], [44.3898839, 33.3415652], [44.3899339, 33.3416176], [44.389995, 33.3415719], [44.389932, 33.3415197]]]}}, {"type": "Feature", "properties": {"osm": 1192937103, "building": "yes"}, "geometry": {"type": "Polygon", "coordinates": [[[44.3899786, 33.3416646], [44.3900663, 33.3417567], [44.3901897, 33.3416682], [44.3900953, 33.3415831], [44.3899786, 33.3416646]]]}}, {"type": "Feature", "properties": {"osm": 1192937104, "building": "yes"}, "geometry": {"type": "Polygon", "coordinates": [[[44.389995, 33.3415719], [44.390043, 33.341536], [44.3900558, 33.3415266], [44.3899887, 33.3414661], [44.389932, 33.3415197], [44.389995, 33.3415719]]]}}, {"type": "Feature", "properties": {"osm": 1192937105, "building": "yes"}, "geometry": {"type": "Polygon", "coordinates": [[[44.3900953, 33.3415831], [44.390043, 33.341536], [44.389995, 33.3415719], [44.3899339, 33.3416176], [44.3899786, 33.3416646], [44.3900953, 33.3415831]]]}}, {"type": "Feature", "properties": {"osm": 1192937106, "building": "yes"}, "geometry": {"type": "Polygon", "coordinates": [[[44.3895366, 33.3413837], [44.3895532, 33.3413907], [44.3895782, 33.3413635], [44.3895976, 33.3413702], [44.3897096, 33.3412481], [44.3896706, 33.3412141], [44.389497, 33.3413579], [44.3895091, 33.341368], [44.3895366, 33.3413837]]]}}, {"type": "Feature", "properties": {"osm": 1192937107, "building": "yes"}, "geometry": {"type": "Polygon", "coordinates": [[[44.3897815, 33.3413776], [44.3898512, 33.3413089], [44.3899275, 33.3413652], [44.3899456, 33.3413461], [44.3899658, 33.3413585], [44.3899705, 33.3413741], [44.3899637, 33.341396], [44.3899617, 33.34141], [44.3899644, 33.3414346], [44.3899684, 33.3414554], [44.3899383, 33.3414772], [44.3897815, 33.3413776]]]}}, {"type": "Feature", "properties": {"osm": 1192937108, "building": "yes"}, "geometry": {"type": "Polygon", "coordinates": [[[44.3896604, 33.341444], [44.3897451, 33.3413545], [44.3897815, 33.3413776], [44.3899383, 33.3414772], [44.3898441, 33.341558], [44.3897559, 33.3414935], [44.3896604, 33.341444]]]}}, {"type": "Feature", "properties": {"osm": 1192937109, "building": "yes"}, "geometry": {"type": "Polygon", "coordinates": [[[44.3895393, 33.341515], [44.3894615, 33.3414565], [44.3895366, 33.3413837], [44.3895532, 33.3413907], [44.3896273, 33.3414268], [44.3895393, 33.341515]]]}}, {"type": "Feature", "properties": {"osm": 1192937110, "building": "yes"}, "geometry": {"type": "Polygon", "coordinates": [[[44.3896273, 33.3414268], [44.3896604, 33.341444], [44.3897559, 33.3414935], [44.3896432, 33.3415932], [44.3895393, 33.341515], [44.3896273, 33.3414268]]]}}, {"type": "Feature", "properties": {"osm": 1192937112, "building": "yes"}, "geometry": {"type": "Polygon", "coordinates": [[[44.3893898, 33.3413893], [44.3894407, 33.3414397], [44.3895091, 33.341368], [44.389497, 33.3413579], [44.3894602, 33.3413293], [44.3893898, 33.3413893]]]}}, {"type": "Feature", "properties": {"osm": 1192937113, "building": "yes"}, "geometry": {"type": "Polygon", "coordinates": [[[44.3893898, 33.3413893], [44.3894602, 33.3413293], [44.389497, 33.3413579], [44.3896706, 33.3412141], [44.3896325, 33.3411809], [44.3895882, 33.3412139], [44.389539, 33.3411733], [44.3893354, 33.3413383], [44.3893898, 33.3413893]]]}}, {"type": "Feature", "properties": {"osm": 1192937114, "building": "yes"}, "geometry": {"type": "Polygon", "coordinates": [[[44.389539, 33.3411733], [44.3893354, 33.3413383], [44.3892288, 33.341233], [44.3894273, 33.3410812], [44.389539, 33.3411733]]]}}, {"type": "Feature", "properties": {"osm": 1192937115, "building": "yes"}, "geometry": {"type": "Polygon", "coordinates": [[[44.3894903, 33.3410335], [44.3894273, 33.3410812], [44.389539, 33.3411733], [44.3895882, 33.3412139], [44.3896325, 33.3411809], [44.3896706, 33.3412141], [44.3897096, 33.3412481], [44.3897673, 33.3411943], [44.3897351, 33.3411657], [44.3895924, 33.3410652], [44.3895647, 33.3410934], [44.3895298, 33.341059], [44.3895218, 33.3410647], [44.3894903, 33.3410335]]]}}, {"type": "Feature", "properties": {"osm": 1192937116, "building": "yes"}, "geometry": {"type": "Polygon", "coordinates": [[[44.3897673, 33.3411943], [44.3897096, 33.3412481], [44.3895976, 33.3413702], [44.3895782, 33.3413635], [44.3895532, 33.3413907], [44.3896273, 33.3414268], [44.3896604, 33.341444], [44.3897451, 33.3413545], [44.3897815, 33.3413776], [44.3898512, 33.3413089], [44.38978, 33.3412576], [44.3898632, 33.3411534], [44.3899128, 33.3411809], [44.3899047, 33.341196], [44.3899208, 33.3412076], [44.3899611, 33.3411763], [44.3897633, 33.3409904], [44.3897197, 33.3410324], [44.3896738, 33.3409879], [44.3896152, 33.3410435], [44.3895924, 33.3410652], [44.3897351, 33.3411657], [44.3897673, 33.3411943]]]}}, {"type": "Feature", "properties": {"osm": 1192937117, "building": "yes"}, "geometry": {"type": "Polygon", "coordinates": [[[44.3899406, 33.3412218], [44.3899208, 33.3412076], [44.3899047, 33.341196], [44.3899128, 33.3411809], [44.3898632, 33.3411534], [44.38978, 33.3412576], [44.3898512, 33.3413089], [44.3899406, 33.3412218]]]}}, {"type": "Feature", "properties": {"osm": 1192937118, "building": "yes"}, "geometry": {"type": "Polygon", "coordinates": [[[44.3898512, 33.3413089], [44.3899275, 33.3413652], [44.3899456, 33.3413461], [44.3899658, 33.3413585], [44.3899738, 33.3413237], [44.3899959, 33.3412946], [44.390006, 33.3412688], [44.3899406, 33.3412218], [44.3898512, 33.3413089]]]}}, {"type": "Feature", "properties": {"osm": 1192937120, "building": "yes"}, "geometry": {"type": "Polygon", "coordinates": [[[44.3900999, 33.3410996], [44.3901247, 33.3411607], [44.3900355, 33.3412408], [44.3899731, 33.3411876], [44.3900999, 33.3410996]]]}}, {"type": "Feature", "properties": {"osm": 1192937121, "building": "yes"}, "geometry": {"type": "Polygon", "coordinates": [[[44.3896152, 33.3410435], [44.3895924, 33.3410652], [44.3895647, 33.3410934], [44.3895298, 33.341059], [44.3895218, 33.3410647], [44.3894903, 33.3410335], [44.3895613, 33.3409885], [44.3896152, 33.3410435]]]}}, {"type": "Feature", "properties": {"osm": 1192937122, "building": "yes"}, "geometry": {"type": "Polygon", "coordinates": [[[44.3897297, 33.34088], [44.3896298, 33.340945], [44.3896738, 33.3409879], [44.3897197, 33.3410324], [44.3897633, 33.3409904], [44.3898109, 33.3409484], [44.3897297, 33.34088]]]}}, {"type": "Feature", "properties": {"osm": 1192937123, "building": "yes"}, "geometry": {"type": "Polygon", "coordinates": [[[44.3898243, 33.3408145], [44.3897297, 33.34088], [44.3898109, 33.3409484], [44.3897633, 33.3409904], [44.3899611, 33.3411763], [44.3899731, 33.3411876], [44.3900999, 33.3410996], [44.3900583, 33.3410078], [44.3898243, 33.3408145]]]}}, {"type": "Feature", "properties": {"osm": 1192937124, "building": "yes"}, "geometry": {"type": "Polygon", "coordinates": [[[44.3901721, 33.3408056], [44.3903258, 33.3408967], [44.3903936, 33.3408343], [44.3902839, 33.3407078], [44.3901721, 33.3408056]]]}}, {"type": "Feature", "properties": {"osm": 1192937125, "building": "yes"}, "geometry": {"type": "Polygon", "coordinates": [[[44.3899788, 33.3409414], [44.3900583, 33.3410078], [44.3902025, 33.3408532], [44.390114, 33.3408009], [44.3899788, 33.3409414]]]}}, {"type": "Feature", "properties": {"osm": 1192937126, "building": "yes"}, "geometry": {"type": "Polygon", "coordinates": [[[44.390114, 33.3408009], [44.3899959, 33.340731], [44.3899725, 33.3407338], [44.3899416, 33.3407422], [44.3898243, 33.3408145], [44.3899788, 33.3409414], [44.390114, 33.3408009]]]}}, {"type": "Feature", "properties": {"osm": 1192937127, "building": "yes"}, "geometry": {"type": "Polygon", "coordinates": [[[44.3898638, 33.3415724], [44.3898441, 33.341558], [44.3897559, 33.3414935], [44.3896432, 33.3415932], [44.3897498, 33.3416699], [44.3898638, 33.3415724]]]}}, {"type": "Feature", "properties": {"osm": 1192937128, "building": "yes"}, "geometry": {"type": "Polygon", "coordinates": [[[44.3899228, 33.3416363], [44.3898638, 33.3415724], [44.3897498, 33.3416699], [44.3898176, 33.3417186], [44.3899228, 33.3416363]]]}}, {"type": "Feature", "properties": {"osm": 1192937129, "building": "yes"}, "geometry": {"type": "Polygon", "coordinates": [[[44.3900062, 33.3417844], [44.3900194, 33.3417803], [44.3900442, 33.3417635], [44.3899785, 33.3416946], [44.3899433, 33.3417221], [44.3900062, 33.3417844]]]}}, {"type": "Feature", "properties": {"osm": 1192937130, "building": "yes"}, "geometry": {"type": "Polygon", "coordinates": [[[44.3899785, 33.3416946], [44.3899228, 33.3416363], [44.3898176, 33.3417186], [44.3898826, 33.3417696], [44.3899433, 33.3417221], [44.3899785, 33.3416946]]]}}, {"type": "Feature", "properties": {"osm": 1192937131, "building": "yes"}, "geometry": {"type": "Polygon", "coordinates": [[[44.3899433, 33.3417221], [44.3898826, 33.3417696], [44.3899041, 33.3417892], [44.3899436, 33.3417926], [44.3899745, 33.3417915], [44.3900062, 33.3417844], [44.3899433, 33.3417221]]]}}, {"type": "Feature", "properties": {"osm": 1192937134, "building": "yes"}, "geometry": {"type": "Polygon", "coordinates": [[[44.3892514, 33.3414809], [44.3891731, 33.3414409], [44.3891425, 33.341499], [44.3892112, 33.3415478], [44.3892514, 33.3414809]]]}}, {"type": "Feature", "properties": {"osm": 1192937135, "building": "yes"}, "geometry": {"type": "Polygon", "coordinates": [[[44.3896082, 33.3418483], [44.3895326, 33.3417982], [44.3896438, 33.3417073], [44.3898558, 33.3418514], [44.3898551, 33.3418839], [44.3897586, 33.3419601], [44.389669, 33.3418961], [44.3897145, 33.3418556], [44.3896536, 33.3418079], [44.3896082, 33.3418483]]]}}, {"type": "Feature", "properties": {"osm": 1192937136, "building": "yes"}, "geometry": {"type": "Polygon", "coordinates": [[[44.3896082, 33.3418483], [44.389669, 33.3418961], [44.3897145, 33.3418556], [44.3896536, 33.3418079], [44.3896082, 33.3418483]]]}}, {"type": "Feature", "properties": {"osm": 1192937149, "building": "yes"}, "geometry": {"type": "Polygon", "coordinates": [[[44.3891282, 33.3414738], [44.3891497, 33.3414352], [44.3891577, 33.3414044], [44.3891457, 33.3413674], [44.3891061, 33.3413198], [44.3890049, 33.3413797], [44.3891282, 33.3414738]]]}}, {"type": "Feature", "properties": {"osm": 1192937154, "building": "yes"}, "geometry": {"type": "Polygon", "coordinates": [[[44.3894702, 33.3417517], [44.3895326, 33.3417982], [44.3896438, 33.3417073], [44.3895753, 33.3416579], [44.3894702, 33.3417517]]]}}, {"type": "Feature", "properties": {"osm": 1192937155, "building": "yes"}, "geometry": {"type": "Polygon", "coordinates": [[[44.3893636, 33.3415887], [44.3893328, 33.3416307], [44.3893971, 33.3416867], [44.3894395, 33.3416452], [44.3893636, 33.3415887]]]}}, {"type": "Feature", "properties": {"osm": 1192937156, "building": "yes"}, "geometry": {"type": "Polygon", "coordinates": [[[44.3893971, 33.3416867], [44.3894702, 33.3417517], [44.3895753, 33.3416579], [44.389547, 33.3416374], [44.3894944, 33.3415915], [44.3894395, 33.3416452], [44.3893971, 33.3416867]]]}}, {"type": "Feature", "properties": {"osm": 1192937157, "building": "yes"}, "geometry": {"type": "Polygon", "coordinates": [[[44.3894395, 33.3416452], [44.3894944, 33.3415915], [44.3894185, 33.3415253], [44.3893636, 33.3415887], [44.3894395, 33.3416452]]]}}, {"type": "Feature", "properties": {"osm": 1192937185, "building": "yes"}, "geometry": {"type": "Polygon", "coordinates": [[[44.3889037, 33.3411509], [44.3889749, 33.3412201], [44.3890633, 33.341306], [44.3889564, 33.3413845], [44.3888731, 33.3413039], [44.3888352, 33.3412649], [44.3887923, 33.3412957], [44.3887755, 33.3412817], [44.3887532, 33.3412609], [44.3889037, 33.3411509]]]}}, {"type": "Feature", "properties": {"osm": 1192937186, "building": "yes"}, "geometry": {"type": "Polygon", "coordinates": [[[44.3887532, 33.3412609], [44.3887286, 33.341238], [44.3887105, 33.3412184], [44.3886803, 33.3412375], [44.3886025, 33.3411629], [44.3886253, 33.3411467], [44.3886005, 33.3411198], [44.3888641, 33.3409495], [44.3889931, 33.3410877], [44.3889037, 33.3411509], [44.3887532, 33.3412609]]]}}, {"type": "Feature", "properties": {"osm": 1192937191, "building": "yes"}, "geometry": {"type": "Polygon", "coordinates": [[[44.3889749, 33.3412201], [44.3890633, 33.341306], [44.3891419, 33.3412495], [44.3890576, 33.3411614], [44.3889749, 33.3412201]]]}}, {"type": "Feature", "properties": {"osm": 1192937218, "building": "yes"}, "geometry": {"type": "Polygon", "coordinates": [[[44.3884295, 33.3410167], [44.3884738, 33.3410621], [44.38852, 33.3410347], [44.3885658, 33.3410831], [44.3886005, 33.3411198], [44.3888641, 33.3409495], [44.3888003, 33.3408885], [44.3886857, 33.3409641], [44.3886215, 33.3409017], [44.388504, 33.3409721], [44.3884295, 33.3410167]]]}}, {"type": "Feature", "properties": {"osm": 1192937219, "building": "yes"}, "geometry": {"type": "Polygon", "coordinates": [[[44.3886215, 33.3409017], [44.3886857, 33.3409641], [44.3888003, 33.3408885], [44.3887236, 33.3408148], [44.3886803, 33.3408408], [44.3886951, 33.3408576], [44.3886438, 33.3408884], [44.3886215, 33.3409017]]]}}, {"type": "Feature", "properties": {"osm": 1192937220, "building": "yes"}, "geometry": {"type": "Polygon", "coordinates": [[[44.3886738, 33.3407671], [44.3886159, 33.3407115], [44.3885187, 33.3407679], [44.3885792, 33.3408261], [44.3886738, 33.3407671]]]}}, {"type": "Feature", "properties": {"osm": 1192937221, "building": "yes"}, "geometry": {"type": "Polygon", "coordinates": [[[44.3885187, 33.3407679], [44.3883859, 33.3408444], [44.388504, 33.3409721], [44.3886215, 33.3409017], [44.3886438, 33.3408884], [44.3885792, 33.3408261], [44.3885187, 33.3407679]]]}}, {"type": "Feature", "properties": {"osm": 1192937223, "building": "yes"}, "geometry": {"type": "Polygon", "coordinates": [[[44.3885792, 33.3408261], [44.3886438, 33.3408884], [44.3886951, 33.3408576], [44.3886803, 33.3408408], [44.3887236, 33.3408148], [44.3886738, 33.3407671], [44.3885792, 33.3408261]]]}}, {"type": "Feature", "properties": {"osm": 1193034268, "building": "roof"}, "geometry": {"type": "Polygon", "coordinates": [[[44.3885519, 33.3397001], [44.388521, 33.3396688], [44.3884661, 33.3396132], [44.388488, 33.3395982], [44.388508, 33.3395843], [44.3885387, 33.3396154], [44.3885488, 33.3396256], [44.3885571, 33.3396341], [44.3885756, 33.3396528], [44.3885938, 33.3396712], [44.3885744, 33.3396845], [44.3885519, 33.3397001]]]}}, {"type": "Feature", "properties": {"osm": 1193034269, "building": "roof"}, "geometry": {"type": "Polygon", "coordinates": [[[44.3885387, 33.3396154], [44.3887723, 33.3394674], [44.3890232, 33.3393184], [44.3890325, 33.3393281], [44.3890414, 33.3393374], [44.3887893, 33.3394871], [44.3885571, 33.3396341], [44.3885488, 33.3396256], [44.3885387, 33.3396154]]]}}, {"type": "Feature", "properties": {"osm": 1193034270, "building": "roof"}, "geometry": {"type": "Polygon", "coordinates": [[[44.3886207, 33.3391535], [44.3886498, 33.3391875], [44.3886708, 33.339175], [44.3886942, 33.3391611], [44.3887984, 33.3392831], [44.388862, 33.3393511], [44.3889846, 33.3392779], [44.3889629, 33.3392553], [44.3888931, 33.3392969], [44.3888688, 33.3393114], [44.3888518, 33.3392915], [44.3888326, 33.339303], [44.3888132, 33.3392804], [44.3888318, 33.3392693], [44.3886958, 33.3391085], [44.3886676, 33.3391251], [44.3886207, 33.3391535]]]}}, {"type": "Feature", "properties": {"osm": 1193034272, "building": "roof"}, "geometry": {"type": "Polygon", "coordinates": [[[44.3885938, 33.3396712], [44.3885744, 33.3396845], [44.3885519, 33.3397001], [44.388432, 33.3397866], [44.3883106, 33.3398852], [44.3881204, 33.3400445], [44.388049, 33.3401081], [44.3880635, 33.3401196], [44.3880794, 33.340132], [44.3881118, 33.3401031], [44.3882628, 33.3399698], [44.3884364, 33.3398332], [44.3884895, 33.3397939], [44.3885286, 33.3397668], [44.3886711, 33.3396675], [44.3887467, 33.3396186], [44.3889054, 33.3395236], [44.3891091, 33.3394082], [44.3890942, 33.3393926], [44.38908, 33.3393778], [44.388801, 33.3395417], [44.3885938, 33.3396712]]]}}, {"type": "Feature", "properties": {"osm": 1193034273, "building": "retail"}, "geometry": {"type": "Polygon", "coordinates": [[[44.3889846, 33.3392779], [44.3890232, 33.3393184], [44.3887723, 33.3394674], [44.3885387, 33.3396154], [44.388508, 33.3395843], [44.3885375, 33.3395664], [44.3885195, 33.3395476], [44.388862, 33.3393511], [44.3889846, 33.3392779]]]}}, {"type": "Feature", "properties": {"osm": 1193034274, "name": "كبة السراي", "building": "yes", "amenity": "fast_food"}, "geometry": {"type": "Polygon", "coordinates": [[[44.3881118, 33.3401031], [44.3880794, 33.340132], [44.3881152, 33.3401572], [44.3881458, 33.3401282], [44.3881118, 33.3401031]]]}}, {"type": "Feature", "properties": {"osm": 1195650611, "building": "yes"}, "geometry": {"type": "Polygon", "coordinates": [[[44.388737, 33.3401405], [44.3888308, 33.3402398], [44.3888127, 33.3402506], [44.388742, 33.3402924], [44.388677, 33.3403193], [44.3886025, 33.3402313], [44.388737, 33.3401405]]]}}, {"type": "Feature", "properties": {"osm": 1195650612, "building": "yes"}, "geometry": {"type": "Polygon", "coordinates": [[[44.3884895, 33.3397939], [44.3885136, 33.3398178], [44.3885327, 33.3398374], [44.3886784, 33.3399843], [44.3886061, 33.3400406], [44.3885536, 33.3399804], [44.3885858, 33.339949], [44.3884662, 33.3398545], [44.3884364, 33.3398332], [44.3884895, 33.3397939]]]}}, {"type": "Feature", "properties": {"osm": 1195650613, "building": "yes"}, "geometry": {"type": "Polygon", "coordinates": [[[44.3888093, 33.3399949], [44.3887433, 33.3399288], [44.3887109, 33.3399565], [44.3885718, 33.3398104], [44.3885554, 33.3397939], [44.3885286, 33.3397668], [44.3886711, 33.3396675], [44.3887467, 33.3396186], [44.3889054, 33.3395236], [44.3891091, 33.3394082], [44.3891392, 33.3394397], [44.3892038, 33.3395073], [44.3890681, 33.3395852], [44.3890851, 33.3396113], [44.388907, 33.3397064], [44.3888297, 33.3396125], [44.3887933, 33.3396355], [44.3887134, 33.3396889], [44.3888493, 33.3398459], [44.3888875, 33.3398846], [44.3887903, 33.3399378], [44.3888282, 33.339986], [44.3888093, 33.3399949]]]}}, {"type": "Feature", "properties": {"osm": 1195650614, "building": "yes"}, "geometry": {"type": "Polygon", "coordinates": [[[44.3888926, 33.3397721], [44.3889351, 33.3397501], [44.3889163, 33.3397176], [44.388907, 33.3397064], [44.3888297, 33.3396125], [44.3887933, 33.3396355], [44.3888926, 33.3397721]]]}}, {"type": "Feature", "properties": {"osm": 1195650615, "building": "yes"}, "geometry": {"type": "Polygon", "coordinates": [[[44.3889351, 33.3397501], [44.3889163, 33.3397176], [44.3890917, 33.3396267], [44.3890952, 33.3396387], [44.3891302, 33.3397076], [44.3890015, 33.3397434], [44.3889868, 33.3397255], [44.3889351, 33.3397501]]]}}, {"type": "Feature", "properties": {"osm": 1195650616, "building": "yes"}, "geometry": {"type": "Polygon", "coordinates": [[[44.3888493, 33.3398459], [44.3887134, 33.3396889], [44.3887933, 33.3396355], [44.3888926, 33.3397721], [44.3888842, 33.3397765], [44.3889056, 33.3398067], [44.3888493, 33.3398459]]]}}, {"type": "Feature", "properties": {"osm": 1195650617, "building": "yes"}, "geometry": {"type": "Polygon", "coordinates": [[[44.3888282, 33.339986], [44.3887903, 33.3399378], [44.3888875, 33.3398846], [44.3888493, 33.3398459], [44.3889056, 33.3398067], [44.3888842, 33.3397765], [44.3888926, 33.3397721], [44.3889351, 33.3397501], [44.3890397, 33.3398885], [44.3889318, 33.3399737], [44.3889049, 33.3399535], [44.3888282, 33.339986]]]}}, {"type": "Feature", "properties": {"osm": 1195650618, "building": "yes"}, "geometry": {"type": "Polygon", "coordinates": [[[44.3890397, 33.3398885], [44.3889318, 33.3399737], [44.3889049, 33.3399535], [44.3888282, 33.339986], [44.3888093, 33.3399949], [44.3889358, 33.3401215], [44.389137, 33.3399686], [44.3890397, 33.3398885]]]}}, {"type": "Feature", "properties": {"osm": 1195650619, "building": "yes"}, "geometry": {"type": "Polygon", "coordinates": [[[44.3886806, 33.3400807], [44.388737, 33.3401405], [44.3888308, 33.3402398], [44.3888828, 33.3401899], [44.3887372, 33.3400435], [44.3886806, 33.3400807]]]}}, {"type": "Feature", "properties": {"osm": 1195650620, "building": "yes"}, "geometry": {"type": "Polygon", "coordinates": [[[44.3890952, 33.3396387], [44.3890917, 33.3396267], [44.3889163, 33.3397176], [44.388907, 33.3397064], [44.3890851, 33.3396113], [44.3890681, 33.3395852], [44.3892038, 33.3395073], [44.3892491, 33.3395546], [44.3890952, 33.3396387]]]}}, {"type": "Feature", "properties": {"osm": 1195650621, "building": "yes"}, "geometry": {"type": "Polygon", "coordinates": [[[44.3891302, 33.3397076], [44.3890952, 33.3396387], [44.3892491, 33.3395546], [44.3893596, 33.3396702], [44.3891799, 33.339792], [44.3891302, 33.3397361], [44.389149, 33.3397233], [44.3891302, 33.3397076]]]}}, {"type": "Feature", "properties": {"osm": 1195650622, "building": "yes"}, "geometry": {"type": "Polygon", "coordinates": [[[44.3891799, 33.339792], [44.3892623, 33.3398846], [44.3894379, 33.3397521], [44.3893596, 33.3396702], [44.3891799, 33.339792]]]}}, {"type": "Feature", "properties": {"osm": 1195650623, "building": "yes"}, "geometry": {"type": "Polygon", "coordinates": [[[44.3891302, 33.3397076], [44.389149, 33.3397233], [44.3891302, 33.3397361], [44.3891799, 33.339792], [44.3892623, 33.3398846], [44.389137, 33.3399686], [44.3890397, 33.3398885], [44.3889351, 33.3397501], [44.3889868, 33.3397255], [44.3890015, 33.3397434], [44.3891302, 33.3397076]]]}}, {"type": "Feature", "properties": {"osm": 1195650624, "building": "yes"}, "geometry": {"type": "Polygon", "coordinates": [[[44.3883794, 33.3402171], [44.3883008, 33.3401512], [44.3884677, 33.3400174], [44.3885533, 33.3400817], [44.3886061, 33.3400406], [44.3885536, 33.3399804], [44.3885858, 33.339949], [44.3884662, 33.3398545], [44.3884364, 33.3398332], [44.3882628, 33.3399698], [44.3881118, 33.3401031], [44.3881458, 33.3401282], [44.3881152, 33.3401572], [44.3882813, 33.3402935], [44.3883794, 33.3402171]]]}}, {"type": "Feature", "properties": {"osm": 1195650625, "building": "yes"}, "geometry": {"type": "Polygon", "coordinates": [[[44.388786, 33.3403414], [44.3888586, 33.3403007], [44.3888127, 33.3402506], [44.388742, 33.3402924], [44.388786, 33.3403414]]]}}, {"type": "Feature", "properties": {"osm": 1195650626, "building": "yes"}, "geometry": {"type": "Polygon", "coordinates": [[[44.388742, 33.3402924], [44.388786, 33.3403414], [44.3886803, 33.3404005], [44.3886327, 33.3403484], [44.3884751, 33.3404493], [44.3882813, 33.3402935], [44.3883794, 33.3402171], [44.3885533, 33.3400817], [44.3886061, 33.3400406], [44.3886784, 33.3399843], [44.3887372, 33.3400435], [44.3886806, 33.3400807], [44.388737, 33.3401405], [44.3886025, 33.3402313], [44.388677, 33.3403193], [44.388742, 33.3402924]]]}}, {"type": "Feature", "properties": {"osm": 1195650627, "building": "yes"}, "geometry": {"type": "Polygon", "coordinates": [[[44.3886059, 33.3405652], [44.3884751, 33.3404493], [44.3886327, 33.3403484], [44.3886803, 33.3404005], [44.388786, 33.3403414], [44.3888586, 33.3403007], [44.3888895, 33.3402834], [44.3890055, 33.3404], [44.3888493, 33.3404946], [44.3888278, 33.3405086], [44.3888117, 33.340493], [44.3887377, 33.3405189], [44.3886059, 33.3405652]]]}}, {"type": "Feature", "properties": {"osm": 1195650628, "building": "yes"}, "geometry": {"type": "Polygon", "coordinates": [[[44.3887377, 33.3405189], [44.3886059, 33.3405652], [44.3887655, 33.3407002], [44.3887987, 33.3406798], [44.3887377, 33.3405189]]]}}, {"type": "Feature", "properties": {"osm": 1195650629, "building": "yes"}, "geometry": {"type": "Polygon", "coordinates": [[[44.3889432, 33.340591], [44.3891001, 33.3404946], [44.3890055, 33.3404], [44.3888493, 33.3404946], [44.3889432, 33.340591]]]}}, {"type": "Feature", "properties": {"osm": 1195650630, "building": "yes"}, "geometry": {"type": "Polygon", "coordinates": [[[44.3887987, 33.3406798], [44.3889432, 33.340591], [44.3888493, 33.3404946], [44.3888278, 33.3405086], [44.3888117, 33.340493], [44.3887377, 33.3405189], [44.3887987, 33.3406798]]]}}, {"type": "Feature", "properties": {"osm": 1195940585, "building": "roof"}, "geometry": {"type": "Polygon", "coordinates": [[[44.3885286, 33.3397668], [44.3884895, 33.3397939], [44.3885136, 33.3398178], [44.3885327, 33.3398374], [44.3885718, 33.3398104], [44.3885554, 33.3397939], [44.3885286, 33.3397668]]]}}, {"type": "Feature", "properties": {"osm": 1195940588, "building": "roof"}, "geometry": {"type": "Polygon", "coordinates": [[[44.3889358, 33.3401215], [44.3888093, 33.3399949], [44.3887433, 33.3399288], [44.3887109, 33.3399565], [44.3886784, 33.3399843], [44.3887372, 33.3400435], [44.3888828, 33.3401899], [44.3889358, 33.3401215]]]}}, {"type": "Feature", "properties": {"osm": 1242085145, "name": "مجمع القديس يوسف", "building": "retail"}, "geometry": {"type": "Polygon", "coordinates": [[[44.3958926, 33.3387518], [44.3958466, 33.3387859], [44.3963498, 33.3392597], [44.3963958, 33.3392256], [44.3958926, 33.3387518]]]}}, {"type": "Feature", "properties": {"osm": 1258026387, "name": "عمارة إدفيش عبود", "building": "yes"}, "geometry": {"type": "Polygon", "coordinates": [[[44.3929403, 33.3394688], [44.392952, 33.3394621], [44.3930968, 33.3393791], [44.3931089, 33.3393721], [44.3931004, 33.3393618], [44.3930009, 33.3392406], [44.392993, 33.339231], [44.3929809, 33.3392379], [44.3928362, 33.3393209], [44.3928244, 33.3393277], [44.3928322, 33.3393372], [44.3929318, 33.3394584], [44.3929403, 33.3394688]]]}}, {"type": "Feature", "properties": {"osm": 1259263148, "building": "yes"}, "geometry": {"type": "Polygon", "coordinates": [[[44.3928311, 33.3393395], [44.3929289, 33.3394585], [44.3929318, 33.3394584], [44.3928322, 33.3393372], [44.3928311, 33.3393395]]]}}, {"type": "Feature", "properties": {"osm": 1259263149, "building": "yes"}, "geometry": {"type": "Polygon", "coordinates": [[[44.3928362, 33.3393209], [44.3929809, 33.3392379], [44.3929782, 33.339237], [44.3928361, 33.3393185], [44.3928362, 33.3393209]]]}}, {"type": "Feature", "properties": {"osm": 1259263150, "building": "yes"}, "geometry": {"type": "Polygon", "coordinates": [[[44.3930009, 33.3392406], [44.3931004, 33.3393618], [44.3931016, 33.3393595], [44.3930038, 33.3392405], [44.3930009, 33.3392406]]]}}, {"type": "Feature", "properties": {"osm": 1259263151, "building": "yes"}, "geometry": {"type": "Polygon", "coordinates": [[[44.3929547, 33.339463], [44.3930969, 33.3393815], [44.3930968, 33.3393791], [44.392952, 33.3394621], [44.3929547, 33.339463]]]}}, {"type": "Feature", "properties": {"osm": 1259770642, "building": "yes"}, "geometry": {"type": "Polygon", "coordinates": [[[44.3927237, 33.3379043], [44.3929356, 33.3377777], [44.3924877, 33.337232], [44.3924595, 33.3372455], [44.3924274, 33.3372264], [44.3923791, 33.3372119], [44.3923375, 33.3372119], [44.3923026, 33.3372197], [44.3922624, 33.3372376], [44.3922275, 33.3372567], [44.392202, 33.3372724], [44.3927237, 33.3379043]]]}}, {"type": "Feature", "properties": {"osm": 1259770707, "building": "yes"}, "geometry": {"type": "Polygon", "coordinates": [[[44.3928681, 33.3361082], [44.3928181, 33.3361368], [44.3928356, 33.3361582], [44.3930479, 33.3364173], [44.3931192, 33.3363766], [44.393136, 33.336367], [44.3931022, 33.3363258], [44.3930593, 33.3363504], [44.3929644, 33.3362346], [44.3930602, 33.3361799], [44.3931278, 33.3362625], [44.39316, 33.3362441], [44.3930638, 33.3361266], [44.3929407, 33.3361969], [44.3928681, 33.3361082]]]}}, {"type": "Feature", "properties": {"osm": 1259770708, "building": "yes"}, "geometry": {"type": "Polygon", "coordinates": [[[44.3928681, 33.3361082], [44.3929407, 33.3361969], [44.3930638, 33.3361266], [44.3929911, 33.3360378], [44.3928681, 33.3361082]]]}}, {"type": "Feature", "properties": {"osm": 1259770729, "building": "yes"}, "geometry": {"type": "Polygon", "coordinates": [[[44.3948065, 33.3390068], [44.3947468, 33.3390639], [44.3946073, 33.3390897], [44.3944605, 33.3388684], [44.3945879, 33.3387972], [44.3947079, 33.3389653], [44.3947629, 33.3389451], [44.3948065, 33.3390068]]]}}, {"type": "Feature", "properties": {"osm": 1259770730, "building": "yes"}, "geometry": {"type": "Polygon", "coordinates": [[[44.3950985, 33.3390562], [44.3949721, 33.3389233], [44.3949667, 33.3389154], [44.3948065, 33.3390068], [44.3947629, 33.3389451], [44.3947079, 33.3389653], [44.3945879, 33.3387972], [44.3948548, 33.3386645], [44.3951699, 33.3390107], [44.3950985, 33.3390562]]]}}, {"type": "Feature", "properties": {"osm": 1259770731, "building": "yes"}, "geometry": {"type": "Polygon", "coordinates": [[[44.3950184, 33.3391072], [44.3949805, 33.3390555], [44.3948655, 33.3391289], [44.3947656, 33.3390734], [44.3949721, 33.3389233], [44.3950985, 33.3390562], [44.3950184, 33.3391072]]]}}, {"type": "Feature", "properties": {"osm": 1259770732, "building": "yes"}, "geometry": {"type": "Polygon", "coordinates": [[[44.3950509, 33.3391516], [44.3952397, 33.3390807], [44.3951699, 33.3390107], [44.3950985, 33.3390562], [44.3950184, 33.3391072], [44.3950509, 33.3391516]]]}}, {"type": "Feature", "properties": {"osm": 1259770733, "building": "yes"}, "geometry": {"type": "Polygon", "coordinates": [[[44.39495, 33.3391838], [44.3948655, 33.3391289], [44.3949805, 33.3390555], [44.3950184, 33.3391072], [44.3950509, 33.3391516], [44.39495, 33.3391838]]]}}, {"type": "Feature", "properties": {"osm": 1259770734, "building": "yes"}, "geometry": {"type": "Polygon", "coordinates": [[[44.3949366, 33.3392196], [44.3948239, 33.3393496], [44.3947059, 33.3392925], [44.3946375, 33.3393754], [44.3945758, 33.3393496], [44.3945798, 33.3391233], [44.3947421, 33.3391054], [44.3949366, 33.3392196]]]}}, {"type": "Feature", "properties": {"osm": 1259770735, "building": "yes"}, "geometry": {"type": "Polygon", "coordinates": [[[44.3950599, 33.3394], [44.3950465, 33.3394123], [44.3948963, 33.3392992], [44.394958, 33.3392219], [44.3950063, 33.339195], [44.3951588, 33.3393029], [44.3950599, 33.3394]]]}}, {"type": "Feature", "properties": {"osm": 1259770736, "building": "yes"}, "geometry": {"type": "Polygon", "coordinates": [[[44.3951588, 33.3393029], [44.3950599, 33.3394], [44.3951649, 33.3394685], [44.3952605, 33.3393769], [44.3951588, 33.3393029]]]}}, {"type": "Feature", "properties": {"osm": 1259770737, "building": "yes"}, "geometry": {"type": "Polygon", "coordinates": [[[44.395127, 33.3391625], [44.3952115, 33.33913], [44.3952898, 33.3391774], [44.3952243, 33.3392402], [44.395127, 33.3391625]]]}}, {"type": "Feature", "properties": {"osm": 1259770738, "building": "yes"}, "geometry": {"type": "Polygon", "coordinates": [[[44.3951588, 33.3393029], [44.3950063, 33.339195], [44.395127, 33.3391625], [44.3952243, 33.3392402], [44.3951588, 33.3393029]]]}}, {"type": "Feature", "properties": {"osm": 1259770739, "building": "yes"}, "geometry": {"type": "Polygon", "coordinates": [[[44.3953252, 33.3394241], [44.3952605, 33.3393769], [44.3951588, 33.3393029], [44.3952243, 33.3392402], [44.3953907, 33.3393613], [44.3953252, 33.3394241]]]}}, {"type": "Feature", "properties": {"osm": 1259770740, "building": "yes"}, "geometry": {"type": "Polygon", "coordinates": [[[44.3954562, 33.3392986], [44.3952898, 33.3391774], [44.3952243, 33.3392402], [44.3953907, 33.3393613], [44.3954037, 33.3393488], [44.3954562, 33.3392986]]]}}, {"type": "Feature", "properties": {"osm": 1259770741, "building": "yes"}, "geometry": {"type": "Polygon", "coordinates": [[[44.3954894, 33.3394112], [44.3955419, 33.339361], [44.3954562, 33.3392986], [44.3954037, 33.3393488], [44.3954894, 33.3394112]]]}}, {"type": "Feature", "properties": {"osm": 1259770742, "building": "yes"}, "geometry": {"type": "Polygon", "coordinates": [[[44.3954109, 33.3394865], [44.3953706, 33.3394572], [44.3953252, 33.3394241], [44.3953907, 33.3393613], [44.3954037, 33.3393488], [44.3954894, 33.3394112], [44.3954109, 33.3394865]]]}}, {"type": "Feature", "properties": {"osm": 1259770743, "building": "yes"}, "geometry": {"type": "Polygon", "coordinates": [[[44.3954413, 33.3395086], [44.3954109, 33.3394865], [44.3954894, 33.3394112], [44.3955198, 33.3394333], [44.3954413, 33.3395086]]]}}, {"type": "Feature", "properties": {"osm": 1259770744, "building": "yes"}, "geometry": {"type": "Polygon", "coordinates": [[[44.3952751, 33.3395488], [44.3951649, 33.3394685], [44.3952605, 33.3393769], [44.3953252, 33.3394241], [44.3953706, 33.3394572], [44.3952751, 33.3395488]]]}}, {"type": "Feature", "properties": {"osm": 1259770746, "building": "roof"}, "geometry": {"type": "Polygon", "coordinates": [[[44.3910089, 33.3378673], [44.3908924, 33.3377489], [44.3907246, 33.3378642], [44.3907555, 33.3378955], [44.3908824, 33.3378083], [44.3909681, 33.3378953], [44.3910089, 33.3378673]]]}}, {"type": "Feature", "properties": {"osm": 1259770747, "building": "yes"}, "geometry": {"type": "Polygon", "coordinates": [[[44.3908071, 33.3381111], [44.3910706, 33.3379299], [44.3910089, 33.3378673], [44.3909681, 33.3378953], [44.3907454, 33.3380485], [44.3908071, 33.3381111]]]}}, {"type": "Feature", "properties": {"osm": 1259770748, "building": "yes"}, "geometry": {"type": "Polygon", "coordinates": [[[44.3905381, 33.3381909], [44.3905998, 33.3382536], [44.3908071, 33.3381111], [44.3907454, 33.3380485], [44.3906947, 33.3380833], [44.3905381, 33.3381909]]]}}, {"type": "Feature", "properties": {"osm": 1259770749, "building": "yes"}, "geometry": {"type": "Polygon", "coordinates": [[[44.3904296, 33.3380808], [44.3905381, 33.3381909], [44.3906947, 33.3380833], [44.3905862, 33.3379731], [44.3904296, 33.3380808]]]}}, {"type": "Feature", "properties": {"osm": 1259770750, "building": "yes"}, "geometry": {"type": "Polygon", "coordinates": [[[44.3904714, 33.3378566], [44.3903149, 33.3379642], [44.3904296, 33.3380808], [44.3905862, 33.3379731], [44.3904714, 33.3378566]]]}}, {"type": "Feature", "properties": {"osm": 1259770751, "building": "roof"}, "geometry": {"type": "Polygon", "coordinates": [[[44.3905221, 33.3378218], [44.3904714, 33.3378566], [44.3905862, 33.3379731], [44.3906947, 33.3380833], [44.3907454, 33.3380485], [44.3905813, 33.3378819], [44.3905221, 33.3378218]]]}}, {"type": "Feature", "properties": {"osm": 1259770752, "name": "جامع الخفافين", "building": "yes", "amenity": "place_of_worship"}, "geometry": {"type": "Polygon", "coordinates": [[[44.3905813, 33.3378819], [44.3905221, 33.3378218], [44.3907857, 33.3376406], [44.3908924, 33.3377489], [44.3907246, 33.3378642], [44.3906771, 33.337816], [44.3905813, 33.3378819]]]}}, {"type": "Feature", "properties": {"osm": 1259773837, "building": "yes"}, "geometry": {"type": "Polygon", "coordinates": [[[44.3987507, 33.3330225], [44.3984315, 33.3332679], [44.3989867, 33.3335491], [44.3991637, 33.3334034], [44.3987507, 33.3330225]]]}}, {"type": "Feature", "properties": {"osm": 1264113841, "building": "yes"}, "geometry": {"type": "Polygon", "coordinates": [[[44.390983, 33.3416055], [44.3910252, 33.3416201], [44.391097, 33.3416234], [44.3911942, 33.3416105], [44.3912472, 33.3416128], [44.3912814, 33.3416531], [44.3910272, 33.3418055], [44.3909434, 33.3416772], [44.3909588, 33.3416486], [44.390983, 33.3416055]]]}}, {"type": "Feature", "properties": {"osm": 1264113842, "building": "yes"}, "geometry": {"type": "Polygon", "coordinates": [[[44.391224, 33.3421163], [44.3912668, 33.3421806], [44.3913919, 33.3421509], [44.3913671, 33.3420839], [44.391224, 33.3421163]]]}}, {"type": "Feature", "properties": {"osm": 1264113843, "building": "yes"}, "geometry": {"type": "Polygon", "coordinates": [[[44.3912934, 33.3419983], [44.3915348, 33.3419259], [44.3914321, 33.3418202], [44.3912264, 33.3419181], [44.3912934, 33.3419983]]]}}, {"type": "Feature", "properties": {"osm": 1264113844, "building": "yes"}, "geometry": {"type": "Polygon", "coordinates": [[[44.3913599, 33.341746], [44.3912941, 33.3416783], [44.3911123, 33.3417825], [44.3911679, 33.3418486], [44.3913599, 33.341746]]]}}, {"type": "Feature", "properties": {"osm": 1264113845, "building": "yes"}, "geometry": {"type": "Polygon", "coordinates": [[[44.3911123, 33.3417825], [44.391042, 33.3418228], [44.3911252, 33.3419626], [44.3912264, 33.3419181], [44.3911679, 33.3418486], [44.3911123, 33.3417825]]]}}, {"type": "Feature", "properties": {"osm": 1264113846, "building": "yes"}, "geometry": {"type": "Polygon", "coordinates": [[[44.3912264, 33.3419181], [44.3911252, 33.3419626], [44.3911687, 33.3420357], [44.3912934, 33.3419983], [44.3912264, 33.3419181]]]}}, {"type": "Feature", "properties": {"osm": 1264113847, "building": "yes"}, "geometry": {"type": "Polygon", "coordinates": [[[44.3911679, 33.3418486], [44.3912264, 33.3419181], [44.3914321, 33.3418202], [44.3913599, 33.341746], [44.3911679, 33.3418486]]]}}, {"type": "Feature", "properties": {"osm": 1264113849, "building": "yes"}, "geometry": {"type": "Polygon", "coordinates": [[[44.3908658, 33.3425733], [44.390934, 33.3425556], [44.3909649, 33.3426289], [44.3908964, 33.3426472], [44.3908658, 33.3425733]]]}}, {"type": "Feature", "properties": {"osm": 1264113850, "building": "yes"}, "geometry": {"type": "Polygon", "coordinates": [[[44.3909649, 33.3426289], [44.390979, 33.3426642], [44.390806, 33.3427124], [44.3907952, 33.3426788], [44.390782, 33.3426329], [44.3907696, 33.3425984], [44.3908658, 33.3425733], [44.3908964, 33.3426472], [44.3909649, 33.3426289]]]}}, {"type": "Feature", "properties": {"osm": 1264113851, "building": "yes"}, "geometry": {"type": "Polygon", "coordinates": [[[44.3906495, 33.3427161], [44.3906611, 33.3427488], [44.390806, 33.3427124], [44.3907952, 33.3426788], [44.3906495, 33.3427161]]]}}, {"type": "Feature", "properties": {"osm": 1264113852, "building": "yes"}, "geometry": {"type": "Polygon", "coordinates": [[[44.3906353, 33.3426711], [44.3906495, 33.3427161], [44.3907952, 33.3426788], [44.390782, 33.3426329], [44.3906353, 33.3426711]]]}}, {"type": "Feature", "properties": {"osm": 1264113853, "building": "yes"}, "geometry": {"type": "Polygon", "coordinates": [[[44.3906088, 33.3425959], [44.3906353, 33.3426711], [44.390782, 33.3426329], [44.3907696, 33.3425984], [44.3907563, 33.3425567], [44.3906088, 33.3425959]]]}}, {"type": "Feature", "properties": {"osm": 1264113854, "building": "yes"}, "geometry": {"type": "Polygon", "coordinates": [[[44.3905572, 33.3424452], [44.3906088, 33.3425959], [44.3907563, 33.3425567], [44.3907696, 33.3425984], [44.3908658, 33.3425733], [44.390934, 33.3425556], [44.3908723, 33.3423763], [44.3905572, 33.3424452]]]}}, {"type": "Feature", "properties": {"osm": 1264113855, "building": "yes"}, "geometry": {"type": "Polygon", "coordinates": [[[44.3912007, 33.3424087], [44.3913266, 33.3423522], [44.3912496, 33.3422077], [44.3911112, 33.3422673], [44.3912007, 33.3424087]]]}}, {"type": "Feature", "properties": {"osm": 1264113856, "building": "yes"}, "geometry": {"type": "Polygon", "coordinates": [[[44.3909292, 33.3424674], [44.3909556, 33.3425188], [44.3910781, 33.3424638], [44.3910458, 33.3424135], [44.3909292, 33.3424674]]]}}, {"type": "Feature", "properties": {"osm": 1264113857, "building": "yes"}, "geometry": {"type": "Polygon", "coordinates": [[[44.3905984, 33.3421255], [44.3905739, 33.342076], [44.3905471, 33.3420127], [44.3905196, 33.3420217], [44.3903674, 33.3420685], [44.3904262, 33.3421836], [44.3905984, 33.3421255]]]}}, {"type": "Feature", "properties": {"osm": 1264113858, "building": "yes"}, "geometry": {"type": "Polygon", "coordinates": [[[44.390637, 33.3422559], [44.3906486, 33.3422794], [44.3907278, 33.3422511], [44.3907878, 33.3422297], [44.390735, 33.3421309], [44.3906222, 33.3421735], [44.3906273, 33.3421839], [44.3906075, 33.342192], [44.390637, 33.3422559]]]}}, {"type": "Feature", "properties": {"osm": 1264113859, "building": "yes"}, "geometry": {"type": "Polygon", "coordinates": [[[44.3905196, 33.3420217], [44.3904627, 33.3419194], [44.3903197, 33.3419751], [44.3903674, 33.3420685], [44.3905196, 33.3420217]]]}}, {"type": "Feature", "properties": {"osm": 1264113860, "building": "yes"}, "geometry": {"type": "Polygon", "coordinates": [[[44.3904627, 33.3419194], [44.3904479, 33.3418929], [44.3904117, 33.3418318], [44.3903567, 33.341851], [44.3902714, 33.3418807], [44.3903197, 33.3419751], [44.3904627, 33.3419194]]]}}, {"type": "Feature", "properties": {"osm": 1264113861, "building": "yes"}, "geometry": {"type": "Polygon", "coordinates": [[[44.3902959, 33.3417572], [44.3902293, 33.3417982], [44.3902714, 33.3418807], [44.3903567, 33.341851], [44.3902959, 33.3417572]]]}}, {"type": "Feature", "properties": {"osm": 1264113862, "building": "yes"}, "geometry": {"type": "Polygon", "coordinates": [[[44.3903567, 33.341851], [44.3904117, 33.3418318], [44.3904405, 33.3418189], [44.3903919, 33.3417499], [44.3903664, 33.3417137], [44.3902959, 33.3417572], [44.3903567, 33.341851]]]}}, {"type": "Feature", "properties": {"osm": 1264113863, "building": "yes"}, "geometry": {"type": "Polygon", "coordinates": [[[44.3904861, 33.3417066], [44.3904566, 33.3416581], [44.3903664, 33.3417137], [44.3903919, 33.3417499], [44.3904861, 33.3417066]]]}}, {"type": "Feature", "properties": {"osm": 1264113864, "building": "yes"}, "geometry": {"type": "Polygon", "coordinates": [[[44.3905471, 33.3420127], [44.3905739, 33.342076], [44.3906853, 33.3420329], [44.3906512, 33.3419771], [44.3905471, 33.3420127]]]}}, {"type": "Feature", "properties": {"osm": 1264113865, "building": "yes"}, "geometry": {"type": "Polygon", "coordinates": [[[44.3906512, 33.3419771], [44.3905722, 33.3418476], [44.3904479, 33.3418929], [44.3904627, 33.3419194], [44.3905196, 33.3420217], [44.3905471, 33.3420127], [44.3906512, 33.3419771]]]}}, {"type": "Feature", "properties": {"osm": 1264113866, "building": "yes"}, "geometry": {"type": "Polygon", "coordinates": [[[44.3903919, 33.3417499], [44.3904405, 33.3418189], [44.3904117, 33.3418318], [44.3904479, 33.3418929], [44.3905722, 33.3418476], [44.3904861, 33.3417066], [44.3903919, 33.3417499]]]}}, {"type": "Feature", "properties": {"osm": 1264113867, "building": "yes"}, "geometry": {"type": "Polygon", "coordinates": [[[44.390735, 33.3421309], [44.3907282, 33.3421181], [44.3906853, 33.3420329], [44.3905739, 33.342076], [44.3905984, 33.3421255], [44.3906222, 33.3421735], [44.390735, 33.3421309]]]}}, {"type": "Feature", "properties": {"osm": 1264113868, "building": "yes"}, "geometry": {"type": "Polygon", "coordinates": [[[44.3905346, 33.3422862], [44.390486, 33.3423006], [44.3905444, 33.342415], [44.3905935, 33.3424027], [44.3905346, 33.3422862]]]}}, {"type": "Feature", "properties": {"osm": 1264113869, "building": "yes"}, "geometry": {"type": "Polygon", "coordinates": [[[44.3907803, 33.3423618], [44.3908516, 33.3423489], [44.3907878, 33.3422297], [44.3907278, 33.3422511], [44.3907803, 33.3423618]]]}}, {"type": "Feature", "properties": {"osm": 1264113870, "building": "yes"}, "geometry": {"type": "Polygon", "coordinates": [[[44.3907278, 33.3422511], [44.3906486, 33.3422794], [44.3906946, 33.3423774], [44.3907803, 33.3423618], [44.3907278, 33.3422511]]]}}, {"type": "Feature", "properties": {"osm": 1264113871, "building": "yes"}, "geometry": {"type": "Polygon", "coordinates": [[[44.3905935, 33.3424027], [44.3906946, 33.3423774], [44.3906486, 33.3422794], [44.390637, 33.3422559], [44.3905346, 33.3422862], [44.3905935, 33.3424027]]]}}, {"type": "Feature", "properties": {"osm": 1264113872, "building": "yes"}, "geometry": {"type": "Polygon", "coordinates": [[[44.3906299, 33.3418953], [44.3906759, 33.3419674], [44.3907947, 33.3419173], [44.3907493, 33.3418464], [44.3906299, 33.3418953]]]}}, {"type": "Feature", "properties": {"osm": 1264113873, "building": "yes"}, "geometry": {"type": "Polygon", "coordinates": [[[44.390877, 33.3415624], [44.3908102, 33.3415185], [44.3906987, 33.3416178], [44.3907499, 33.3416618], [44.390877, 33.3415624]]]}}, {"type": "Feature", "properties": {"osm": 1264113874, "building": "yes"}, "geometry": {"type": "Polygon", "coordinates": [[[44.3908102, 33.3415185], [44.3907771, 33.341494], [44.3907382, 33.3414901], [44.3905927, 33.3415807], [44.3906672, 33.3416397], [44.3906987, 33.3416178], [44.3908102, 33.3415185]]]}}, {"type": "Feature", "properties": {"osm": 1264113875, "building": "yes"}, "geometry": {"type": "Polygon", "coordinates": [[[44.3905927, 33.3415807], [44.3905726, 33.3415932], [44.3906362, 33.3416815], [44.3906997, 33.3417698], [44.3908028, 33.3417072], [44.3907499, 33.3416618], [44.3906987, 33.3416178], [44.3906672, 33.3416397], [44.3905927, 33.3415807]]]}}, {"type": "Feature", "properties": {"osm": 1264113876, "building": "yes"}, "geometry": {"type": "Polygon", "coordinates": [[[44.3906362, 33.3416815], [44.3905726, 33.3415932], [44.390474, 33.3416464], [44.3905307, 33.3417375], [44.3906362, 33.3416815]]]}}, {"type": "Feature", "properties": {"osm": 1264113877, "building": "yes"}, "geometry": {"type": "Polygon", "coordinates": [[[44.3906997, 33.3417698], [44.3906362, 33.3416815], [44.3905307, 33.3417375], [44.3905874, 33.3418287], [44.3906997, 33.3417698]]]}}, {"type": "Feature", "properties": {"osm": 1264113878, "building": "yes"}, "geometry": {"type": "Polygon", "coordinates": [[[44.3906997, 33.3417698], [44.3907347, 33.3418236], [44.3908086, 33.3417904], [44.3909323, 33.3417271], [44.3908864, 33.3416565], [44.3908028, 33.3417072], [44.3906997, 33.3417698]]]}}, {"type": "Feature", "properties": {"osm": 1264113879, "building": "yes"}, "geometry": {"type": "Polygon", "coordinates": [[[44.3907493, 33.3418464], [44.3907347, 33.3418236], [44.3906997, 33.3417698], [44.3905874, 33.3418287], [44.3906299, 33.3418953], [44.3907493, 33.3418464]]]}}, {"type": "Feature", "properties": {"osm": 1264113880, "building": "yes"}, "geometry": {"type": "Polygon", "coordinates": [[[44.3904566, 33.3422431], [44.390486, 33.3423006], [44.3905346, 33.3422862], [44.390637, 33.3422559], [44.3906075, 33.342192], [44.3906273, 33.3421839], [44.3906222, 33.3421735], [44.3905984, 33.3421255], [44.3904262, 33.3421836], [44.3904502, 33.3422305], [44.3905689, 33.3421937], [44.3905746, 33.3422046], [44.3904566, 33.3422431]]]}}, {"type": "Feature", "properties": {"osm": 1264113882, "building": "yes"}, "geometry": {"type": "Polygon", "coordinates": [[[44.3909972, 33.341827], [44.3909323, 33.3417271], [44.3908086, 33.3417904], [44.3908775, 33.3418755], [44.3909972, 33.341827]]]}}, {"type": "Feature", "properties": {"osm": 1264113883, "building": "yes"}, "geometry": {"type": "Polygon", "coordinates": [[[44.3908086, 33.3417904], [44.3907347, 33.3418236], [44.3907493, 33.3418464], [44.3907947, 33.3419173], [44.3908842, 33.3418837], [44.3908775, 33.3418755], [44.3908086, 33.3417904]]]}}, {"type": "Feature", "properties": {"osm": 1264113884, "building": "yes"}, "geometry": {"type": "Polygon", "coordinates": [[[44.3909617, 33.3419881], [44.3910745, 33.3419462], [44.3910046, 33.3418385], [44.3908972, 33.3418789], [44.3909617, 33.3419881]]]}}, {"type": "Feature", "properties": {"osm": 1264113885, "building": "yes"}, "geometry": {"type": "Polygon", "coordinates": [[[44.3908972, 33.3418789], [44.3908842, 33.3418837], [44.3907947, 33.3419173], [44.390831, 33.3419739], [44.390865, 33.342024], [44.3909617, 33.3419881], [44.3908972, 33.3418789]]]}}, {"type": "Feature", "properties": {"osm": 1264113886, "building": "yes"}, "geometry": {"type": "Polygon", "coordinates": [[[44.3907499, 33.3416618], [44.3908028, 33.3417072], [44.3908864, 33.3416565], [44.3909474, 33.3415954], [44.390877, 33.3415624], [44.3907499, 33.3416618]]]}}, {"type": "Feature", "properties": {"osm": 1264113887, "building": "yes"}, "geometry": {"type": "Polygon", "coordinates": [[[44.3906759, 33.3419674], [44.3907094, 33.3420228], [44.390831, 33.3419739], [44.3907947, 33.3419173], [44.3906759, 33.3419674]]]}}, {"type": "Feature", "properties": {"osm": 1264113888, "building": "yes"}, "geometry": {"type": "Polygon", "coordinates": [[[44.3908516, 33.3423489], [44.3912297, 33.3421853], [44.3910745, 33.3419462], [44.3909617, 33.3419881], [44.390865, 33.342024], [44.3908033, 33.3420475], [44.3908194, 33.3420822], [44.3907282, 33.3421181], [44.390735, 33.3421309], [44.3907878, 33.3422297], [44.3908516, 33.3423489]]]}}, {"type": "Feature", "properties": {"osm": 1264113889, "building": "yes"}, "geometry": {"type": "Polygon", "coordinates": [[[44.390831, 33.3419739], [44.390865, 33.342024], [44.3908033, 33.3420475], [44.3908194, 33.3420822], [44.3907282, 33.3421181], [44.3906853, 33.3420329], [44.3907094, 33.3420228], [44.390831, 33.3419739]]]}}, {"type": "Feature", "properties": {"osm": 1264328341, "building": "yes"}, "geometry": {"type": "Polygon", "coordinates": [[[44.3905342, 33.342488], [44.3904354, 33.3425212], [44.3903499, 33.3425499], [44.3903211, 33.3425584], [44.3903264, 33.3425804], [44.3902404, 33.3426116], [44.3902823, 33.3426924], [44.3902881, 33.3427056], [44.3903098, 33.3427595], [44.3903279, 33.3427539], [44.390339, 33.3427815], [44.3903567, 33.3427775], [44.3904157, 33.3427656], [44.3904342, 33.3428237], [44.3906363, 33.3427651], [44.3906041, 33.3426733], [44.3905947, 33.3426482], [44.3905624, 33.342562], [44.3905342, 33.342488]]]}}, {"type": "Feature", "properties": {"osm": 1264328359, "building": "yes"}, "geometry": {"type": "Polygon", "coordinates": [[[44.3902071, 33.3425846], [44.3903391, 33.3425177], [44.3903318, 33.3424966], [44.3903131, 33.3424418], [44.3902221, 33.3424829], [44.3901708, 33.3425104], [44.3902038, 33.3425765], [44.3902071, 33.3425846]]]}}, {"type": "Feature", "properties": {"osm": 1264328361, "building": "yes"}, "geometry": {"type": "Polygon", "coordinates": [[[44.3902108, 33.342399], [44.3902353, 33.3424435], [44.390297, 33.3424185], [44.3902687, 33.3423774], [44.3902108, 33.342399]]]}}, {"type": "Feature", "properties": {"osm": 1264328362, "building": "yes"}, "geometry": {"type": "Polygon", "coordinates": [[[44.3901979, 33.3424018], [44.3902108, 33.342399], [44.3902687, 33.3423774], [44.3901916, 33.3422653], [44.3901558, 33.342274], [44.3901979, 33.3424018]]]}}, {"type": "Feature", "properties": {"osm": 1264328363, "building": "yes"}, "geometry": {"type": "Polygon", "coordinates": [[[44.390173, 33.3424068], [44.3901979, 33.3424018], [44.3901558, 33.342274], [44.3901409, 33.3422776], [44.3901542, 33.3422986], [44.3901394, 33.3423033], [44.390173, 33.3424068]]]}}, {"type": "Feature", "properties": {"osm": 1264328364, "building": "yes"}, "geometry": {"type": "Polygon", "coordinates": [[[44.3902603, 33.3422487], [44.3904094, 33.3422127], [44.390476, 33.3423505], [44.390348, 33.3423903], [44.3902603, 33.3422487]]]}}, {"type": "Feature", "properties": {"osm": 1264328365, "building": "yes"}, "geometry": {"type": "Polygon", "coordinates": [[[44.390476, 33.3423505], [44.3904942, 33.3423881], [44.3903131, 33.3424418], [44.390297, 33.3424185], [44.3902687, 33.3423774], [44.3901916, 33.3422653], [44.3902603, 33.3422487], [44.390348, 33.3423903], [44.390476, 33.3423505]]]}}, {"type": "Feature", "properties": {"osm": 1264328367, "building": "yes"}, "geometry": {"type": "Polygon", "coordinates": [[[44.3900089, 33.3424497], [44.3899682, 33.3423552], [44.3900813, 33.3423216], [44.3901394, 33.3423033], [44.390173, 33.3424068], [44.3900089, 33.3424497]]]}}, {"type": "Feature", "properties": {"osm": 1264328368, "building": "yes"}, "geometry": {"type": "Polygon", "coordinates": [[[44.3901409, 33.3422776], [44.3900943, 33.3422243], [44.3900469, 33.3421872], [44.390175, 33.342099], [44.3901931, 33.3421181], [44.3903281, 33.342049], [44.3904094, 33.3422127], [44.3902603, 33.3422487], [44.3901916, 33.3422653], [44.3901558, 33.342274], [44.3901409, 33.3422776]]]}}, {"type": "Feature", "properties": {"osm": 1264328369, "building": "yes"}, "geometry": {"type": "Polygon", "coordinates": [[[44.3900943, 33.3422243], [44.3899329, 33.3422821], [44.3898646, 33.3421958], [44.3899617, 33.3421214], [44.3900469, 33.3421872], [44.3900943, 33.3422243]]]}}, {"type": "Feature", "properties": {"osm": 1264328370, "building": "yes"}, "geometry": {"type": "Polygon", "coordinates": [[[44.3900813, 33.3423216], [44.3900616, 33.3422615], [44.3899466, 33.3423004], [44.3899329, 33.3422821], [44.3900943, 33.3422243], [44.3901409, 33.3422776], [44.3901542, 33.3422986], [44.3901394, 33.3423033], [44.3900813, 33.3423216]]]}}, {"type": "Feature", "properties": {"osm": 1264328373, "building": "yes"}, "geometry": {"type": "Polygon", "coordinates": [[[44.3899805, 33.3419712], [44.3900531, 33.3419182], [44.3900891, 33.34195], [44.3901388, 33.34202], [44.3901153, 33.3420355], [44.3900684, 33.3420665], [44.3899805, 33.3419712]]]}}, {"type": "Feature", "properties": {"osm": 1264328374, "building": "yes"}, "geometry": {"type": "Polygon", "coordinates": [[[44.3900469, 33.3421872], [44.3899617, 33.3421214], [44.3898692, 33.3420523], [44.3899805, 33.3419712], [44.3900684, 33.3420665], [44.3901153, 33.3420355], [44.390175, 33.342099], [44.3900469, 33.3421872]]]}}, {"type": "Feature", "properties": {"osm": 1264328396, "building": "yes"}, "geometry": {"type": "Polygon", "coordinates": [[[44.3905158, 33.3424421], [44.3905342, 33.342488], [44.3904354, 33.3425212], [44.3903499, 33.3425499], [44.3903391, 33.3425177], [44.3903318, 33.3424966], [44.3905158, 33.3424421]]]}}, {"type": "Feature", "properties": {"osm": 1264328397, "building": "yes"}, "geometry": {"type": "Polygon", "coordinates": [[[44.3903318, 33.3424966], [44.3903131, 33.3424418], [44.3904942, 33.3423881], [44.3905158, 33.3424421], [44.3903318, 33.3424966]]]}}, {"type": "Feature", "properties": {"osm": 1264328398, "building": "yes"}, "geometry": {"type": "Polygon", "coordinates": [[[44.390107, 33.3418789], [44.3902038, 33.3418083], [44.390234, 33.341871], [44.3901462, 33.3419189], [44.390107, 33.3418789]]]}}, {"type": "Feature", "properties": {"osm": 1264328399, "building": "yes"}, "geometry": {"type": "Polygon", "coordinates": [[[44.3901462, 33.3419189], [44.3900891, 33.34195], [44.3900531, 33.3419182], [44.390107, 33.3418789], [44.3901462, 33.3419189]]]}}, {"type": "Feature", "properties": {"osm": 1264328400, "building": "yes"}, "geometry": {"type": "Polygon", "coordinates": [[[44.3899617, 33.3421214], [44.3898646, 33.3421958], [44.3897914, 33.3421091], [44.3898692, 33.3420523], [44.3899617, 33.3421214]]]}}, {"type": "Feature", "properties": {"osm": 1264328401, "building": "yes"}, "geometry": {"type": "Polygon", "coordinates": [[[44.3900891, 33.34195], [44.3901462, 33.3419189], [44.390234, 33.341871], [44.3903281, 33.342049], [44.3901931, 33.3421181], [44.390175, 33.342099], [44.3901153, 33.3420355], [44.3901388, 33.34202], [44.3900891, 33.34195]]]}}, {"type": "Feature", "properties": {"osm": 1264354663, "building": "roof"}, "geometry": {"type": "Polygon", "coordinates": [[[44.3886671, 33.3390745], [44.3885631, 33.3389512], [44.3885325, 33.3389695], [44.3886412, 33.3390895], [44.3886671, 33.3390745]]]}}, {"type": "Feature", "properties": {"osm": 1264354664, "building": "yes"}, "geometry": {"type": "Polygon", "coordinates": [[[44.3887083, 33.3389535], [44.3887354, 33.3389334], [44.3889537, 33.339139], [44.3889266, 33.3391591], [44.3887083, 33.3389535]]]}}, {"type": "Feature", "properties": {"osm": 1267928511, "building": "yes"}, "geometry": {"type": "Polygon", "coordinates": [[[44.3891806, 33.3386482], [44.389203, 33.3386317], [44.3892253, 33.3386528], [44.3892029, 33.3386693], [44.3891806, 33.3386482]]]}}, {"type": "Feature", "properties": {"osm": 1267928512, "building": "yes"}, "geometry": {"type": "Polygon", "coordinates": [[[44.3891629, 33.3386783], [44.3892167, 33.3387292], [44.3892411, 33.3387112], [44.3891873, 33.3386604], [44.3891629, 33.3386783]]]}}]}