{"type":"FeatureCollection","features":[{"type":"Feature","properties":{"type":"area"},"geometry":{"type":"Polygon","coordinates":[[[44.3910113,33.3413354],[44.3897877,33.3402012],[44.3897934,33.340197],[44.3897794,33.3401936],[44.3897851,33.3401893],[44.3897354,33.3401431],[44.389741,33.3401389],[44.3896954,33.3400966],[44.3897011,33.3400923],[44.3896555,33.34005],[44.3896612,33.3400457],[44.3896155,33.3400034],[44.3896212,33.3399991],[44.3895673,33.3399491],[44.3895704,33.3399329],[44.3894916,33.3398598],[44.3894973,33.3398556],[44.3894034,33.339759],[44.3894091,33.3397547],[44.3893427,33.3396932],[44.3893484,33.3396889],[44.3890788,33.339439],[44.3890845,33.3394347],[44.3889601,33.3393194],[44.3889657,33.3393151],[44.3889492,33.3392997],[44.3889435,33.339304],[44.388945,33.3392959],[44.3889352,33.3392963],[44.3888895,33.339254],[44.3888952,33.3392497],[44.3887252,33.3390921],[44.3887309,33.3390878],[44.388623,33.3389879],[44.3886246,33.3389797],[44.391292,33.336971],[44.3913018,33.3369705],[44.3913267,33.3369936],[44.391321,33.3369979],[44.39135,33.3370248],[44.3913485,33.3370329],[44.3913314,33.3370458],[44.3913273,33.3370419],[44.3912859,33.33708],[44.3912818,33.3370762],[44.3911923,33.3371366],[44.3911882,33.3371328],[44.391154,33.3371585],[44.3911499,33.3371546],[44.3911158,33.3371803],[44.3911116,33.3371765],[44.3910661,33.3372107],[44.3910786,33.3372223],[44.3910729,33.3372265],[44.3911584,33.3373154],[44.3911528,33.3373197],[44.3911693,33.3373351],[44.3911637,33.3373394],[44.3911735,33.3373389],[44.3912316,33.3373927],[44.3912259,33.337397],[44.3912399,33.3374004],[44.3912342,33.3374047],[44.3913047,33.3374701],[44.391299,33.3374744],[44.3913088,33.3374739],[44.3913073,33.337482],[44.391411,33.3375782],[44.3914079,33.3375944],[44.391425,33.3375816],[44.3914488,33.3375845],[44.3914659,33.3375717],[44.3914705,33.3375473],[44.3915,33.337546],[44.3915284,33.3375246],[44.3915326,33.3375284],[44.3915553,33.3375113],[44.3915512,33.3375074],[44.3915413,33.3375079],[44.3915129,33.3375293],[44.3914932,33.3375302],[44.3914517,33.3374917],[44.3914574,33.3374874],[44.3914408,33.3374721],[44.3914424,33.3374639],[44.3914879,33.3374297],[44.3914713,33.3374143],[44.391477,33.33741],[44.3914215,33.3373682],[44.3914272,33.3373639],[44.3913816,33.3373216],[44.3913873,33.3373173],[44.3913748,33.3373058],[44.3913112,33.3373328],[44.3912878,33.3373016],[44.3912822,33.3373059],[44.3912599,33.3372948],[44.3912614,33.3372866],[44.3913069,33.3372524],[44.3913167,33.3372519],[44.3913375,33.3372712],[44.3913546,33.3372583],[44.3913509,33.3372262],[44.391385,33.3372005],[44.3913891,33.3372044],[44.3914316,33.3371864],[44.3914855,33.3372364],[44.3914798,33.3372406],[44.3914922,33.3372522],[44.3914866,33.3372565],[44.3914949,33.3372642],[44.3915005,33.3372599],[44.3915337,33.3372906],[44.391528,33.3372949],[44.3915737,33.3373372],[44.391568,33.3373415],[44.3916302,33.3373992],[44.3916245,33.3374034],[44.3916369,33.337415],[44.3916339,33.3374312],[44.3916452,33.3374227],[44.3916411,33.3374188],[44.391698,33.337376],[44.3916995,33.3373679],[44.3916139,33.337279],[44.3916196,33.3372747],[44.3915491,33.3372093],[44.3915548,33.3372051],[44.3914609,33.3371085],[44.3914625,33.3371004],[44.3914909,33.337079],[44.3914868,33.3370751],[44.3915323,33.3370409],[44.3915421,33.3370404],[44.3915338,33.3370327],[44.391541,33.3370203],[44.3915327,33.3370126],[44.3915374,33.3369882],[44.3915291,33.3369806],[44.3915378,33.33696],[44.3915295,33.3369523],[44.3915368,33.3369399],[44.3915274,33.3369121],[44.3915366,33.3368634],[44.3914952,33.3368249],[44.3914967,33.3368168],[44.3946703,33.3344268],[44.3946744,33.3344307],[44.3947142,33.3344007],[44.3947184,33.3344045],[44.3947582,33.3343746],[44.3947623,33.3343784],[44.3948518,33.334318],[44.3948559,33.3343219],[44.3948958,33.3342919],[44.3948999,33.3342957],[44.3949397,33.3342657],[44.3949439,33.3342696],[44.3949894,33.3342353],[44.3949935,33.3342392],[44.3950333,33.3342092],[44.3950375,33.334213],[44.395083,33.3341788],[44.3950871,33.3341826],[44.3950985,33.334174],[44.3951083,33.3341736],[44.3952343,33.3342808],[44.3952741,33.3342508],[44.3952783,33.3342547],[44.3952798,33.3342465],[44.3953026,33.3342294],[44.3952984,33.3342256],[44.3955373,33.3340457],[44.3955331,33.3340418],[44.395543,33.3340414],[44.3955445,33.3340333],[44.3955543,33.3340328],[44.3955771,33.3340157],[44.3955729,33.3340119],[44.3956526,33.3339519],[44.3956624,33.3339515],[44.3956583,33.3339476],[44.3956924,33.3339219],[44.3956882,33.3339181],[44.3962673,33.3334611],[44.3962631,33.3334572],[44.3963314,33.3334059],[44.3963272,33.333402],[44.3963484,33.333393],[44.3963443,33.3333892],[44.3963784,33.3333635],[44.3963743,33.3333596],[44.3964368,33.3333125],[44.3964327,33.3333087],[44.3964782,33.3332744],[44.396474,33.3332705],[44.3965309,33.3332277],[44.3965268,33.3332239],[44.3965836,33.333181],[44.3965795,33.3331772],[44.3966364,33.3331344],[44.3966322,33.3331305],[44.3966493,33.3331177],[44.3966689,33.3331168],[44.3966897,33.333136],[44.3966954,33.3331317],[44.3967451,33.3331779],[44.3967436,33.333186],[44.3967591,33.3331813],[44.3967716,33.3331928],[44.3967659,33.3331971],[44.3968172,33.3332351],[44.3968229,33.3332308],[44.3968213,33.333239],[44.3968628,33.3332774],[44.3968685,33.3332731],[44.396881,33.3332846],[44.3968866,33.3332804],[44.3968991,33.3332919],[44.3968934,33.3332962],[44.3969032,33.3332957],[44.3969364,33.3333265],[44.3969421,33.3333222],[44.3969655,33.3333534],[44.3969711,33.3333491],[44.3970085,33.3333837],[44.3970142,33.3333795],[44.3970515,33.3334141],[44.3970572,33.3334098],[44.3970556,33.3334179],[44.3971013,33.3334602],[44.3971069,33.3334559],[44.3971096,33.3334679],[44.3971251,33.3334632],[44.3971583,33.3334939],[44.3971639,33.3334896],[44.3971722,33.3334973],[44.3971893,33.3334845],[44.3972074,33.3334917],[44.3972131,33.3334874],[44.3971841,33.3334605],[44.3971784,33.3334648],[44.3971509,33.3334298],[44.3971354,33.3334345],[44.3971286,33.3334187],[44.3971229,33.333423],[44.3970856,33.3333884],[44.3970799,33.3333926],[44.3970566,33.3333614],[44.3970509,33.3333657],[44.3970219,33.3333388],[44.3970162,33.3333431],[44.3969664,33.333297],[44.3969607,33.3333012],[44.3969109,33.3332551],[44.3969052,33.3332594],[44.3968015,33.3331633],[44.3967819,33.3331641],[44.3967238,33.3331103],[44.3967181,33.3331146],[44.3967057,33.3331031],[44.3967114,33.3330988],[44.3966657,33.3330565],[44.3966601,33.3330608],[44.3965797,33.3329959],[44.3965812,33.3329877],[44.3966722,33.3329192],[44.3966821,33.3329188],[44.3967028,33.332938],[44.3967085,33.3329337],[44.3967168,33.3329414],[44.3967111,33.3329457],[44.396736,33.3329687],[44.3967417,33.3329645],[44.3967541,33.332976],[44.3967484,33.3329803],[44.396765,33.3329957],[44.3967707,33.3329914],[44.3967692,33.3329995],[44.3967899,33.3330187],[44.3968096,33.3330178],[44.3968718,33.3330755],[44.3968775,33.3330712],[44.3968982,33.3330905],[44.3969039,33.3330862],[44.3969661,33.3331438],[44.3969718,33.3331396],[44.3970257,33.3331895],[44.3970314,33.3331853],[44.3970397,33.333193],[44.397034,33.3331972],[44.3970548,33.3332165],[44.3970605,33.3332122],[44.3971808,33.3333237],[44.3971864,33.3333194],[44.3971932,33.3333352],[44.3972087,33.3333305],[44.3972212,33.333342],[44.3972269,33.3333377],[44.3972849,33.3333916],[44.3973061,33.3333826],[44.3973326,33.3333975],[44.3973382,33.3333932],[44.3973548,33.3334086],[44.3973492,33.3334129],[44.397359,33.3334124],[44.3973574,33.3334206],[44.3973906,33.3334513],[44.3973963,33.333447],[44.3984664,33.334439],[44.3984592,33.3344514],[44.3984691,33.334451],[44.3985022,33.3344817],[44.3985079,33.3344774],[44.3990762,33.3350042],[44.3990705,33.3350084],[44.3990803,33.335008],[44.3990788,33.3350161],[44.3990912,33.3350277],[44.3990969,33.3350234],[44.3992296,33.3351464],[44.3992281,33.3351545],[44.3991371,33.3352231],[44.3991273,33.3352235],[44.3989655,33.3350736],[44.3989598,33.3350779],[44.3989614,33.3350697],[44.398895,33.3350082],[44.3988893,33.3350125],[44.3988105,33.3349394],[44.3988048,33.3349437],[44.3987742,33.3349249],[44.3987251,33.3349271],[44.3987137,33.3349357],[44.3986842,33.334937],[44.3986671,33.3349499],[44.3986531,33.3349465],[44.3986262,33.3349597],[44.3985771,33.3349619],[44.3985688,33.3349542],[44.3985336,33.3349598],[44.3985253,33.3349522],[44.3984999,33.3349573],[44.3984875,33.3349458],[44.3984481,33.3349475],[44.3984217,33.3349326],[44.398416,33.3349369],[44.3983994,33.3349215],[44.3983937,33.3349258],[44.3983911,33.3349138],[44.3983854,33.3349181],[44.398373,33.3349066],[44.3983673,33.3349108],[44.3983383,33.3348839],[44.3983326,33.3348882],[44.3983341,33.3348801],[44.3983217,33.3348685],[44.398316,33.3348728],[44.3983092,33.334857],[44.3983036,33.3348613],[44.3982455,33.3348075],[44.3982398,33.3348118],[44.3980034,33.3345926],[44.3980091,33.3345883],[44.3980008,33.3345806],[44.3979951,33.3345849],[44.3979966,33.3345768],[44.3979868,33.3345772],[44.3978541,33.3344542],[44.3978597,33.3344499],[44.3976912,33.3342841],[44.3976855,33.3342884],[44.3976233,33.3342308],[44.3976176,33.334235],[44.3975109,33.3341552],[44.3974715,33.3341569],[44.39747,33.3341651],[44.3974245,33.3341993],[44.3974286,33.3342032],[44.3974131,33.3342079],[44.39741,33.3342241],[44.3973873,33.3342413],[44.3973899,33.3342532],[44.3973744,33.334258],[44.3973785,33.3342618],[44.3973501,33.3342832],[44.397347,33.3342995],[44.3972943,33.3343462],[44.3972984,33.33435],[44.3972814,33.3343629],[44.397284,33.3343748],[44.3972385,33.3344091],[44.3972411,33.3344211],[44.397194,33.3344635],[44.3971982,33.3344673],[44.3971811,33.3344802],[44.3971853,33.334484],[44.3971496,33.3345178],[44.3971465,33.3345341],[44.3971181,33.3345555],[44.3971222,33.3345593],[44.3970995,33.3345765],[44.3971036,33.3345803],[44.3970566,33.3346227],[44.3970577,33.3346428],[44.3970209,33.3346565],[44.3970148,33.334689],[44.396945,33.3347486],[44.3969476,33.3347605],[44.3969305,33.3347734],[44.3969347,33.3347772],[44.3968649,33.3348368],[44.396866,33.3348569],[44.3968375,33.3348783],[44.3968417,33.3348821],[44.3968246,33.334895],[44.3968205,33.3348911],[44.3968132,33.3349035],[44.3968034,33.334904],[44.3968003,33.3349202],[44.3967832,33.3349331],[44.3967843,33.3349532],[44.3967316,33.3349999],[44.3967342,33.3350118],[44.3966944,33.3350418],[44.396697,33.3350538],[44.396667,33.3350833],[44.3966712,33.3350872],[44.3966427,33.3351086],[44.3966469,33.3351124],[44.396637,33.3351129],[44.3966143,33.33513],[44.3966184,33.3351338],[44.3966071,33.3351424],[44.3966024,33.3351668],[44.3965554,33.3352092],[44.3965596,33.335213],[44.3965425,33.3352259],[44.3965451,33.3352379],[44.396528,33.3352507],[44.3965322,33.3352545],[44.3965053,33.3352678],[44.3965094,33.3352717],[44.3964924,33.3352845],[44.396495,33.3352965],[44.3964665,33.3353179],[44.3964635,33.3353342],[44.3964407,33.3353513],[44.3964449,33.3353551],[44.3964149,33.3353847],[44.3964118,33.3354009],[44.3963606,33.3354395],[44.3963689,33.3354472],[44.396356,33.3354639],[44.3963602,33.3354677],[44.3963374,33.3354849],[44.3963416,33.3354887],[44.3963245,33.3355015],[44.3963286,33.3355054],[44.3963116,33.3355182],[44.3963157,33.3355221],[44.3962759,33.3355521],[44.3962801,33.3355559],[44.396263,33.3355688],[44.3962656,33.3355807],[44.3962315,33.3356064],[44.3962341,33.3356184],[44.3961912,33.3356646],[44.3961881,33.3356809],[44.3961654,33.335698],[44.3961623,33.3357143],[44.3961395,33.3357314],[44.3961437,33.3357353],[44.3961209,33.3357524],[44.3961251,33.3357562],[44.3961039,33.3357652],[44.396108,33.3357691],[44.396091,33.3357819],[44.3960863,33.3358063],[44.3960522,33.335832],[44.3960548,33.335844],[44.3960321,33.3358611],[44.3960347,33.3358731],[44.3959918,33.3359193],[44.3959887,33.3359356],[44.3959717,33.3359484],[44.3959758,33.3359523],[44.3959515,33.3359775],[44.3959484,33.3359938],[44.3958926,33.3360567],[44.3958895,33.336073],[44.3958539,33.3361068],[44.395858,33.3361107],[44.3958467,33.3361192],[44.3958436,33.3361355],[44.3958022,33.3361736],[44.3957991,33.3361898],[44.3957692,33.3362194],[44.3957733,33.3362232],[44.395749,33.3362485],[44.3957532,33.3362523],[44.3957289,33.3362776],[44.395733,33.3362814],[44.3957103,33.3362986],[44.3957072,33.3363148],[44.395686,33.3363238],[44.3956871,33.3363439],[44.3956571,33.3363735],[44.3956612,33.3363773],[44.3956426,33.3363983],[44.395638,33.3364227],[44.395621,33.3364355],[44.3956251,33.3364394],[44.395608,33.3364522],[44.3956122,33.3364561],[44.3955837,33.3364775],[44.3955879,33.3364813],[44.3955708,33.3364942],[44.3955678,33.3365104],[44.3955321,33.3365443],[44.3955362,33.3365481],[44.3955021,33.3365738],[44.3954975,33.3365982],[44.3954804,33.336611],[44.3954846,33.3366149],[44.3954675,33.3366277],[44.3954717,33.3366316],[44.3954546,33.3366444],[44.3954588,33.3366483],[44.3954417,33.3366611],[44.3954458,33.336665],[44.3954174,33.3366864],[44.3954128,33.3367108],[44.39539,33.3367279],[44.3953942,33.3367317],[44.3953513,33.336778],[44.3953467,33.3368024],[44.3952913,33.3368371],[44.3952939,33.336849],[44.3952769,33.3368619],[44.3952723,33.3368863],[44.3952423,33.3369158],[44.3952464,33.3369197],[44.3952221,33.3369449],[44.3952191,33.3369612],[44.3951906,33.3369826],[44.3951948,33.3369864],[44.3951736,33.3369954],[44.3951777,33.3369993],[44.3951663,33.3370078],[44.3951633,33.3370241],[44.3951462,33.337037],[44.3951503,33.3370408],[44.3951333,33.3370536],[44.3951374,33.3370575],[44.3951219,33.3370622],[44.3951245,33.3370742],[44.3951075,33.337087],[44.3951116,33.3370909],[44.3950889,33.337108],[44.395093,33.3371119],[44.3950702,33.337129],[44.3950661,33.3371251],[44.3950646,33.3371333],[44.3950547,33.3371337],[44.3950434,33.3371423],[44.3950475,33.3371461],[44.3950377,33.3371466],[44.3950077,33.3371761],[44.3950035,33.3371723],[44.3949922,33.3371808],[44.3949963,33.3371847],[44.3949493,33.3372271],[44.3949534,33.3372309],[44.3949079,33.3372652],[44.3949121,33.337269],[44.3948423,33.3373285],[44.3948434,33.3373486],[44.3947937,33.3373791],[44.3947979,33.3373829],[44.3947451,33.3374296],[44.3947462,33.3374497],[44.3947007,33.3374839],[44.3947048,33.3374878],[44.3946165,33.3375683],[44.3946206,33.3375721],[44.3945865,33.3375978],[44.3945906,33.3376017],[44.3945622,33.3376231],[44.3945663,33.3376269],[44.3945307,33.3376608],[44.394539,33.3376685],[44.3945938,33.337662],[44.3946021,33.3376697],[44.3946078,33.3376654],[44.3946161,33.3376731],[44.3946218,33.3376688],[44.3946301,33.3376765],[44.3946358,33.3376722],[44.3946441,33.3376799],[44.3946637,33.337679],[44.3946985,33.3377016],[44.3947042,33.3376974],[44.3948229,33.337817],[44.3948426,33.3378161],[44.3948675,33.3378392],[44.3948545,33.3378559],[44.3948711,33.3378712],[44.3948654,33.3378755],[44.3949966,33.3380067],[44.3949909,33.338011],[44.3950781,33.3380917],[44.3950724,33.338096],[44.395118,33.3381383],[44.3951294,33.3381297],[44.3951516,33.3381408],[44.3951573,33.3381365],[44.3951698,33.3381481],[44.3951641,33.3381524],[44.3951739,33.3381519],[44.3951822,33.3381596],[44.3951765,33.3381639],[44.3951988,33.338175],[44.3951957,33.3381912],[44.395099,33.338264],[44.3950892,33.3382645],[44.3950602,33.3382376],[44.3950674,33.3382252],[44.3950591,33.3382175],[44.3950534,33.3382218],[44.3950451,33.3382141],[44.3950508,33.3382098],[44.3950425,33.3382021],[44.3950368,33.3382064],[44.3950384,33.3381982],[44.3949995,33.3381718],[44.3950052,33.3381675],[44.3949388,33.338106],[44.3949445,33.3381017],[44.3949279,33.3380863],[44.3949336,33.338082],[44.3947594,33.3379206],[44.3947625,33.3379043],[44.3946437,33.3377847],[44.3946623,33.3377637],[44.3946556,33.3377479],[44.3946359,33.3377488],[44.3946069,33.3377218],[44.3945913,33.3377266],[44.3945691,33.3377155],[44.3945577,33.337724],[44.3945297,33.3377172],[44.3945127,33.3377301],[44.3945085,33.3377262],[44.3944971,33.3377348],[44.3944775,33.3377357],[44.394449,33.3377571],[44.3944449,33.3377532],[44.3944108,33.3377789],[44.3944149,33.3377828],[44.394388,33.3377961],[44.3943922,33.3377999],[44.3943694,33.337817],[44.3943736,33.3378209],[44.3943053,33.3378723],[44.3943079,33.3378843],[44.3942624,33.3379185],[44.394265,33.3379305],[44.3942438,33.3379395],[44.394248,33.3379433],[44.3942195,33.3379648],[44.3942237,33.3379686],[44.3941968,33.3379819],[44.3942009,33.3379857],[44.3941839,33.3379986],[44.3941808,33.3380148],[44.394171,33.3380153],[44.3940955,33.3380791],[44.3940996,33.3380829],[44.3940371,33.33813],[44.3940272,33.3381305],[44.3940314,33.3381343],[44.3939972,33.33816],[44.3940014,33.3381639],[44.3939786,33.338181],[44.3939828,33.3381848],[44.3939373,33.3382191],[44.3939399,33.3382311],[44.393883,33.3382739],[44.39388,33.3382902],[44.3938458,33.3383159],[44.39385,33.3383197],[44.3937931,33.3383625],[44.3937972,33.3383664],[44.3937631,33.3383921],[44.3937673,33.3383959],[44.3937388,33.3384173],[44.393743,33.3384212],[44.3936918,33.3384597],[44.3936959,33.3384636],[44.3936489,33.338506],[44.3936531,33.3385098],[44.3936318,33.3385188],[44.393636,33.3385227],[44.393606,33.3385522],[44.3935999,33.3385847],[44.3936081,33.3385924],[44.3936051,33.3386087],[44.393645,33.3386552],[44.3936404,33.3386796],[44.3936306,33.3386801],[44.3935907,33.3387101],[44.3935949,33.3387139],[44.3935835,33.3387225],[44.3936043,33.3387417],[44.3936141,33.3387412],[44.3936084,33.3387455],[44.3936178,33.3387733],[44.3936022,33.338778],[44.3936131,33.3387977],[44.3935976,33.3388024],[44.3935686,33.3387755],[44.3935629,33.3387798],[44.3935505,33.3387683],[44.3935349,33.338773],[44.3935266,33.3387653],[44.3935282,33.3387572],[44.3935721,33.338731],[44.3935582,33.3387276],[44.3935654,33.3387152],[44.3935545,33.3386955],[44.393586,33.3386579],[44.3935762,33.3386583],[44.3935596,33.3386429],[44.3935198,33.3386729],[44.3935374,33.3387084],[44.3934976,33.3387384],[44.3935018,33.3387422],[44.3934578,33.3387684],[44.393434,33.3387654],[44.3934071,33.3387787],[44.3933931,33.3387753],[44.3933703,33.3387924],[44.3933507,33.3387933],[44.3933109,33.3388233],[44.393315,33.3388271],[44.3932809,33.3388528],[44.393285,33.3388567],[44.3932452,33.3388866],[44.3932494,33.3388905],[44.3931439,33.3389838],[44.3931481,33.3389877],[44.3931083,33.3390177],[44.3931124,33.3390215],[44.393007,33.3391148],[44.3930111,33.3391187],[44.3929713,33.3391487],[44.3929754,33.3391525],[44.3929129,33.3391996],[44.392917,33.3392035],[44.392887,33.339233],[44.3928912,33.3392369],[44.39281,33.339305],[44.3928142,33.3393088],[44.3927987,33.3393135],[44.3928013,33.3393255],[44.3927558,33.3393598],[44.3927599,33.3393636],[44.3927315,33.339385],[44.3927356,33.3393889],[44.3927129,33.339406],[44.392717,33.3394098],[44.3927072,33.3394103],[44.3926787,33.3394317],[44.3926814,33.3394437],[44.3926415,33.3394736],[44.3926457,33.3394775],[44.3925661,33.3395375],[44.3925702,33.3395413],[44.3925588,33.3395499],[44.3925547,33.339546],[44.3925418,33.3395627],[44.3925319,33.3395632],[44.3925361,33.339567],[44.3925077,33.3395884],[44.3925118,33.3395923],[44.3924963,33.339597],[44.3924989,33.339609],[44.3924818,33.3396218],[44.3924777,33.339618],[44.3924761,33.3396261],[44.3924136,33.3396732],[44.3924177,33.339677],[44.392395,33.3396942],[44.3923976,33.3397062],[44.3923691,33.3397276],[44.3923733,33.3397314],[44.3923505,33.3397485],[44.3923547,33.3397524],[44.3923376,33.3397652],[44.3923418,33.3397691],[44.3923319,33.3397695],[44.3923304,33.3397776],[44.3922906,33.3398076],[44.3922932,33.3398196],[44.3922462,33.339862],[44.3922503,33.3398658],[44.3922162,33.3398915],[44.3922203,33.3398954],[44.3921919,33.3399168],[44.392196,33.3399206],[44.392118,33.3399725],[44.3921221,33.3399763],[44.392105,33.3399892],[44.3921092,33.339993],[44.3920751,33.3400187],[44.3920761,33.3400388],[44.392042,33.3400645],[44.3920462,33.3400684],[44.3920363,33.3400688],[44.3920348,33.3400769],[44.3920249,33.3400774],[44.3920234,33.3400855],[44.3919965,33.3400988],[44.3919991,33.3401107],[44.3919764,33.3401279],[44.3919805,33.3401317],[44.3919707,33.3401322],[44.3919691,33.3401403],[44.3919236,33.3401746],[44.3919278,33.3401784],[44.3919107,33.3401913],[44.3919149,33.3401951],[44.3918622,33.3402418],[44.3918663,33.3402456],[44.3918379,33.340267],[44.391842,33.3402709],[44.3918136,33.3402923],[44.3918177,33.3402961],[44.3917495,33.3403475],[44.3917536,33.3403514],[44.3917309,33.3403685],[44.391735,33.3403724],[44.3917236,33.3403809],[44.3917206,33.3403972],[44.3916978,33.3404143],[44.391702,33.3404182],[44.3916792,33.3404353],[44.3916834,33.3404391],[44.3916549,33.3404605],[44.3916591,33.3404644],[44.3916136,33.3404987],[44.3916177,33.3405025],[44.3916007,33.3405153],[44.3915976,33.3405316],[44.3915877,33.340532],[44.3915862,33.3405402],[44.3915748,33.3405487],[44.3915707,33.3405449],[44.3915407,33.3405744],[44.3915309,33.3405749],[44.3915376,33.3405907],[44.3915221,33.3405954],[44.3915262,33.3405993],[44.3915092,33.3406121],[44.3915133,33.340616],[44.3914963,33.3406288],[44.3914921,33.340625],[44.3914906,33.3406331],[44.3914565,33.3406588],[44.3914606,33.3406626],[44.3914306,33.3406922],[44.3914348,33.340696],[44.3914136,33.340705],[44.3914177,33.3407089],[44.391395,33.340726],[44.3913991,33.3407298],[44.3913764,33.340747],[44.3913805,33.3407508],[44.3913464,33.3407765],[44.3913505,33.3407804],[44.3912921,33.3408313],[44.3912963,33.3408352],[44.3912565,33.3408651],[44.3912606,33.340869],[44.3912379,33.3408861],[44.391242,33.34089],[44.3912208,33.340899],[44.3912177,33.3409152],[44.391165,33.3409619],[44.3911676,33.3409739],[44.3911392,33.3409953],[44.3911433,33.3409991],[44.3911262,33.341012],[44.3911304,33.3410158],[44.3910777,33.3410625],[44.3910818,33.3410663],[44.3910648,33.3410792],[44.3910689,33.341083],[44.3910518,33.3410959],[44.391056,33.3410997],[44.3910374,33.3411207],[44.3910312,33.3411532],[44.3910395,33.3411609],[44.3910338,33.3411652],[44.3910546,33.3411844],[44.3910489,33.3411887],[44.3910613,33.3412002],[44.3910556,33.3412045],[44.3910738,33.3412118],[44.3910681,33.3412161],[44.3910831,33.3412396],[44.3910774,33.3412438],[44.3910857,33.3412515],[44.3910914,33.3412473],[44.391108,33.3412626],[44.3911065,33.3412708],[44.3910212,33.341335],[44.3910113,33.3413354]],[[44.3913908,33.3376073],[44.3913712,33.3376081],[44.3913214,33.337562],[44.3913271,33.3375577],[44.3912732,33.3375077],[44.3912789,33.3375035],[44.3911534,33.337368],[44.3911337,33.3373689],[44.3911223,33.3373775],[44.3911182,33.3373736],[44.3910897,33.337395],[44.3910674,33.3373839],[44.3910235,33.3374101],[44.3910344,33.3374297],[44.390932,33.3375068],[44.3909279,33.337503],[44.3908695,33.3375539],[44.3908456,33.337551],[44.3907376,33.3376324],[44.3907402,33.3376443],[44.3906719,33.3376957],[44.3906678,33.3376919],[44.3905882,33.3377518],[44.390584,33.337748],[44.3904263,33.3378598],[44.3904222,33.337856],[44.3903937,33.3378774],[44.3903979,33.3378812],[44.3903865,33.3378898],[44.3903823,33.3378859],[44.390371,33.3378945],[44.3903751,33.3378983],[44.3903012,33.337954],[44.3902789,33.3379429],[44.3902846,33.3379386],[44.3902307,33.3378887],[44.3902364,33.3378844],[44.3902239,33.3378728],[44.3902182,33.3378771],[44.390196,33.337866],[44.3901664,33.3378673],[44.3901437,33.3378845],[44.3901395,33.3378806],[44.3901054,33.3379063],[44.3901096,33.3379102],[44.3900868,33.3379273],[44.3900853,33.3379354],[44.390175,33.3380282],[44.3901848,33.3380277],[44.3902133,33.3380063],[44.3902174,33.3380101],[44.3902246,33.3379977],[44.3902345,33.3379973],[44.3902744,33.3380439],[44.3903142,33.3380139],[44.3903184,33.3380177],[44.3903411,33.3380006],[44.390337,33.3379968],[44.3903882,33.3379582],[44.3903923,33.3379621],[44.3903938,33.3379539],[44.3904166,33.3379368],[44.3904347,33.337944],[44.3904404,33.3379398],[44.3904487,33.3379474],[44.390443,33.3379517],[44.3904513,33.3379594],[44.390457,33.3379551],[44.3904555,33.3379633],[44.3904969,33.3380017],[44.3904939,33.338018],[44.3903972,33.3380908],[44.3904662,33.3381643],[44.3904646,33.3381724],[44.3904305,33.3381981],[44.3904927,33.3382558],[44.390487,33.3382601],[44.3905161,33.338287],[44.3905357,33.3382861],[44.3906309,33.3382214],[44.390635,33.3382252],[44.3906422,33.3382128],[44.3906562,33.3382162],[44.3906888,33.3381987],[44.3907069,33.3382059],[44.3907054,33.3382141],[44.3906542,33.3382526],[44.3906501,33.3382488],[44.3905492,33.3383177],[44.3905601,33.3383374],[44.3905545,33.3383417],[44.390571,33.338357],[44.3905654,33.3383613],[44.3905737,33.338369],[44.3905793,33.3383647],[44.3906581,33.3384378],[44.3906695,33.3384292],[44.3906737,33.3384331],[44.3907305,33.3383902],[44.3907347,33.3383941],[44.3907916,33.3383512],[44.3907957,33.3383551],[44.3908583,33.338308],[44.3908624,33.3383118],[44.3910527,33.3381825],[44.3910569,33.3381863],[44.3911024,33.338152],[44.391122,33.3381512],[44.3911428,33.3381704],[44.3911397,33.3381866],[44.3910445,33.3382513],[44.3910404,33.3382475],[44.391029,33.338256],[44.3910244,33.3382804],[44.3909846,33.3383104],[44.3909804,33.3383066],[44.3909122,33.338358],[44.3909081,33.3383541],[44.3907064,33.3384921],[44.3907048,33.3385002],[44.390738,33.3385309],[44.3907308,33.3385433],[44.3907474,33.3385587],[44.3907531,33.3385544],[44.3908096,33.3386164],[44.3908194,33.338616],[44.3909317,33.3385384],[44.3909358,33.3385423],[44.3909756,33.3385123],[44.3909798,33.3385161],[44.3910196,33.3384862],[44.3910237,33.33849],[44.3910749,33.3384514],[44.3910791,33.3384553],[44.3911132,33.3384296],[44.3911173,33.3384334],[44.3911685,33.3383949],[44.3911727,33.3383987],[44.3912125,33.3383688],[44.3912166,33.3383726],[44.3913118,33.3383079],[44.3913159,33.3383118],[44.3913557,33.3382818],[44.3913599,33.3382856],[44.3914266,33.3382424],[44.3914281,33.3382342],[44.3913576,33.3381689],[44.3913633,33.3381646],[44.391326,33.33813],[44.3913104,33.3381347],[44.3913021,33.338127],[44.3913078,33.3381227],[44.3912622,33.3380804],[44.3912679,33.3380762],[44.3912555,33.3380646],[44.3912498,33.3380689],[44.3911253,33.3379536],[44.3911155,33.337954],[44.3910871,33.3379754],[44.3910829,33.3379716],[44.3910374,33.3380058],[44.3910333,33.338002],[44.3909935,33.338032],[44.3909836,33.3380324],[44.3909712,33.3380209],[44.3909743,33.3380046],[44.3910637,33.3379442],[44.3910777,33.3379476],[44.3911061,33.3379262],[44.3911103,33.3379301],[44.391133,33.3379129],[44.3911429,33.3379125],[44.3911553,33.337924],[44.3911496,33.3379283],[44.3911595,33.3379279],[44.3912134,33.3379778],[44.3912077,33.3379821],[44.3912575,33.3380283],[44.3912518,33.3380325],[44.3912906,33.338059],[44.3913062,33.3380543],[44.3914,33.3381509],[44.3913943,33.3381551],[44.3914607,33.3382167],[44.3914705,33.3382162],[44.3915217,33.3381777],[44.3915259,33.3381815],[44.3915486,33.3381644],[44.3915528,33.3381682],[44.39156,33.3381558],[44.3915698,33.3381554],[44.3915185,33.3381174],[44.3915242,33.3381131],[44.3914703,33.3380631],[44.391476,33.3380588],[44.3912784,33.3378661],[44.3912588,33.337867],[44.3912076,33.3379056],[44.3912034,33.3379017],[44.3911864,33.3379146],[44.3911724,33.3379112],[44.3911801,33.3378705],[44.3911914,33.337862],[44.3911873,33.3378581],[44.3912426,33.3378234],[44.3912566,33.3378268],[44.3913476,33.3377583],[44.3913518,33.3377621],[44.3914143,33.337715],[44.3914102,33.3377112],[44.3914402,33.3376816],[44.3914463,33.3376491],[44.391438,33.3376414],[44.3914437,33.3376372],[44.3914064,33.3376026],[44.3914079,33.3375944],[44.3913908,33.3376073]],[[44.3921536,33.3364893],[44.3921479,33.3364936],[44.3921645,33.336509],[44.392163,33.3365171],[44.3921402,33.3365342],[44.3921361,33.3365304],[44.3921133,33.3365475],[44.3921118,33.3365557],[44.392145,33.3365864],[44.3921393,33.3365907],[44.3921683,33.3366176],[44.392174,33.3366133],[44.3921823,33.336621],[44.3921766,33.3366253],[44.3921932,33.3366407],[44.3921844,33.3366612],[44.392201,33.3366766],[44.392198,33.3366929],[44.3921581,33.3367228],[44.392154,33.336719],[44.392124,33.3367485],[44.3920847,33.3367503],[44.3920335,33.3367888],[44.3920293,33.336785],[44.3919782,33.3368235],[44.391974,33.3368197],[44.3919114,33.3368668],[44.3919405,33.3368937],[44.3919374,33.33691],[44.391926,33.3369185],[44.3919162,33.336919],[44.3918996,33.3369036],[44.3918939,33.3369079],[44.3918856,33.3369002],[44.3918659,33.3369011],[44.3918008,33.3369362],[44.3917811,33.3369371],[44.3917728,33.3369294],[44.3916932,33.3369894],[44.391689,33.3369855],[44.3916022,33.3370579],[44.3916063,33.3370617],[44.3915794,33.337075],[44.391582,33.337087],[44.3915707,33.3370956],[44.3915676,33.3371118],[44.3915759,33.3371195],[44.3915702,33.3371238],[44.3915785,33.3371315],[44.3915754,33.3371477],[44.3916885,33.3372716],[44.3916828,33.3372759],[44.3917051,33.337287],[44.3916994,33.3372913],[44.3917492,33.3373374],[44.3917435,33.3373417],[44.3917559,33.3373533],[44.3917745,33.3373323],[44.3917885,33.3373357],[44.3917999,33.3373271],[44.3918139,33.3373305],[44.3918309,33.3373177],[44.3918351,33.3373215],[44.3918862,33.337283],[44.3918904,33.3372868],[44.3919188,33.3372654],[44.391923,33.3372692],[44.3920011,33.3372174],[44.3920052,33.3372213],[44.392028,33.3372041],[44.3920321,33.337208],[44.3920776,33.3371737],[44.3920818,33.3371776],[44.3921117,33.337148],[44.3920967,33.3371245],[44.3921024,33.3371202],[44.391952,33.3369617],[44.3919706,33.3369407],[44.3919903,33.3369399],[44.3920359,33.3369821],[44.3920302,33.3369864],[44.3921033,33.3370638],[44.3920976,33.337068],[44.3921557,33.3371219],[44.3921485,33.3371343],[44.3921734,33.3371574],[44.3921677,33.3371616],[44.3921843,33.337177],[44.3921941,33.3371766],[44.3922494,33.3371419],[44.3922536,33.3371457],[44.3922877,33.33712],[44.3922918,33.3371239],[44.3923203,33.3371024],[44.3923244,33.3371063],[44.3923586,33.3370806],[44.3923627,33.3370844],[44.3923911,33.337063],[44.3923953,33.3370669],[44.392418,33.3370497],[44.3924222,33.3370536],[44.3924791,33.3370107],[44.3924832,33.3370146],[44.3926254,33.3369075],[44.3926212,33.3369037],[44.3926611,33.3368737],[44.392675,33.3368771],[44.392749,33.3368214],[44.3927531,33.3368253],[44.3927645,33.3368167],[44.3927619,33.3368047],[44.3928059,33.3367786],[44.3928032,33.3367666],[44.3928203,33.3367538],[44.3928426,33.3367649],[44.3928596,33.336752],[44.3928892,33.3367507],[44.3929062,33.3367378],[44.3929259,33.336737],[44.3929429,33.3367241],[44.3929419,33.336704],[44.3929589,33.3366912],[44.3929812,33.3367023],[44.3930081,33.336689],[44.3930278,33.3366881],[44.3930361,33.3366958],[44.3930573,33.3366868],[44.3930614,33.3366906],[44.3930899,33.3366692],[44.393094,33.3366731],[44.393138,33.3366469],[44.3931421,33.3366508],[44.3931592,33.3366379],[44.3931633,33.3366418],[44.3931861,33.3366246],[44.3931902,33.3366285],[44.3932073,33.3366156],[44.3932115,33.3366195],[44.3932285,33.3366066],[44.3932327,33.3366105],[44.3932497,33.3365976],[44.3932539,33.3366015],[44.3933051,33.3365629],[44.3933092,33.3365668],[44.3933376,33.3365453],[44.3933418,33.3365492],[44.3933645,33.3365321],[44.3933687,33.3365359],[44.3933971,33.3365145],[44.3934013,33.3365183],[44.3934509,33.3364879],[44.3934551,33.3364918],[44.3934721,33.3364789],[44.3934763,33.3364828],[44.3935104,33.3364571],[44.3935244,33.3364605],[44.3935414,33.3364476],[44.3935456,33.3364515],[44.3935854,33.3364215],[44.3935896,33.3364253],[44.393618,33.3364039],[44.3936221,33.3364078],[44.3936392,33.3363949],[44.3936434,33.3363987],[44.3936775,33.336373],[44.3936816,33.3363769],[44.3937426,33.3363379],[44.3937468,33.3363418],[44.3937923,33.3363075],[44.3937886,33.3362754],[44.3938057,33.3362626],[44.3938197,33.336266],[44.3938424,33.3362488],[44.3938662,33.3362518],[44.3939712,33.3361867],[44.3939754,33.3361905],[44.3940038,33.3361691],[44.3940027,33.336149],[44.3940353,33.3361314],[44.3940187,33.3361161],[44.3940203,33.3361079],[44.3940658,33.3360737],[44.3940756,33.3360732],[44.3941005,33.3360963],[44.3941119,33.3360877],[44.3941315,33.3360869],[44.3942494,33.336005],[44.3942536,33.3360089],[44.3942877,33.3359832],[44.3942918,33.335987],[44.3943089,33.3359742],[44.3943131,33.335978],[44.3943854,33.3359305],[44.3943896,33.3359343],[44.3944806,33.3358658],[44.394478,33.3358538],[44.3944894,33.3358453],[44.3944955,33.3358127],[44.3944872,33.3358051],[44.3944945,33.3357926],[44.3944862,33.335785],[44.3944908,33.3357606],[44.3945306,33.3357306],[44.3945264,33.3357267],[44.3946216,33.3356621],[44.3946174,33.3356582],[44.3946345,33.3356454],[44.3946304,33.3356415],[44.3946759,33.3356073],[44.394651,33.3355842],[44.3946525,33.3355761],[44.3946696,33.3355632],[44.3946835,33.3355666],[44.3947518,33.3355152],[44.3947476,33.3355114],[44.3947647,33.3354985],[44.3947709,33.335466],[44.3947584,33.3354545],[44.3947657,33.3354421],[44.3947574,33.3354344],[44.3947604,33.3354181],[44.3947397,33.3353989],[44.3947454,33.3353946],[44.39465,33.3353062],[44.3946557,33.3353019],[44.3946308,33.3352788],[44.3946251,33.3352831],[44.3944939,33.335152],[44.3944882,33.3351562],[44.3944659,33.3351452],[44.3944504,33.3351499],[44.3944421,33.3351422],[44.3943971,33.3351482],[44.3943847,33.3351367],[44.3944162,33.335099],[44.3943721,33.3350486],[44.3943426,33.3350499],[44.3942288,33.3351356],[44.394219,33.335136],[44.3942024,33.3351206],[44.3942039,33.3351125],[44.3942836,33.3350525],[44.3942146,33.3349791],[44.3942089,33.3349833],[44.3942006,33.3349756],[44.3941536,33.335018],[44.3941437,33.3350185],[44.3941147,33.3349916],[44.3940976,33.3350044],[44.3940935,33.3350006],[44.3940723,33.3350096],[44.3940474,33.3349865],[44.3939848,33.3350336],[44.3939874,33.3350456],[44.3939332,33.3351004],[44.393929,33.3350965],[44.3938267,33.3351736],[44.3938044,33.3351625],[44.3937403,33.3352178],[44.3937263,33.3352144],[44.3936922,33.3352401],[44.3936963,33.3352439],[44.3936865,33.3352444],[44.3936849,33.3352525],[44.3935939,33.335321],[44.3935841,33.3353215],[44.3935826,33.3353296],[44.3935784,33.3353257],[44.3935443,33.3353514],[44.3935401,33.3353476],[44.393506,33.3353733],[44.3935102,33.3353771],[44.3934833,33.3353904],[44.3934874,33.3353943],[44.3934362,33.3354328],[44.3934528,33.3354482],[44.3934513,33.3354563],[44.3934001,33.3354949],[44.393396,33.335491],[44.3933846,33.3354996],[44.3933872,33.3355116],[44.3933531,33.3355373],[44.3933391,33.3355339],[44.3933106,33.3355553],[44.3933045,33.3355878],[44.3932874,33.3356006],[44.3932636,33.3355977],[44.3932067,33.3356405],[44.3931927,33.3356371],[44.3931033,33.3356975],[44.3930991,33.3356936],[44.3930821,33.3357065],[44.3930779,33.3357026],[44.3929357,33.3358097],[44.3929384,33.3358217],[44.3929213,33.3358345],[44.3929073,33.3358311],[44.3928732,33.3358568],[44.392869,33.335853],[44.3925449,33.3360971],[44.392549,33.336101],[44.3925304,33.336122],[44.3925428,33.3361335],[44.3925372,33.3361378],[44.3925662,33.3361647],[44.3925605,33.336169],[44.3926087,33.3362232],[44.392603,33.3362275],[44.3926404,33.3362621],[44.3926347,33.3362664],[44.3926513,33.3362818],[44.3926456,33.3362861],[44.3926554,33.3362856],[44.3926539,33.3362937],[44.3926871,33.3363245],[44.392684,33.3363408],[44.3926742,33.3363412],[44.3926457,33.3363626],[44.3926416,33.3363588],[44.3926131,33.3363802],[44.392609,33.3363763],[44.3925805,33.3363978],[44.3925764,33.3363939],[44.392548,33.3364153],[44.3925438,33.3364115],[44.3925097,33.3364372],[44.39249,33.3364381],[44.3924584,33.3363992],[44.3924641,33.3363949],[44.392435,33.336368],[44.3924407,33.3363637],[44.3924117,33.3363368],[44.3924174,33.3363325],[44.3923567,33.3362667],[44.3923624,33.3362624],[44.3923499,33.3362509],[44.3923204,33.3362522],[44.3920888,33.3364197],[44.3921536,33.3364893]],[[44.392051,33.3373401],[44.3920468,33.3373363],[44.3919687,33.3373881],[44.3919646,33.3373843],[44.3919418,33.3374014],[44.3919377,33.3373975],[44.3918994,33.3374194],[44.3918933,33.3374519],[44.3918664,33.3374652],[44.3918788,33.3374767],[44.3918731,33.337481],[44.391927,33.337531],[44.3919214,33.3375353],[44.3921702,33.337766],[44.3921645,33.3377702],[44.3922667,33.3378745],[44.392261,33.3378788],[44.3923108,33.3379249],[44.3923051,33.3379292],[44.3923673,33.3379869],[44.3923616,33.3379911],[44.3924031,33.3380296],[44.3923974,33.3380339],[44.3924472,33.33808],[44.3924415,33.3380843],[44.392483,33.3381227],[44.3924773,33.338127],[44.3925146,33.3381616],[44.3925089,33.3381659],[44.3925504,33.3382044],[44.3925447,33.3382086],[44.3925779,33.3382394],[44.3925722,33.3382437],[44.3926137,33.3382821],[44.392608,33.3382864],[44.3926329,33.3383095],[44.3926272,33.3383138],[44.3926728,33.3383561],[44.3926656,33.3383685],[44.3927029,33.3384031],[44.3926972,33.3384074],[44.3927854,33.3385082],[44.3927797,33.3385125],[44.3928088,33.3385394],[44.3928031,33.3385437],[44.3928321,33.3385706],[44.3928264,33.3385749],[44.3928555,33.3386018],[44.3928498,33.3386061],[44.392883,33.3386368],[44.3928773,33.3386411],[44.3929063,33.338668],[44.3929006,33.3386723],[44.3929296,33.3386992],[44.392924,33.3387035],[44.3929613,33.3387381],[44.3929882,33.3387248],[44.3929856,33.3387128],[44.3930083,33.3386957],[44.3930223,33.3386991],[44.3930704,33.3386768],[44.3931352,33.3387465],[44.393158,33.3387293],[44.3931621,33.3387332],[44.3932418,33.3386732],[44.3932459,33.3386771],[44.3933255,33.3386171],[44.3933452,33.3386162],[44.3933535,33.3386239],[44.393352,33.338632],[44.3931245,33.3388034],[44.3931286,33.3388072],[44.3931571,33.3387858],[44.3931612,33.3387896],[44.3933944,33.338614],[44.3933902,33.3386102],[44.3934357,33.3385759],[44.3934316,33.3385721],[44.3934528,33.3385631],[44.3934486,33.3385592],[44.3934657,33.3385464],[44.3934616,33.3385425],[44.3935029,33.3385044],[44.3935091,33.3384719],[44.3935204,33.3384633],[44.3935122,33.3384557],[44.3934966,33.3384604],[44.3935034,33.3384762],[44.3935003,33.3384925],[44.3934889,33.338501],[44.3934931,33.3385049],[44.3934703,33.338522],[44.3934745,33.3385258],[44.3934347,33.3385558],[44.3934248,33.3385563],[44.3934165,33.3385486],[44.3934299,33.3385036],[44.3934216,33.338496],[44.3934273,33.3384917],[44.393419,33.338484],[44.3934247,33.3384797],[44.3934164,33.338472],[44.3934195,33.3384558],[44.393363,33.3383938],[44.3933676,33.3383694],[44.3933246,33.3383391],[44.3933302,33.3383348],[44.3932628,33.3382532],[44.3932674,33.3382288],[44.3932286,33.3382023],[44.3932343,33.3381981],[44.3931653,33.3381246],[44.393171,33.3381203],[44.3931419,33.3380934],[44.3931476,33.3380891],[44.393131,33.3380737],[44.3931114,33.3380746],[44.3930906,33.3380554],[44.3930963,33.3380511],[44.3930631,33.3380203],[44.3930688,33.338016],[44.3930206,33.3379618],[44.3930263,33.3379575],[44.3930014,33.3379344],[44.3930071,33.3379301],[44.3929505,33.3378682],[44.392921,33.3378695],[44.3928869,33.3378952],[44.3928828,33.3378914],[44.392816,33.3379346],[44.3928119,33.3379308],[44.3927835,33.3379522],[44.3927793,33.3379484],[44.3927395,33.3379783],[44.3927157,33.3379754],[44.3926816,33.3380011],[44.3926774,33.3379972],[44.3926433,33.3380229],[44.3926542,33.3380426],[44.3926511,33.3380588],[44.3926397,33.3380674],[44.3925906,33.3380696],[44.3925823,33.3380619],[44.3925471,33.3380675],[44.3925486,33.3380594],[44.3925279,33.3380402],[44.392531,33.3380239],[44.3925423,33.3380153],[44.3925413,33.3379952],[44.3925599,33.3379743],[44.3925697,33.3379738],[44.3925987,33.3380007],[44.3926101,33.3379922],[44.3926143,33.337996],[44.3926541,33.337966],[44.3926582,33.3379699],[44.3927166,33.3379189],[44.3927208,33.3379228],[44.3928542,33.3378362],[44.3928583,33.3378401],[44.3928754,33.3378272],[44.3928728,33.3378152],[44.3928842,33.3378067],[44.3928883,33.3378105],[44.3929012,33.3377938],[44.3928654,33.3377511],[44.3928711,33.3377468],[44.3928421,33.3377199],[44.3928478,33.3377156],[44.3927913,33.3376537],[44.3927969,33.3376494],[44.3927679,33.3376225],[44.3927736,33.3376182],[44.3926896,33.3375212],[44.3926953,33.3375169],[44.3926761,33.3374896],[44.3926817,33.3374853],[44.3926169,33.3374156],[44.3926226,33.3374113],[44.3925936,33.3373844],[44.3925993,33.3373801],[44.3924862,33.3372562],[44.3925048,33.3372353],[44.3925089,33.3372391],[44.3925317,33.337222],[44.3925358,33.3372258],[44.3926139,33.337174],[44.3926355,33.3370602],[44.3926567,33.3370512],[44.3926774,33.3370704],[44.3926717,33.3370747],[44.3927034,33.3371136],[44.3926848,33.3371346],[44.3926817,33.3371508],[44.3927699,33.3372517],[44.3927642,33.3372559],[44.3928207,33.3373179],[44.392815,33.3373222],[44.3928441,33.3373491],[44.3928384,33.3373534],[44.3928674,33.3373803],[44.3928617,33.3373846],[44.3928825,33.3374038],[44.392898,33.3373991],[44.3929063,33.3374068],[44.392896,33.3374354],[44.3929167,33.3374546],[44.392911,33.3374589],[44.3929359,33.337482],[44.3929302,33.3374863],[44.3929551,33.3375094],[44.3929494,33.3375136],[44.3929743,33.3375367],[44.3929686,33.337541],[44.3929977,33.3375679],[44.392992,33.3375722],[44.3930169,33.3375953],[44.3930112,33.3375995],[44.3930402,33.3376264],[44.3930345,33.3376307],[44.3930636,33.3376576],[44.3930579,33.3376619],[44.393102,33.3377123],[44.3930963,33.3377166],[44.3931253,33.3377435],[44.3931424,33.3377307],[44.393162,33.3377298],[44.3931745,33.3377414],[44.3932433,33.3377383],[44.3932775,33.3377126],[44.3932816,33.3377164],[44.3933483,33.3376732],[44.3933525,33.337677],[44.3934052,33.3376303],[44.3934093,33.3376342],[44.3934378,33.3376128],[44.3934419,33.3376166],[44.3934704,33.3375952],[44.3934745,33.337599],[44.3936007,33.3375249],[44.3936048,33.3375288],[44.3936276,33.3375116],[44.3936317,33.3375155],[44.3937041,33.3374679],[44.39366,33.3374175],[44.3936657,33.3374132],[44.3936408,33.3373901],[44.3936465,33.3373859],[44.3936216,33.3373628],[44.3936273,33.3373585],[44.3935983,33.3373316],[44.393604,33.3373273],[44.3935791,33.3373042],[44.3935848,33.3373],[44.3935599,33.3372769],[44.393563,33.3372606],[44.3935914,33.3372392],[44.3935956,33.3372431],[44.3936509,33.3372084],[44.393655,33.3372122],[44.3936778,33.3371951],[44.3936819,33.3371989],[44.3937047,33.3371818],[44.3937088,33.3371856],[44.3937699,33.3371466],[44.3937797,33.3371462],[44.3937963,33.3371616],[44.3937906,33.3371659],[44.3938113,33.3371851],[44.3938057,33.3371894],[44.3938373,33.3372283],[44.3938316,33.3372325],[44.3938482,33.3372479],[44.3938425,33.3372522],[44.3938591,33.3372676],[44.3938576,33.3372757],[44.3938674,33.3372753],[44.3938958,33.3372539],[44.3939,33.3372577],[44.3939284,33.3372363],[44.3939326,33.3372401],[44.3939538,33.3372311],[44.3940088,33.3373012],[44.3940258,33.3372884],[44.39403,33.3372922],[44.3940925,33.3372451],[44.3940967,33.3372489],[44.3941593,33.3372018],[44.3941691,33.3372014],[44.3941665,33.3371894],[44.3941835,33.3371766],[44.3941866,33.3371603],[44.3941757,33.3371406],[44.3942026,33.3371274],[44.3942301,33.3371624],[44.3942456,33.3371577],[44.3942581,33.3371692],[44.3942524,33.3371735],[44.3942923,33.3372201],[44.3942892,33.3372363],[44.3943307,33.3372748],[44.394325,33.3372791],[44.3943416,33.3372944],[44.3943359,33.3372987],[44.3943717,33.3373414],[44.3943531,33.3373624],[44.3943998,33.3374248],[44.3943941,33.3374291],[44.3944216,33.3374641],[44.3944159,33.3374684],[44.3944284,33.33748],[44.3944227,33.3374842],[44.3944351,33.3374958],[44.3944295,33.3375001],[44.3944668,33.3375347],[44.3944652,33.3375428],[44.3944766,33.3375342],[44.3944725,33.3375304],[44.3945123,33.3375004],[44.3945081,33.3374966],[44.3945423,33.3374709],[44.3945381,33.337467],[44.3945893,33.3374285],[44.3945852,33.3374246],[44.3946136,33.3374032],[44.3946167,33.3373869],[44.3946808,33.3373317],[44.3946766,33.3373279],[44.3947107,33.3373022],[44.3947066,33.3372983],[44.3947692,33.3372512],[44.394765,33.3372474],[44.3947764,33.3372388],[44.3947795,33.3372225],[44.3948193,33.3371926],[44.3948151,33.3371887],[44.3948379,33.3371716],[44.3948337,33.3371677],[44.3949164,33.3370915],[44.3949123,33.3370877],[44.394935,33.3370705],[44.3949381,33.3370543],[44.3949609,33.3370372],[44.3949749,33.3370406],[44.3949919,33.3370277],[44.3949878,33.3370239],[44.3950048,33.337011],[44.3950007,33.3370072],[44.3950234,33.33699],[44.3950193,33.3369862],[44.3950405,33.3369772],[44.3950363,33.3369733],[44.3950606,33.3369481],[44.3950565,33.3369442],[44.3951035,33.3369018],[44.3950994,33.336898],[44.3951221,33.3368809],[44.395118,33.336877],[44.3951738,33.3368141],[44.3951784,33.3367897],[44.3952528,33.3367058],[44.3952574,33.3366814],[44.3953029,33.3366472],[44.3952988,33.3366433],[44.3953546,33.3365804],[44.3953577,33.3365641],[44.3953747,33.3365513],[44.3953706,33.3365474],[44.3954264,33.3364845],[44.3954222,33.3364807],[44.3954336,33.3364721],[44.3954367,33.3364558],[44.3954538,33.336443],[44.3954496,33.3364391],[44.3954667,33.3364263],[44.3954697,33.33641],[44.3954868,33.3363972],[44.3954827,33.3363933],[44.3955385,33.3363304],[44.3955415,33.3363142],[44.3955586,33.3363013],[44.3955545,33.3362975],[44.3955731,33.3362765],[44.3955777,33.3362521],[44.3955694,33.3362444],[44.3955751,33.3362401],[44.3951747,33.3358308],[44.3951308,33.335857],[44.395107,33.335854],[44.3950072,33.3359431],[44.3950114,33.3359469],[44.3949659,33.3359812],[44.39497,33.335985],[44.3949245,33.3360193],[44.3949286,33.3360231],[44.3949116,33.336036],[44.3949085,33.3360522],[44.394921,33.3360638],[44.3949153,33.3360681],[44.3949277,33.3360796],[44.394922,33.3360839],[44.3949547,33.3361429],[44.3949517,33.3361591],[44.3949641,33.3361706],[44.3949584,33.3361749],[44.3949709,33.3361865],[44.3949652,33.3361907],[44.3949776,33.3362023],[44.3949719,33.3362066],[44.3950046,33.3362655],[44.3950016,33.3362818],[44.395014,33.3362933],[44.3950083,33.3362976],[44.3950208,33.3363092],[44.3950151,33.3363134],[44.3950317,33.3363288],[44.395026,33.3363331],[44.3950384,33.3363446],[44.3950327,33.3363489],[44.3950452,33.3363605],[44.3950395,33.3363647],[44.3950519,33.3363763],[44.3950462,33.3363806],[44.3950587,33.3363921],[44.395053,33.3363964],[44.3950654,33.3364079],[44.3950597,33.3364122],[44.3950722,33.3364237],[44.3950665,33.336428],[44.3950789,33.3364395],[44.3950733,33.3364438],[44.3950857,33.3364554],[44.39508,33.3364596],[44.3951075,33.3364947],[44.3951018,33.336499],[44.3951143,33.3365105],[44.3951086,33.3365148],[44.395121,33.3365263],[44.3951267,33.336522],[44.3952055,33.3365951],[44.395235,33.3365938],[44.3952433,33.3366015],[44.3952402,33.3366177],[44.3952289,33.3366263],[44.3952299,33.3366464],[44.3952129,33.3366592],[44.3951947,33.336652],[44.3951834,33.3366605],[44.3951539,33.3366619],[44.3951233,33.3366431],[44.3951294,33.3366106],[44.3951087,33.3365913],[44.395103,33.3365956],[44.3950823,33.3365764],[44.3950471,33.336582],[44.3950346,33.3365705],[44.3950403,33.3365662],[44.395003,33.3365316],[44.3950087,33.3365273],[44.3949672,33.3364888],[44.3949832,33.3364559],[44.3949583,33.3364328],[44.3949655,33.3364204],[44.3949422,33.3363892],[44.394951,33.3363687],[44.3949427,33.336361],[44.3949499,33.3363486],[44.3949416,33.3363409],[44.3949473,33.3363366],[44.394939,33.3363289],[44.3949447,33.3363246],[44.3949364,33.3363169],[44.3949395,33.3363007],[44.3949198,33.3363016],[44.3949032,33.3362862],[44.3949063,33.3362699],[44.3948938,33.3362584],[44.3948995,33.3362541],[44.3948871,33.3362426],[44.3948928,33.3362383],[44.3948762,33.3362229],[44.3948906,33.3361981],[44.3948756,33.3361746],[44.3948787,33.3361583],[44.3948662,33.3361468],[44.3948719,33.3361425],[44.3948636,33.3361348],[44.3948667,33.3361186],[44.3948542,33.336107],[44.3948599,33.3361028],[44.394791,33.3360293],[44.3947925,33.3360211],[44.3948607,33.3359697],[44.3948887,33.3359766],[44.3949342,33.3359423],[44.3949357,33.3359342],[44.394915,33.3359149],[44.3949052,33.3359154],[44.3948597,33.3359496],[44.3948374,33.3359385],[44.394812,33.3359437],[44.3948136,33.3359356],[44.3947928,33.3359164],[44.3947985,33.3359121],[44.3947778,33.3358928],[44.3947835,33.3358886],[44.3947627,33.3358693],[44.3947684,33.3358651],[44.3947461,33.335854],[44.3947508,33.3358296],[44.3947803,33.3358283],[44.3947916,33.3358197],[44.3948802,33.3358158],[44.3949164,33.3358303],[44.3949418,33.3358251],[44.3949501,33.3358328],[44.3949697,33.3358319],[44.3949997,33.3358024],[44.3950179,33.3358096],[44.395069,33.3357711],[44.3950732,33.3357749],[44.3950903,33.3357621],[44.3951141,33.335765],[44.3951425,33.3357436],[44.3951093,33.3357129],[44.395115,33.3357086],[44.3949393,33.3355552],[44.3949336,33.3355595],[44.3949227,33.3355398],[44.394917,33.3355441],[44.394888,33.3355172],[44.3948823,33.3355215],[44.3948698,33.33551],[44.3948543,33.3355147],[44.394846,33.335507],[44.3948403,33.3355113],[44.3948471,33.3355271],[44.394783,33.3355823],[44.3947897,33.3355982],[44.3947499,33.3356281],[44.3947541,33.335632],[44.3947029,33.3356705],[44.394693,33.335671],[44.3946764,33.3356556],[44.394648,33.335677],[44.3946522,33.3356808],[44.3945327,33.3357708],[44.3945768,33.3358212],[44.3945711,33.3358255],[44.394582,33.3358452],[44.394521,33.3358841],[44.3945169,33.3358803],[44.3944827,33.335906],[44.3944869,33.3359098],[44.3944569,33.3359394],[44.3944611,33.3359432],[44.3943716,33.3360036],[44.3943674,33.3359998],[44.3943504,33.3360126],[44.3943462,33.3360088],[44.3942469,33.3360696],[44.3942428,33.3360658],[44.39422,33.3360829],[44.3942159,33.3360791],[44.3941818,33.3361048],[44.394158,33.3361018],[44.3941181,33.3361318],[44.394114,33.3361279],[44.3940799,33.3361536],[44.3940757,33.3361498],[44.3940643,33.3361584],[44.3940918,33.3361934],[44.3940903,33.3362015],[44.3940619,33.3362229],[44.3940577,33.3362191],[44.3939072,33.3363185],[44.3939031,33.3363146],[44.3938292,33.3363703],[44.393797,33.3363597],[44.3937743,33.3363768],[44.3937784,33.3363806],[44.3937117,33.3364239],[44.3937076,33.3364201],[44.3936791,33.3364415],[44.3936553,33.3364385],[44.3936522,33.3364548],[44.3936295,33.3364719],[44.3936253,33.3364681],[44.393614,33.3364766],[44.3935943,33.3364775],[44.3935762,33.3364702],[44.3935689,33.3364827],[44.3935648,33.3364788],[44.3935307,33.3365045],[44.3935265,33.3365007],[44.3935038,33.3365178],[44.3935079,33.3365216],[44.3934526,33.3365563],[44.3934484,33.3365525],[44.3934314,33.3365653],[44.3934019,33.3365667],[44.3933791,33.3365838],[44.393375,33.33658],[44.3933522,33.3365971],[44.3933481,33.3365932],[44.3933253,33.3366104],[44.3933212,33.3366065],[44.3932798,33.3366446],[44.3932757,33.3366408],[44.393226,33.3366712],[44.3932064,33.3366721],[44.3931836,33.3366892],[44.3931795,33.3366854],[44.3931567,33.3367025],[44.3931526,33.3366987],[44.3931298,33.3367158],[44.3931257,33.336712],[44.3931029,33.3367291],[44.3930988,33.3367252],[44.393076,33.3367424],[44.3930719,33.3367385],[44.3930109,33.3367775],[44.3930067,33.3367737],[44.3929953,33.3367822],[44.3929757,33.3367831],[44.3929146,33.3368221],[44.3929105,33.3368183],[44.3928608,33.3368487],[44.3928567,33.3368448],[44.3928396,33.3368577],[44.3928355,33.3368538],[44.3927957,33.3368838],[44.3928164,33.336903],[44.3928133,33.3369193],[44.3928035,33.3369197],[44.3927694,33.3369454],[44.3927652,33.3369416],[44.3927084,33.3369844],[44.3927042,33.3369806],[44.3926701,33.3370063],[44.3926727,33.3370182],[44.3926556,33.3370311],[44.3926458,33.3370315],[44.3926141,33.3369926],[44.3925304,33.3370488],[44.3925262,33.3370449],[44.3924026,33.337131],[44.3924011,33.3371391],[44.3924301,33.3371661],[44.3924245,33.3371703],[44.3924618,33.3372049],[44.3924561,33.3372092],[44.3924629,33.337225],[44.3924344,33.3372465],[44.3923676,33.3372132],[44.3923619,33.3372175],[44.3923536,33.3372098],[44.3923479,33.337214],[44.3923158,33.3372034],[44.3921798,33.337278],[44.3921658,33.3372745],[44.392143,33.3372917],[44.3921389,33.3372878],[44.3921161,33.337305],[44.392112,33.3373011],[44.392051,33.3373401]],[[44.3910657,33.3385002],[44.3909209,33.3385953],[44.3909292,33.338603],[44.3909163,33.3386197],[44.3908785,33.3386133],[44.3907947,33.3386694],[44.3907973,33.3386814],[44.3907802,33.3386943],[44.3907367,33.3386922],[44.3906928,33.3387183],[44.3906633,33.3387196],[44.3906447,33.3387406],[44.3906405,33.3387368],[44.3905966,33.3387629],[44.3905924,33.3387591],[44.3905754,33.3387719],[44.3905712,33.3387681],[44.3905485,33.3387852],[44.3905443,33.3387813],[44.3905216,33.3387985],[44.3905174,33.3387946],[44.3904947,33.3388118],[44.3904905,33.3388079],[44.3904678,33.3388251],[44.3904636,33.3388212],[44.3904409,33.3388383],[44.3904367,33.3388345],[44.390414,33.3388516],[44.3904098,33.3388478],[44.3903488,33.3388868],[44.3903291,33.3388876],[44.3903064,33.3389048],[44.3903022,33.3389009],[44.3902795,33.3389181],[44.3902753,33.3389142],[44.3902526,33.3389314],[44.3902484,33.3389275],[44.3902257,33.3389446],[44.3902215,33.3389408],[44.3901988,33.3389579],[44.3901946,33.3389541],[44.3901719,33.3389712],[44.3901677,33.3389674],[44.390145,33.3389845],[44.3901408,33.3389807],[44.3901067,33.3390064],[44.3901026,33.3390025],[44.3900359,33.3390458],[44.3900317,33.3390419],[44.3899919,33.3390719],[44.3899878,33.3390681],[44.389965,33.3390852],[44.3899552,33.3390856],[44.3899427,33.3390741],[44.3899484,33.3390698],[44.3899417,33.339054],[44.3899515,33.3390536],[44.3899701,33.3390326],[44.3899742,33.3390364],[44.390058,33.3389803],[44.3900456,33.3389688],[44.3900513,33.3389645],[44.3900139,33.3389299],[44.3900041,33.3389303],[44.3899912,33.338947],[44.389987,33.3389432],[44.3899529,33.3389689],[44.3899488,33.338965],[44.3898593,33.3390254],[44.3898552,33.3390216],[44.389821,33.3390473],[44.3898169,33.3390435],[44.3897729,33.3390696],[44.3897688,33.3390657],[44.3897502,33.3390867],[44.3897305,33.3390876],[44.3896509,33.3391476],[44.3896369,33.3391442],[44.3894963,33.3392431],[44.3894921,33.3392393],[44.3893871,33.3393044],[44.3893675,33.3393053],[44.3893488,33.3393262],[44.3893711,33.3393373],[44.3893624,33.3393579],[44.3894038,33.3393963],[44.3893909,33.339413],[44.3893992,33.3394207],[44.3893935,33.339425],[44.3894143,33.3394442],[44.3894086,33.3394485],[44.3894335,33.3394716],[44.3894278,33.3394758],[44.3894485,33.3394951],[44.3894428,33.3394993],[44.3894978,33.3395694],[44.3894849,33.3395861],[44.3895098,33.3396092],[44.3895041,33.3396135],[44.3895124,33.3396212],[44.3895181,33.3396169],[44.3895264,33.3396246],[44.3895207,33.3396289],[44.389543,33.3396399],[44.3895414,33.3396481],[44.3895513,33.3396476],[44.3895482,33.3396639],[44.3895606,33.3396754],[44.3895663,33.3396711],[44.3895648,33.3396793],[44.3895731,33.339687],[44.3895788,33.3396827],[44.3895772,33.3396908],[44.3895938,33.3397062],[44.3895995,33.3397019],[44.3896021,33.3397139],[44.3896078,33.3397096],[44.3896161,33.3397173],[44.3896259,33.3397168],[44.3896544,33.3396954],[44.3896585,33.3396993],[44.3898374,33.3395785],[44.3898514,33.3395819],[44.3898742,33.3395647],[44.3898716,33.3395528],[44.3899284,33.3395099],[44.3899243,33.3395061],[44.389947,33.339489],[44.3899569,33.3394885],[44.3899501,33.3394727],[44.3899672,33.3394599],[44.389977,33.3394594],[44.3899879,33.3394791],[44.3900562,33.3394277],[44.390052,33.3394238],[44.3901332,33.3393558],[44.3901373,33.3393596],[44.3901741,33.3393459],[44.3902264,33.339404],[44.3902208,33.3394083],[44.3902456,33.3394313],[44.39024,33.3394356],[44.3902814,33.3394741],[44.3902758,33.3394783],[44.3902856,33.3394779],[44.3903022,33.3394933],[44.3902934,33.3395138],[44.3904894,33.3397146],[44.3905163,33.3397013],[44.3905205,33.3397052],[44.3905448,33.3396799],[44.3905489,33.3396838],[44.3905701,33.3396748],[44.3905826,33.3396863],[44.3905769,33.3396906],[44.3905836,33.3397064],[44.3905055,33.3397582],[44.3905787,33.3398356],[44.3905585,33.3398647],[44.3906316,33.339942],[44.3906286,33.3399583],[44.3906115,33.3399711],[44.3905918,33.339972],[44.3906375,33.3400143],[44.3906318,33.3400186],[44.3906774,33.3400609],[44.3906717,33.3400651],[44.3907531,33.3401502],[44.3907474,33.3401544],[44.3907889,33.3401929],[44.3907832,33.3401972],[44.3908729,33.3402899],[44.3908673,33.3402942],[44.3909087,33.3403326],[44.390903,33.3403369],[44.3909777,33.3404061],[44.390972,33.3404104],[44.3910218,33.3404565],[44.3910161,33.3404608],[44.3910591,33.3404911],[44.3910534,33.3404954],[44.3910908,33.34053],[44.3910851,33.3405343],[44.3911307,33.3405766],[44.391125,33.3405809],[44.3911706,33.3406232],[44.391165,33.3406274],[44.3912339,33.3407009],[44.3912867,33.3406543],[44.3912825,33.3406504],[44.3913151,33.3406328],[44.3913109,33.340629],[44.3913451,33.3406033],[44.3913409,33.3405995],[44.3913694,33.340578],[44.3913652,33.3405742],[44.3913936,33.3405528],[44.3913895,33.3405489],[44.3914407,33.3405104],[44.3914438,33.3404941],[44.3914665,33.340477],[44.3914639,33.340465],[44.3915223,33.3404141],[44.3915182,33.3404102],[44.3915466,33.3403888],[44.3915425,33.340385],[44.3915864,33.3403588],[44.3915823,33.340355],[44.3916066,33.3403297],[44.3916024,33.3403259],[44.3916608,33.3402749],[44.3916567,33.3402711],[44.3916851,33.3402497],[44.391681,33.3402458],[44.3917523,33.3401782],[44.3917481,33.3401743],[44.3917823,33.3401486],[44.3917781,33.3401448],[44.3917952,33.3401319],[44.391791,33.3401281],[44.3918965,33.3400347],[44.3918923,33.3400309],[44.3919151,33.3400138],[44.3919109,33.3400099],[44.3919508,33.3399799],[44.3919466,33.3399761],[44.3920164,33.3399166],[44.3920123,33.3399127],[44.3920521,33.3398827],[44.3920479,33.3398789],[44.3920764,33.3398575],[44.3920722,33.3398536],[44.392112,33.3398236],[44.3921079,33.3398198],[44.3921363,33.3397984],[44.3921322,33.3397945],[44.3921663,33.3397688],[44.3921621,33.339765],[44.3922505,33.3396845],[44.3922464,33.3396807],[44.3922691,33.3396635],[44.392265,33.3396597],[44.3923348,33.3396002],[44.3923306,33.3395963],[44.3923647,33.3395706],[44.3923606,33.3395668],[44.392389,33.3395453],[44.3923849,33.3395415],[44.3924247,33.3395115],[44.3924206,33.3395077],[44.3924547,33.339482],[44.3924505,33.3394781],[44.392479,33.3394567],[44.3924748,33.3394529],[44.3925203,33.3394186],[44.3925162,33.3394148],[44.3925503,33.3393891],[44.3925461,33.3393852],[44.3925803,33.3393595],[44.3925761,33.3393557],[44.3926046,33.3393343],[44.3926004,33.3393304],[44.3926402,33.3393004],[44.3926361,33.3392966],[44.3926888,33.3392499],[44.3926665,33.3392388],[44.3926922,33.3391289],[44.3926689,33.3390977],[44.3926632,33.339102],[44.392616,33.3390678],[44.3926217,33.3390635],[44.392532,33.3389708],[44.3925377,33.3389665],[44.3925004,33.3389319],[44.392506,33.3389276],[44.3924687,33.338893],[44.3924744,33.3388887],[44.3924205,33.3388388],[44.3924106,33.3388392],[44.3922302,33.3389681],[44.392226,33.3389643],[44.3921578,33.3390157],[44.3921536,33.3390118],[44.3919861,33.3391241],[44.3919638,33.339113],[44.3919824,33.339092],[44.3919798,33.33908],[44.3919912,33.3390715],[44.3918574,33.3389283],[44.391846,33.3389369],[44.3918419,33.3389331],[44.3917736,33.3389845],[44.3917539,33.3389853],[44.3917415,33.3389738],[44.3917472,33.3389695],[44.3917306,33.3389541],[44.3917321,33.338946],[44.3918004,33.3388946],[44.3918045,33.3388985],[44.3918216,33.3388856],[44.3917983,33.3388544],[44.3918039,33.3388501],[44.3917791,33.3388271],[44.3917847,33.3388228],[44.3917225,33.3387651],[44.3916755,33.3388075],[44.3916796,33.3388113],[44.3916341,33.3388456],[44.3916311,33.3388619],[44.3915897,33.3389],[44.3915939,33.3389038],[44.3915768,33.3389167],[44.3915809,33.3389205],[44.3915566,33.3389458],[44.3915608,33.3389496],[44.3915396,33.3389586],[44.391523,33.3389432],[44.3915292,33.3389107],[44.3915534,33.3388855],[44.3915493,33.3388816],[44.3915777,33.3388602],[44.3915808,33.338844],[44.3917033,33.3387378],[44.3917064,33.3387215],[44.3916898,33.3387061],[44.3916914,33.338698],[44.3917126,33.338689],[44.3917292,33.3387044],[44.391739,33.3387039],[44.3917974,33.338653],[44.3918016,33.3386568],[44.3918186,33.338644],[44.3918228,33.3386478],[44.3918739,33.3386093],[44.3918781,33.3386131],[44.3919293,33.3385746],[44.3919334,33.3385784],[44.3919789,33.3385441],[44.3919831,33.338548],[44.3920343,33.3385094],[44.3920384,33.3385133],[44.3920767,33.3384914],[44.3920808,33.3384953],[44.3921263,33.338461],[44.3921154,33.3384413],[44.3921211,33.3384371],[44.3920879,33.3384063],[44.3920936,33.338402],[44.3920687,33.338379],[44.3920744,33.3383747],[44.3919987,33.3382854],[44.3920044,33.3382811],[44.3919795,33.338258],[44.3919852,33.3382537],[44.3919686,33.3382383],[44.3919743,33.3382341],[44.3919452,33.3382072],[44.3919509,33.3382029],[44.3919027,33.3381486],[44.3919084,33.3381443],[44.3918752,33.3381136],[44.3918638,33.3381221],[44.3918457,33.3381149],[44.3918488,33.3380986],[44.3918601,33.3380901],[44.3918534,33.3380742],[44.3918591,33.33807],[44.3918176,33.3380315],[44.3917452,33.3380791],[44.3917411,33.3380752],[44.3916785,33.3381223],[44.3916743,33.3381185],[44.3916175,33.3381613],[44.3916201,33.3381733],[44.391603,33.3381861],[44.3915792,33.3381832],[44.3915565,33.3382003],[44.3915523,33.3381965],[44.3914954,33.3382393],[44.3914913,33.3382354],[44.3914499,33.3382736],[44.3914303,33.3382744],[44.3914018,33.3382958],[44.3914044,33.3383078],[44.3913874,33.3383207],[44.3913635,33.3383177],[44.3913351,33.3383391],[44.391331,33.3383353],[44.3911919,33.3384261],[44.3911877,33.3384222],[44.3911138,33.3384779],[44.3911096,33.3384741],[44.3910698,33.3385041],[44.3910657,33.3385002]],[[44.3895007,33.3391422],[44.3895158,33.3391657],[44.3895525,33.3391519],[44.3895567,33.3391558],[44.3895582,33.3391477],[44.3895923,33.339122],[44.3895965,33.3391258],[44.3896363,33.3390958],[44.3896404,33.3390997],[44.3896746,33.339074],[44.3896787,33.3390778],[44.3898121,33.3389913],[44.3898163,33.3389951],[44.3899326,33.3389214],[44.3899368,33.3389253],[44.389944,33.3389129],[44.389929,33.3388894],[44.3899347,33.3388851],[44.3899264,33.3388774],[44.3898995,33.3388907],[44.3898896,33.3388911],[44.389887,33.3388791],[44.3898756,33.3388877],[44.3898715,33.3388839],[44.3897577,33.3389695],[44.3897536,33.3389657],[44.3897422,33.3389742],[44.3897464,33.3389781],[44.3897365,33.3389785],[44.389735,33.3389867],[44.3897252,33.3389871],[44.3897024,33.3390042],[44.3897009,33.3390124],[44.3896967,33.3390085],[44.3896228,33.3390642],[44.3896186,33.3390603],[44.389539,33.3391203],[44.389525,33.3391169],[44.3895007,33.3391422]],[[44.3898202,33.3397727],[44.3897668,33.339771],[44.3897555,33.3397796],[44.3897596,33.3397834],[44.3897369,33.3398006],[44.389741,33.3398044],[44.389711,33.3398339],[44.3897064,33.3398583],[44.3897339,33.3398934],[44.3897282,33.3398976],[44.3897889,33.3399634],[44.3897832,33.3399677],[44.3898729,33.3400604],[44.3898672,33.3400647],[44.3899087,33.3401032],[44.389903,33.3401075],[44.3899487,33.3401497],[44.389943,33.340154],[44.3899554,33.3401656],[44.3899497,33.3401698],[44.3899596,33.3401694],[44.389958,33.3401775],[44.3899886,33.3401963],[44.3899829,33.3402006],[44.3900768,33.3402972],[44.3900711,33.3403014],[44.3901167,33.3403437],[44.390111,33.340348],[44.3901649,33.340398],[44.3901592,33.3404023],[44.3902049,33.3404446],[44.3901992,33.3404489],[44.3902972,33.3405493],[44.3902915,33.3405535],[44.3903288,33.3405881],[44.3903231,33.3405924],[44.3903454,33.3406035],[44.3903397,33.3406078],[44.3903771,33.3406424],[44.3903714,33.3406467],[44.3904253,33.3406967],[44.3904196,33.340701],[44.3904404,33.3407202],[44.3904331,33.3407326],[44.3904414,33.3407403],[44.3904611,33.3407394],[44.3904539,33.3407518],[44.3904637,33.3407514],[44.3905052,33.3407898],[44.3904995,33.3407941],[44.3905934,33.3408907],[44.3905877,33.3408949],[44.3906374,33.3409411],[44.3906318,33.3409454],[44.3906815,33.3409915],[44.3906758,33.3409958],[44.3907339,33.3410496],[44.3907396,33.3410453],[44.3907422,33.3410573],[44.3907577,33.3410526],[44.39078,33.3410637],[44.390839,33.3410611],[44.3908504,33.3410525],[44.3908545,33.3410563],[44.3908659,33.3410478],[44.3908856,33.3410469],[44.3909026,33.341034],[44.3909068,33.3410379],[44.390958,33.3409993],[44.3909538,33.3409955],[44.3910066,33.3409488],[44.3910024,33.340945],[44.3910252,33.3409278],[44.391021,33.340924],[44.3910438,33.3409069],[44.3910396,33.340903],[44.3910681,33.3408816],[44.3910639,33.3408778],[44.3911166,33.3408311],[44.3911125,33.3408272],[44.3911352,33.3408101],[44.3911311,33.3408063],[44.3911595,33.3407848],[44.3911554,33.340781],[44.3911781,33.3407639],[44.3911812,33.3407476],[44.3911729,33.3407399],[44.3911786,33.3407356],[44.3910806,33.3406352],[44.3910863,33.340631],[44.3909883,33.3405306],[44.390994,33.3405263],[44.39094,33.3404763],[44.3909457,33.340472],[44.3908959,33.3404259],[44.3909016,33.3404216],[44.3907746,33.3402943],[44.3907803,33.34029],[44.3907471,33.3402592],[44.3907414,33.3402635],[44.3907331,33.3402558],[44.3907036,33.3402571],[44.3906767,33.3402704],[44.3906684,33.3402627],[44.3906741,33.3402585],[44.3906285,33.3402162],[44.3906342,33.3402119],[44.3905844,33.3401657],[44.3905901,33.3401615],[44.3905403,33.3401153],[44.390546,33.340111],[44.3905128,33.3400803],[44.3905314,33.3400593],[44.3905288,33.3400473],[44.3905557,33.340034],[44.3905474,33.3400264],[44.3905531,33.3400221],[44.3904717,33.339937],[44.3904774,33.3399328],[44.3904483,33.3399058],[44.390454,33.3399016],[44.3904182,33.3398588],[44.3904125,33.3398631],[44.3904042,33.3398554],[44.3903551,33.3398576],[44.3903339,33.3398666],[44.3903214,33.3398551],[44.390323,33.339847],[44.3903783,33.3398123],[44.3902735,33.339696],[44.3902792,33.3396918],[44.390246,33.339661],[44.3902517,33.3396567],[44.3902268,33.3396336],[44.3902325,33.3396294],[44.3901827,33.3395832],[44.3901771,33.3395875],[44.3901506,33.3395726],[44.3901113,33.3395743],[44.3900885,33.3395915],[44.3900844,33.3395876],[44.3900616,33.3396047],[44.3900575,33.3396009],[44.3900291,33.3396223],[44.3900456,33.3396377],[44.3900513,33.3396334],[44.3900638,33.3396449],[44.3900793,33.3396402],[44.3900917,33.3396518],[44.3900887,33.339668],[44.3900773,33.3396766],[44.3900731,33.3396727],[44.3900659,33.3396851],[44.3900017,33.3396638],[44.3898357,33.3397679],[44.3898315,33.3397641],[44.3898202,33.3397727]],[[44.388884,33.3390004],[44.389011,33.3391277],[44.3890053,33.339132],[44.3891987,33.3393208],[44.3893962,33.3391791],[44.3893921,33.3391752],[44.3893709,33.3391842],[44.3893584,33.3391727],[44.38936,33.3391646],[44.3893941,33.3391389],[44.3893982,33.3391427],[44.3894722,33.339087],[44.3894763,33.3390909],[44.3898176,33.3388339],[44.3898274,33.3388334],[44.389844,33.3388488],[44.3899278,33.3387927],[44.3899143,33.3387611],[44.3900777,33.338645],[44.3900766,33.3386249],[44.390088,33.3386163],[44.3900921,33.3386202],[44.3901205,33.3385988],[44.3901247,33.3386026],[44.3901531,33.3385812],[44.3901573,33.338585],[44.390224,33.3385418],[44.3902281,33.3385456],[44.3902509,33.3385285],[44.390255,33.3385323],[44.3902892,33.3385066],[44.3902933,33.3385105],[44.39036,33.3384672],[44.3903642,33.338471],[44.3903714,33.3384586],[44.3900385,33.3381309],[44.3891642,33.3387824],[44.3891683,33.3387863],[44.3891569,33.3387948],[44.3894126,33.3390413],[44.389411,33.3390494],[44.3893712,33.3390794],[44.3893614,33.3390799],[44.3893489,33.3390683],[44.3893546,33.3390641],[44.3893422,33.3390525],[44.3893479,33.3390482],[44.3892468,33.3389641],[44.3892525,33.3389598],[44.3892276,33.3389367],[44.3892333,33.3389325],[44.3892167,33.3389171],[44.3892224,33.3389128],[44.3891187,33.3388167],[44.3888813,33.3389884],[44.388884,33.3390004]],[[44.3888878,33.339109],[44.3889956,33.339209],[44.3889899,33.3392133],[44.3890106,33.3392325],[44.389005,33.3392368],[44.3890298,33.3392599],[44.3890355,33.3392556],[44.3890796,33.339306],[44.3890895,33.3393056],[44.3890951,33.3393013],[44.3890842,33.3392816],[44.3891013,33.3392688],[44.3890598,33.3392303],[44.3890541,33.3392346],[44.3890557,33.3392265],[44.3889147,33.3390957],[44.3888878,33.339109]],[[44.3902016,33.3387886],[44.3902456,33.3387624],[44.3902497,33.3387663],[44.3902838,33.3387406],[44.3902439,33.338694],[44.3902341,33.3386944],[44.3902113,33.3387116],[44.3902072,33.3387077],[44.3901617,33.338742],[44.390142,33.3387429],[44.3901193,33.33876],[44.3901151,33.3387561],[44.3900655,33.3387866],[44.3900613,33.3387827],[44.3900329,33.3388041],[44.3900287,33.3388003],[44.390006,33.3388174],[44.3900018,33.3388136],[44.3899677,33.3388393],[44.3899703,33.3388513],[44.3899533,33.3388641],[44.3899823,33.338891],[44.3899921,33.3388906],[44.390063,33.3388512],[44.3900671,33.338855],[44.3900899,33.3388379],[44.390094,33.3388417],[44.3901168,33.3388246],[44.3901209,33.3388284],[44.3901437,33.3388113],[44.3901478,33.3388151],[44.3901706,33.338798],[44.3901747,33.3388018],[44.3901975,33.3387847],[44.3902016,33.3387886]],[[44.3903138,33.338711],[44.3903107,33.3387273],[44.3903304,33.3387264],[44.3903475,33.3387136],[44.3903516,33.3387174],[44.3903744,33.3387003],[44.3903785,33.3387041],[44.3904013,33.338687],[44.3904054,33.3386908],[44.3904282,33.3386737],[44.3904323,33.3386775],[44.3904608,33.3386561],[44.3904649,33.33866],[44.3904877,33.3386428],[44.3904918,33.3386467],[44.3905202,33.3386253],[44.3905244,33.3386291],[44.3905471,33.338612],[44.3905513,33.3386158],[44.3906123,33.3385768],[44.3906165,33.3385807],[44.3906392,33.3385635],[44.3906434,33.3385674],[44.3906604,33.3385545],[44.3906646,33.3385584],[44.3906832,33.3385374],[44.3906458,33.3385028],[44.3906515,33.3384985],[44.3906292,33.3384874],[44.3906065,33.3385046],[44.3906023,33.3385007],[44.3905796,33.3385178],[44.3905754,33.338514],[44.3905527,33.3385311],[44.3905485,33.3385273],[44.3905258,33.3385444],[44.3905217,33.3385406],[44.3904932,33.338562],[44.3904891,33.3385581],[44.3904606,33.3385796],[44.3904565,33.3385757],[44.3903572,33.3386366],[44.390353,33.3386327],[44.3902977,33.3386674],[44.3902936,33.3386636],[44.3902822,33.3386721],[44.3903138,33.338711]],[[44.3903408,33.3387743],[44.3903083,33.3387919],[44.3903041,33.338788],[44.3902715,33.3388056],[44.3902674,33.3388017],[44.3901908,33.3388455],[44.3901867,33.3388416],[44.3901158,33.338881],[44.3901117,33.3388772],[44.3900677,33.3389033],[44.3900636,33.3388995],[44.3900522,33.338908],[44.3900605,33.3389157],[44.3900548,33.33892],[44.3901004,33.3389623],[44.3901103,33.3389619],[44.390133,33.3389447],[44.3901372,33.3389486],[44.3901599,33.3389315],[44.3901641,33.3389353],[44.3901868,33.3389182],[44.390191,33.338922],[44.3902137,33.3389049],[44.3902179,33.3389087],[44.3902406,33.3388916],[44.3902448,33.3388954],[44.3902675,33.3388783],[44.3902717,33.3388821],[44.3902944,33.338865],[44.3902986,33.3388689],[44.3903213,33.3388517],[44.3903255,33.3388556],[44.3903611,33.3388217],[44.3904005,33.33882],[44.3904501,33.3387896],[44.3904543,33.3387934],[44.3904713,33.3387806],[44.3904755,33.3387844],[44.3904982,33.3387673],[44.3905024,33.3387711],[44.3905194,33.3387583],[44.3905236,33.3387621],[44.390627,33.3387051],[44.3906312,33.338709],[44.390702,33.3386695],[44.3907062,33.3386734],[44.3907289,33.3386563],[44.3907331,33.3386601],[44.3907672,33.3386344],[44.3907589,33.3386267],[44.3907646,33.3386224],[44.3907163,33.3385682],[44.3906708,33.3386024],[44.3906667,33.3385986],[44.3906439,33.3386157],[44.3906398,33.3386119],[44.3906057,33.3386376],[44.3906015,33.3386337],[44.3905788,33.3386509],[44.3905746,33.338647],[44.3904712,33.338704],[44.390467,33.3387002],[44.3904231,33.3387263],[44.3904189,33.3387225],[44.390375,33.3387486],[44.3903708,33.3387448],[44.3903367,33.3387704],[44.3903408,33.3387743]],[[44.391795,33.3387941],[44.3919371,33.3389449],[44.3919315,33.3389492],[44.3919771,33.3389915],[44.3919714,33.3389958],[44.3920238,33.3390539],[44.3920351,33.3390453],[44.3920393,33.3390492],[44.3921075,33.3389978],[44.3921117,33.3390016],[44.3922523,33.3389027],[44.3922565,33.3389065],[44.3923247,33.3388551],[44.3923289,33.338859],[44.3924028,33.3388033],[44.3923779,33.3387802],[44.3923836,33.3387759],[44.392367,33.3387606],[44.3923727,33.3387563],[44.3923079,33.3386866],[44.3923136,33.3386823],[44.3922638,33.3386362],[44.3922695,33.3386319],[44.3922405,33.338605],[44.3922461,33.3386007],[44.3922005,33.3385584],[44.3922062,33.3385542],[44.3921855,33.3385349],[44.3921912,33.3385306],[44.3921455,33.3384884],[44.3921357,33.3384888],[44.3920902,33.3385231],[44.392086,33.3385192],[44.3920576,33.3385406],[44.3920535,33.3385368],[44.3918916,33.3386447],[44.3918875,33.3386409],[44.3917582,33.3387313],[44.3917551,33.3387475],[44.3918007,33.3387898],[44.391795,33.3387941]],[[44.3924452,33.3387853],[44.3924437,33.3387934],[44.3924644,33.3388126],[44.3924701,33.3388083],[44.3924883,33.3388156],[44.3924826,33.3388199],[44.3925998,33.3389476],[44.3925941,33.3389519],[44.3926356,33.3389904],[44.3926299,33.3389946],[44.3926672,33.3390293],[44.3926615,33.3390335],[44.3926906,33.3390604],[44.3926962,33.3390562],[44.3927045,33.3390639],[44.3927242,33.339063],[44.3927526,33.3390416],[44.3927485,33.3390377],[44.392794,33.3390035],[44.3927899,33.3389996],[44.3928467,33.3389568],[44.3928426,33.3389529],[44.392871,33.3389315],[44.3928669,33.3389277],[44.3928953,33.3389063],[44.3928912,33.3389024],[44.3929025,33.3388938],[44.392932,33.3388925],[44.3929336,33.3388844],[44.3929087,33.3388613],[44.3929144,33.3388571],[44.3928895,33.338834],[44.3928952,33.3388297],[44.3928786,33.3388143],[44.3928843,33.33881],[44.3928552,33.3387831],[44.3928439,33.3387917],[44.3928242,33.3387926],[44.3928035,33.3387733],[44.3928091,33.3387691],[44.3927801,33.3387421],[44.3927858,33.3387379],[44.3927184,33.3386562],[44.392724,33.338652],[44.3926867,33.3386174],[44.3926924,33.3386131],[44.3926634,33.3385862],[44.3926691,33.3385819],[44.392585,33.3384849],[44.3926052,33.3384558],[44.3925803,33.3384327],[44.392586,33.3384284],[44.3925061,33.3383353],[44.3925118,33.338331],[44.3924786,33.3383002],[44.3924843,33.338296],[44.3924511,33.3382652],[44.3924568,33.3382609],[44.3924195,33.3382263],[44.3924252,33.338222],[44.3923795,33.3381797],[44.3923852,33.3381755],[44.3923645,33.3381562],[44.3923546,33.3381567],[44.3922766,33.3382085],[44.3922569,33.3382094],[44.3922228,33.3382351],[44.3922186,33.3382312],[44.3921902,33.3382527],[44.392186,33.3382488],[44.3921576,33.3382702],[44.3921534,33.3382664],[44.3920769,33.3383101],[44.3921002,33.3383413],[44.3920946,33.3383456],[44.3921194,33.3383686],[44.3921138,33.3383729],[44.3921469,33.3384037],[44.3921413,33.338408],[44.3922253,33.338505],[44.3922196,33.3385092],[44.3922362,33.3385246],[44.3922305,33.3385289],[44.3922637,33.3385597],[44.392258,33.3385639],[44.3922787,33.3385832],[44.392273,33.3385874],[44.3923778,33.3387037],[44.3923721,33.3387079],[44.3924136,33.3387464],[44.3924079,33.3387507],[44.3924452,33.3387853]],[[44.3915115,33.337614],[44.3915001,33.3376226],[44.3915084,33.3376302],[44.3914996,33.3376508],[44.3915328,33.3376815],[44.3915313,33.3376897],[44.3915142,33.3377025],[44.3914904,33.3376995],[44.3913922,33.3377805],[44.3913963,33.3377843],[44.3913736,33.3378015],[44.3913777,33.3378053],[44.3913379,33.3378353],[44.3913364,33.3378434],[44.3914468,33.3379554],[44.3914696,33.3379382],[44.3914892,33.3379373],[44.3915632,33.3378817],[44.3915673,33.3378855],[44.3915901,33.3378684],[44.3916222,33.337879],[44.3916506,33.3378576],[44.3916548,33.3378615],[44.3916605,33.3378572],[44.3916356,33.3378341],[44.3916371,33.337826],[44.3916599,33.3378089],[44.3916697,33.3378084],[44.3916946,33.3378315],[44.3916889,33.3378358],[44.3917444,33.3378776],[44.3917387,33.3378819],[44.3917594,33.3379011],[44.3917537,33.3379054],[44.3918201,33.3379669],[44.3918258,33.3379626],[44.3918382,33.3379742],[44.391848,33.3379737],[44.3919261,33.3379219],[44.3919303,33.3379257],[44.391953,33.3379086],[44.3919572,33.3379125],[44.3919799,33.3378953],[44.3919815,33.3378872],[44.3919856,33.337891],[44.3920808,33.3378264],[44.3920725,33.3378187],[44.3920782,33.3378144],[44.3920242,33.3377644],[44.3920299,33.3377601],[44.3919511,33.3376871],[44.3919568,33.3376828],[44.3919387,33.3376755],[44.3919444,33.3376713],[44.3918946,33.3376251],[44.3919003,33.3376208],[44.3918904,33.3376213],[44.3918738,33.3376059],[44.3918795,33.3376016],[44.3918697,33.3376021],[44.3918573,33.3375905],[44.3918629,33.3375862],[44.3917509,33.3374824],[44.3917214,33.3374837],[44.3917044,33.3374966],[44.3916904,33.3374932],[44.391662,33.3375146],[44.3916578,33.3375108],[44.3915668,33.3375793],[44.3915528,33.3375759],[44.3915244,33.3375973],[44.3915202,33.3375934],[44.3915073,33.3376101],[44.3915115,33.337614]],[[44.3918559,33.3380097],[44.3918875,33.3380485],[44.3918818,33.3380528],[44.3919301,33.3381071],[44.3919244,33.3381114],[44.3919576,33.3381421],[44.3919519,33.3381464],[44.3919851,33.3381772],[44.3919794,33.3381815],[44.3920084,33.3382084],[44.3920027,33.3382127],[44.3920618,33.3382866],[44.3920846,33.3382694],[44.3920887,33.3382733],[44.3921115,33.3382562],[44.3921156,33.33826],[44.3921611,33.3382257],[44.3921653,33.3382296],[44.3922646,33.3381687],[44.3922687,33.3381726],[44.3923411,33.338125],[44.3923427,33.3381169],[44.3923178,33.3380938],[44.392325,33.3380814],[44.3922877,33.3380468],[44.3922934,33.3380425],[44.392227,33.337981],[44.3922327,33.3379767],[44.3921637,33.3379033],[44.3921694,33.337899],[44.392157,33.3378874],[44.3921414,33.3378922],[44.3921083,33.3378614],[44.3921139,33.3378571],[44.3921056,33.3378494],[44.3920958,33.3378499],[44.3920333,33.337897],[44.3920291,33.3378931],[44.391934,33.3379578],[44.3919298,33.337954],[44.3918559,33.3380097]],[[44.39326,33.3378302],[44.3932917,33.3378691],[44.393286,33.3378734],[44.3933109,33.3378965],[44.3933052,33.3379007],[44.3933384,33.3379315],[44.3933327,33.3379358],[44.3933892,33.3379977],[44.3933835,33.338002],[44.3934084,33.3380251],[44.3934027,33.3380294],[44.3934909,33.3381302],[44.3934852,33.3381345],[44.3935143,33.3381614],[44.3935086,33.3381657],[44.3935417,33.3381964],[44.3935402,33.3382046],[44.39355,33.3382041],[44.3935785,33.3381827],[44.3935826,33.3381866],[44.3936111,33.3381651],[44.3936152,33.338169],[44.3936437,33.3381476],[44.3936478,33.3381514],[44.3936762,33.33813],[44.3936959,33.3381291],[44.3937042,33.3381368],[44.3936985,33.3381411],[44.393711,33.3381526],[44.3937079,33.3381689],[44.3936965,33.3381775],[44.3937007,33.3381813],[44.3936153,33.3382456],[44.393576,33.3382473],[44.3935594,33.3382319],[44.3935325,33.3382452],[44.393531,33.3382533],[44.3935642,33.3382841],[44.3936035,33.3382823],[44.3936144,33.338302],[44.3937467,33.3381954],[44.3937426,33.3381915],[44.3938879,33.3380682],[44.3938837,33.3380643],[44.3938966,33.3380477],[44.39388,33.3380323],[44.3938857,33.338028],[44.3938733,33.3380165],[44.393879,33.3380122],[44.3938499,33.3379853],[44.3938556,33.337981],[44.3937991,33.337919],[44.3937836,33.3379237],[44.3937753,33.3379161],[44.393781,33.3379118],[44.3937478,33.337881],[44.3937535,33.3378767],[44.3937244,33.3378498],[44.3937301,33.3378455],[44.3937011,33.3378186],[44.3937068,33.3378143],[44.3936736,33.3377836],[44.3936793,33.3377793],[44.3936461,33.3377485],[44.3936518,33.3377443],[44.3936228,33.3377173],[44.3936284,33.3377131],[44.3935719,33.3376511],[44.393484,33.3377034],[44.3934798,33.3376995],[44.3934457,33.3377252],[44.3934416,33.3377214],[44.3934131,33.3377428],[44.393409,33.337739],[44.3933749,33.3377647],[44.3933707,33.3377608],[44.3933423,33.3377822],[44.3933381,33.3377784],[44.3933097,33.3377998],[44.3933055,33.337796],[44.3932657,33.3378259],[44.3932616,33.3378221],[44.39326,33.3378302]],[[44.3944336,33.3349814],[44.3948385,33.3353663],[44.3948737,33.3353607],[44.394882,33.3353684],[44.3948877,33.3353641],[44.394896,33.3353718],[44.3949157,33.3353709],[44.3949896,33.3353152],[44.3949828,33.3352994],[44.3950397,33.3352566],[44.3950356,33.3352527],[44.3950754,33.3352228],[44.3950852,33.3352223],[44.39508,33.3351984],[44.3951084,33.335177],[44.3951281,33.3351761],[44.3951571,33.335203],[44.3951856,33.3351816],[44.395183,33.3351696],[44.3953308,33.3350583],[44.395309,33.3350189],[44.3954812,33.3348823],[44.3954771,33.3348785],[44.3954869,33.334878],[44.3955096,33.3348609],[44.3955055,33.334857],[44.3955282,33.3348399],[44.3955241,33.3348361],[44.3956508,33.3347337],[44.3956466,33.3347299],[44.3957035,33.334687],[44.3957133,33.3346866],[44.3957506,33.3347212],[44.3957905,33.3346912],[44.3958101,33.3346903],[44.395821,33.33471],[44.3957812,33.33474],[44.3957937,33.3347515],[44.395788,33.3347558],[44.395802,33.3347592],[44.3958004,33.3347673],[44.3957249,33.3348311],[44.3957317,33.334847],[44.395726,33.3348512],[44.3957385,33.3348628],[44.3957441,33.3348585],[44.3957981,33.3349085],[44.3958038,33.3349042],[44.3958245,33.3349234],[44.39584,33.3349187],[44.3959173,33.3349999],[44.3959101,33.3350123],[44.3959225,33.3350238],[44.395924,33.3350157],[44.3959396,33.335011],[44.3959644,33.335034],[44.3959701,33.3350298],[44.3960588,33.3351024],[44.3960645,33.3350981],[44.396149,33.3351669],[44.3961546,33.3351626],[44.3961878,33.3351933],[44.3961935,33.335189],[44.396235,33.3352275],[44.3962407,33.3352232],[44.3962614,33.3352424],[44.3962671,33.3352382],[44.3963392,33.3352954],[44.3963748,33.3352616],[44.3963707,33.3352577],[44.3963877,33.3352449],[44.3963836,33.335241],[44.3964007,33.3352282],[44.3963965,33.3352243],[44.3964193,33.3352072],[44.3964151,33.3352033],[44.3964322,33.3351905],[44.396428,33.3351867],[44.3964694,33.3351485],[44.3964652,33.3351447],[44.3964823,33.3351319],[44.3964781,33.335128],[44.3965009,33.3351109],[44.3964967,33.335107],[44.3965138,33.3350942],[44.3965097,33.3350903],[44.3965324,33.3350732],[44.3965283,33.3350694],[44.3965525,33.3350441],[44.3965484,33.3350403],[44.3965898,33.3350021],[44.3965856,33.3349983],[44.3966027,33.3349855],[44.3965985,33.3349816],[44.3966342,33.3349478],[44.39663,33.3349439],[44.3966672,33.334902],[44.3966325,33.3348794],[44.3966155,33.3348922],[44.3966113,33.3348884],[44.3966098,33.3348965],[44.3965756,33.3349222],[44.3965658,33.3349226],[44.3963501,33.3347227],[44.3963444,33.334727],[44.3963278,33.3347116],[44.3963366,33.3346911],[44.3962619,33.3346219],[44.3962563,33.3346261],[44.3962272,33.3345992],[44.3962329,33.3345949],[44.3962246,33.3345873],[44.3962189,33.3345915],[44.3961692,33.3345454],[44.3961635,33.3345497],[44.3961303,33.3345189],[44.3961318,33.3345108],[44.3961261,33.3345151],[44.396108,33.3345078],[44.3960909,33.3345207],[44.3960951,33.3345245],[44.3960155,33.3345845],[44.3960196,33.3345883],[44.39594,33.3346483],[44.395926,33.3346449],[44.3958624,33.3346719],[44.3958499,33.3346604],[44.3958556,33.3346561],[44.3958489,33.3346403],[44.3958773,33.3346188],[44.3958732,33.334615],[44.395913,33.334585],[44.3959171,33.3345889],[44.3959285,33.3345803],[44.3959316,33.334564],[44.3959025,33.3345371],[44.3959082,33.3345328],[44.3958901,33.3345256],[44.3958932,33.3345093],[44.395994,33.3344404],[44.3959971,33.3344241],[44.3960069,33.3344237],[44.3960085,33.3344156],[44.3960596,33.334377],[44.3960638,33.3343808],[44.3961677,33.3342956],[44.3961775,33.3342952],[44.3962149,33.3343298],[44.3963643,33.3342103],[44.3963674,33.334194],[44.396387,33.3341932],[44.3964041,33.3341803],[44.3964181,33.3341837],[44.3964522,33.334158],[44.3964496,33.3341461],[44.3965122,33.3340989],[44.3965318,33.3340981],[44.3965929,33.3340591],[44.3965887,33.3340552],[44.3966001,33.3340467],[44.3966032,33.3340304],[44.3966699,33.3339871],[44.3966729,33.3339709],[44.3967184,33.3339366],[44.3967143,33.3339328],[44.3968151,33.3338638],[44.396811,33.33386],[44.3968565,33.3338257],[44.3968596,33.3338094],[44.3969164,33.3337666],[44.3969123,33.3337628],[44.3969692,33.3337199],[44.396965,33.3337161],[44.3970147,33.3336857],[44.3970105,33.3336818],[44.3970632,33.3336352],[44.3970622,33.3336151],[44.3970963,33.3335894],[44.3970921,33.3335855],[44.397132,33.3335555],[44.3971278,33.3335517],[44.3971392,33.3335431],[44.3970158,33.3334479],[44.3970101,33.3334522],[44.3969687,33.3334137],[44.396963,33.333418],[44.3969215,33.3333796],[44.3969158,33.3333838],[44.3968785,33.3333492],[44.3968728,33.3333535],[44.396866,33.3333377],[44.3968603,33.333342],[44.3967841,33.3332809],[44.3967785,33.3332852],[44.3967219,33.3332232],[44.3967162,33.3332275],[44.3966996,33.3332121],[44.396694,33.3332164],[44.3966717,33.3332053],[44.3966432,33.3332267],[44.3966474,33.3332306],[44.3965564,33.3332991],[44.3965269,33.3333004],[44.3964586,33.3333518],[44.396439,33.3333527],[44.3964396,33.333401],[44.3963129,33.3335034],[44.3963171,33.3335072],[44.3963072,33.3335077],[44.3963057,33.3335158],[44.3962958,33.3335162],[44.3962447,33.3335548],[44.3962488,33.3335586],[44.3962204,33.33358],[44.3962245,33.3335839],[44.3961961,33.3336053],[44.3961862,33.3336057],[44.3961888,33.3336177],[44.3961092,33.3336777],[44.3961134,33.3336815],[44.3960922,33.3336905],[44.3960963,33.3336944],[44.3960038,33.333771],[44.3960079,33.3337749],[44.3959552,33.3338215],[44.3959593,33.3338254],[44.3959423,33.3338382],[44.3959464,33.3338421],[44.3958922,33.3338969],[44.3958906,33.333905],[44.3959072,33.3339204],[44.3959129,33.3339161],[44.3959295,33.3339315],[44.395928,33.3339396],[44.3959166,33.3339482],[44.3959124,33.3339443],[44.3959109,33.3339525],[44.3959011,33.3339529],[44.3958654,33.3339867],[44.3958473,33.3339795],[44.3955557,33.334206],[44.3955458,33.3342065],[44.3955209,33.3341834],[44.3955096,33.334192],[44.3955054,33.3341881],[44.395494,33.3341967],[44.3954982,33.3342005],[44.3954713,33.3342138],[44.3954754,33.3342177],[44.3954129,33.3342648],[44.395417,33.3342686],[44.3953431,33.3343243],[44.3953721,33.3343512],[44.3953706,33.3343594],[44.3952739,33.3344322],[44.3952641,33.3344326],[44.3951728,33.334348],[44.39518,33.3343356],[44.3951717,33.3343279],[44.3951661,33.3343322],[44.395137,33.3343053],[44.3950047,33.3344119],[44.3950114,33.3344278],[44.3949716,33.3344577],[44.3949727,33.3344778],[44.3949386,33.3345035],[44.3949246,33.3345001],[44.3948905,33.3345258],[44.3948806,33.3345263],[44.394835,33.334484],[44.3948252,33.3344844],[44.3947967,33.3345058],[44.3947672,33.3345071],[44.3947491,33.3344999],[44.3946524,33.3345727],[44.3946416,33.3346296],[44.3946246,33.3346424],[44.3945743,33.3346245],[44.394533,33.3346626],[44.3945371,33.3346665],[44.39452,33.3346793],[44.3945242,33.3346832],[44.3944999,33.3347084],[44.3945041,33.3347123],[44.3944549,33.3347145],[44.3943468,33.3347959],[44.394351,33.3347997],[44.3943396,33.3348083],[44.3943505,33.3348279],[44.3943402,33.3348566],[44.3943526,33.3348681],[44.3943454,33.3348805],[44.394391,33.3349228],[44.3944066,33.3349181],[44.3944231,33.3349335],[44.3944671,33.3349074],[44.3944713,33.3349112],[44.3945054,33.3348855],[44.3945095,33.3348893],[44.3945323,33.3348722],[44.3945364,33.3348761],[44.3945649,33.3348546],[44.394569,33.3348585],[44.3946031,33.3348328],[44.3946073,33.3348366],[44.3946357,33.3348152],[44.3946399,33.3348191],[44.3947066,33.3347758],[44.3947107,33.3347796],[44.394735,33.3347544],[44.3947687,33.3347569],[44.394763,33.3347612],[44.3947697,33.334777],[44.394747,33.3347941],[44.3947428,33.3347903],[44.3946875,33.334825],[44.3946834,33.3348212],[44.3945939,33.3348816],[44.3945897,33.3348777],[44.3945173,33.3349253],[44.3945132,33.3349214],[44.3944677,33.3349557],[44.3944636,33.3349518],[44.3944351,33.3349733],[44.3944336,33.3349814]],[[44.3957759,33.3349739],[44.3957386,33.3349393],[44.3957329,33.3349436],[44.3956888,33.3348932],[44.3956831,33.3348975],[44.3956748,33.3348898],[44.3956552,33.3348907],[44.3954277,33.335062],[44.3954318,33.3350658],[44.395301,33.3351643],[44.3953051,33.3351682],[44.3950962,33.3353185],[44.3950973,33.3353386],[44.3950249,33.3353862],[44.3950291,33.33539],[44.3949551,33.3354457],[44.3949521,33.335462],[44.3951221,33.3356196],[44.3951164,33.3356239],[44.3951372,33.3356431],[44.3951429,33.3356388],[44.3951926,33.335685],[44.3951983,33.3356807],[44.3952066,33.3356884],[44.3952366,33.3356588],[44.3952283,33.3356511],[44.3952314,33.3356349],[44.3952712,33.3356049],[44.395267,33.3356011],[44.3952898,33.3355839],[44.3953121,33.335595],[44.3953705,33.3355441],[44.3953663,33.3355402],[44.3954118,33.335506],[44.3954077,33.3355021],[44.3954589,33.3354636],[44.3954687,33.3354631],[44.3955408,33.3355204],[44.3955278,33.3355371],[44.3955444,33.3355524],[44.3955429,33.3355606],[44.3955243,33.3355815],[44.3955963,33.3356388],[44.395602,33.3356345],[44.3956186,33.3356499],[44.3956243,33.3356456],[44.395645,33.3356648],[44.395642,33.3356811],[44.3956306,33.3356896],[44.3956068,33.3356867],[44.3955954,33.3356952],[44.3955912,33.3356914],[44.3955799,33.3356999],[44.3955757,33.3356961],[44.3955644,33.3357047],[44.3955447,33.3357055],[44.3955219,33.3357227],[44.3955178,33.3357188],[44.3954537,33.3357741],[44.3954578,33.3357779],[44.3954408,33.3357908],[44.3954449,33.3357946],[44.3954263,33.3358156],[44.3954289,33.3358276],[44.3954175,33.3358361],[44.3954083,33.3358849],[44.3954166,33.3358926],[44.3954104,33.3359251],[44.3954214,33.3359448],[44.3954141,33.3359572],[44.3954224,33.3359649],[44.3954193,33.3359811],[44.3954318,33.3359926],[44.3954261,33.3359969],[44.3954702,33.3360474],[44.3954645,33.3360516],[44.3955392,33.3361208],[44.3955448,33.3361166],[44.3955697,33.3361396],[44.3955754,33.3361353],[44.395592,33.3361507],[44.3955977,33.3361464],[44.3956101,33.336158],[44.3956158,33.3361537],[44.3956381,33.3361648],[44.3956867,33.3361143],[44.3956841,33.3361023],[44.3956955,33.3360937],[44.3956913,33.3360899],[44.3957027,33.3360813],[44.3956985,33.3360775],[44.3957099,33.3360689],[44.3957058,33.3360651],[44.3957171,33.3360565],[44.395713,33.3360526],[44.3957244,33.3360441],[44.3957202,33.3360402],[44.3957316,33.3360317],[44.3957347,33.3360154],[44.3957574,33.3359983],[44.3957533,33.3359944],[44.3957646,33.3359859],[44.3957677,33.3359696],[44.3957848,33.3359568],[44.3957806,33.3359529],[44.3957977,33.3359401],[44.3957935,33.3359362],[44.3958163,33.3359191],[44.3958122,33.3359153],[44.3958349,33.3358981],[44.3958308,33.3358943],[44.3958535,33.3358771],[44.3958494,33.3358733],[44.3958892,33.3358433],[44.395885,33.3358395],[44.3959021,33.3358266],[44.3958979,33.3358228],[44.3959321,33.3357971],[44.3959367,33.3357727],[44.3959537,33.3357598],[44.3959496,33.335756],[44.3959667,33.3357432],[44.3959625,33.3357393],[44.3959796,33.3357265],[44.3959754,33.3357226],[44.3959925,33.3357098],[44.3959883,33.3357059],[44.3960054,33.3356931],[44.3960012,33.3356892],[44.3960183,33.3356764],[44.3960142,33.3356725],[44.3960369,33.3356554],[44.3960328,33.3356516],[44.3960555,33.3356344],[44.3960514,33.3356306],[44.3960684,33.3356177],[44.3960643,33.3356139],[44.396087,33.3355968],[44.3960829,33.3355929],[44.3961201,33.335551],[44.3961159,33.3355471],[44.3961573,33.335509],[44.3961604,33.3354927],[44.3961774,33.3354799],[44.3961733,33.335476],[44.3961903,33.3354632],[44.3961862,33.3354594],[44.3962033,33.3354465],[44.3961991,33.3354427],[44.3962162,33.3354298],[44.396212,33.335426],[44.3962348,33.3354088],[44.3962306,33.335405],[44.3962477,33.3353921],[44.3962435,33.3353883],[44.3962993,33.3353254],[44.3962299,33.3352801],[44.3962242,33.3352844],[44.3961895,33.3352618],[44.396174,33.3352665],[44.3961532,33.3352473],[44.3961475,33.3352515],[44.3961242,33.3352203],[44.3961185,33.3352246],[44.3960978,33.3352054],[44.3960921,33.3352097],[44.3960755,33.3351943],[44.3960698,33.3351986],[44.3960465,33.3351674],[44.3960408,33.3351717],[44.3960034,33.3351371],[44.3959978,33.3351414],[44.395948,33.3350952],[44.3959423,33.3350995],[44.3958967,33.3350572],[44.395891,33.3350615],[44.3957857,33.3349735],[44.3957759,33.3349739]],[[44.3936644,33.3375744],[44.3937319,33.3376561],[44.3937262,33.3376603],[44.3937827,33.3377223],[44.393777,33.3377266],[44.3938061,33.3377535],[44.3938004,33.3377578],[44.3938294,33.3377847],[44.3938237,33.337789],[44.3938528,33.3378159],[44.3938471,33.3378202],[44.3938761,33.3378471],[44.3938704,33.3378514],[44.3938995,33.3378783],[44.3938979,33.3378864],[44.3939078,33.337886],[44.3939362,33.3378646],[44.3939403,33.3378684],[44.3939688,33.337847],[44.3939729,33.3378508],[44.3939941,33.3378418],[44.394062,33.3378952],[44.3941561,33.3378104],[44.394152,33.3378066],[44.3941804,33.3377852],[44.3941763,33.3377813],[44.3942218,33.3377471],[44.3942176,33.3377432],[44.3942445,33.3377299],[44.3942528,33.3377376],[44.3942399,33.3377543],[44.3942425,33.3377663],[44.3942141,33.3377877],[44.3942182,33.3377915],[44.3942084,33.337792],[44.3941913,33.3378048],[44.3941955,33.3378087],[44.3941686,33.337822],[44.3941712,33.3378339],[44.3941598,33.3378425],[44.3941639,33.3378463],[44.3941981,33.3378207],[44.3941939,33.3378168],[44.3942337,33.3377868],[44.3942296,33.337783],[44.3942637,33.3377573],[44.3942596,33.3377534],[44.3942994,33.3377235],[44.3942952,33.3377196],[44.3943293,33.3376939],[44.3943252,33.3376901],[44.3943536,33.3376687],[44.3943495,33.3376648],[44.3944079,33.3376138],[44.3944053,33.3376019],[44.3943696,33.3376357],[44.3943738,33.3376395],[44.3943567,33.3376524],[44.3943526,33.3376486],[44.3943397,33.3376652],[44.3943298,33.3376657],[44.3943324,33.3376777],[44.3942854,33.33772],[44.3942559,33.3377214],[44.3942476,33.3377137],[44.3942507,33.3376974],[44.3942833,33.3376798],[44.3942558,33.3376448],[44.3942573,33.3376367],[44.3942914,33.337611],[44.3942873,33.3376071],[44.3943271,33.3375772],[44.3943286,33.337569],[44.3941804,33.3374507],[44.3941747,33.337455],[44.3941166,33.3374012],[44.3941109,33.3374055],[44.3940902,33.3373862],[44.394069,33.3373952],[44.3940358,33.3373645],[44.3939308,33.3374296],[44.3939267,33.3374258],[44.39386,33.337469],[44.3938558,33.3374652],[44.3937891,33.3375085],[44.393785,33.3375046],[44.3937508,33.3375303],[44.3937467,33.3375265],[44.39368,33.3375697],[44.3936758,33.3375659],[44.3936644,33.3375744]],[[44.3971683,33.3336466],[44.3971725,33.3336504],[44.3971441,33.3336719],[44.3971425,33.33368],[44.3971384,33.3336761],[44.3971016,33.3336899],[44.3971042,33.3337018],[44.3970872,33.3337147],[44.3970913,33.3337185],[44.3970815,33.333719],[44.39708,33.3337271],[44.3970401,33.3337571],[44.3970443,33.3337609],[44.3970288,33.3337656],[44.3970242,33.33379],[44.3970014,33.3338072],[44.3970138,33.3338187],[44.3970035,33.3338474],[44.3970616,33.3339012],[44.3970673,33.3338969],[44.3970797,33.3339084],[44.3970994,33.3339076],[44.3971424,33.3339379],[44.3971481,33.3339336],[44.3971606,33.3339451],[44.3971662,33.3339408],[44.3972398,33.33399],[44.3972455,33.3339857],[44.3972621,33.334001],[44.3972678,33.3339968],[44.3972927,33.3340198],[44.3972984,33.3340156],[44.397315,33.3340309],[44.3973207,33.3340266],[44.3973191,33.3340348],[44.397329,33.3340343],[44.3973538,33.3340574],[44.3973833,33.3340561],[44.3973947,33.3340475],[44.3973906,33.3340437],[44.3974645,33.333988],[44.3974604,33.3339842],[44.3975839,33.3338981],[44.3975756,33.3338904],[44.3975886,33.3338737],[44.3975777,33.333854],[44.3975895,33.3338172],[44.3975672,33.3338061],[44.397546,33.3338151],[44.3975294,33.3337997],[44.3975237,33.333804],[44.3974906,33.3337733],[44.3974849,33.3337776],[44.3974517,33.3337468],[44.397446,33.3337511],[44.3974351,33.3337314],[44.3974154,33.3337323],[44.3973947,33.3337131],[44.397389,33.3337174],[44.397263,33.3336101],[44.3972237,33.3336119],[44.3972123,33.3336205],[44.3971926,33.3336213],[44.3971683,33.3336466]],[[44.3973378,33.3340904],[44.3972824,33.3340485],[44.3972627,33.3340494],[44.397242,33.3340302],[44.3972363,33.3340344],[44.3972197,33.3340191],[44.397214,33.3340233],[44.3971808,33.3339926],[44.3971751,33.3339969],[44.3971487,33.3339819],[44.3971332,33.3339866],[44.3970793,33.3339367],[44.3970736,33.3339409],[44.3970611,33.3339294],[44.3970555,33.3339337],[44.3970306,33.3339106],[44.3970249,33.3339149],[44.396986,33.3338884],[44.3969368,33.3338906],[44.3969255,33.3338992],[44.3969058,33.3339001],[44.3968887,33.3339129],[44.3968592,33.3339142],[44.3968365,33.3339314],[44.3968406,33.3339352],[44.3968236,33.3339481],[44.3968277,33.3339519],[44.3966969,33.3340504],[44.3966995,33.3340624],[44.396654,33.3340967],[44.3966581,33.3341005],[44.3966411,33.3341133],[44.3966271,33.3341099],[44.3965589,33.3341613],[44.3965547,33.3341575],[44.3965149,33.3341875],[44.396519,33.3341913],[44.3964963,33.3342085],[44.3965004,33.3342123],[44.3964834,33.3342251],[44.3964694,33.3342217],[44.3962703,33.3343716],[44.3962745,33.3343755],[44.3962347,33.3344055],[44.3962388,33.3344093],[44.3962202,33.3344303],[44.3962156,33.3344547],[44.3962239,33.3344624],[44.3962167,33.3344748],[44.396225,33.3344825],[44.3962193,33.3344867],[44.39624,33.334506],[44.3962457,33.3345017],[44.3962623,33.3345171],[44.3962566,33.3345214],[44.3962664,33.3345209],[44.3962649,33.334529],[44.3962747,33.3345286],[44.396283,33.3345363],[44.3962773,33.3345406],[44.3962856,33.3345483],[44.3962913,33.334544],[44.3962996,33.3345517],[44.3962939,33.334556],[44.3963038,33.3345555],[44.3964324,33.3346747],[44.396438,33.3346704],[44.3965127,33.3347396],[44.396507,33.3347439],[44.3965236,33.3347593],[44.3965293,33.334755],[44.3965278,33.3347631],[44.3965376,33.3347627],[44.3965459,33.3347704],[44.3965402,33.3347747],[44.3965485,33.3347824],[44.3965542,33.3347781],[44.3965817,33.3348131],[44.3965874,33.3348088],[44.3965957,33.3348165],[44.3965941,33.3348246],[44.3965998,33.3348204],[44.3966205,33.3348396],[44.3966418,33.3348306],[44.3966811,33.3348288],[44.3966894,33.3348365],[44.3967121,33.3348194],[44.3967163,33.3348232],[44.3967747,33.3347723],[44.3967778,33.334756],[44.3968134,33.3347222],[44.3968093,33.3347183],[44.3968605,33.3346798],[44.3968579,33.3346678],[44.3968749,33.334655],[44.3968708,33.3346511],[44.3968879,33.3346383],[44.3968837,33.3346344],[44.3969008,33.3346216],[44.3968966,33.3346177],[44.3969721,33.3345539],[44.3969695,33.334542],[44.3969865,33.3345291],[44.3969824,33.3345253],[44.3970465,33.33447],[44.3970439,33.3344581],[44.3970796,33.3344242],[44.3970842,33.3343998],[44.3971126,33.3343784],[44.39711,33.3343665],[44.3971498,33.3343365],[44.3971472,33.3343245],[44.3972299,33.3342483],[44.3972258,33.3342444],[44.397263,33.3342025],[44.3972588,33.3341986],[44.3972986,33.3341687],[44.3972919,33.3341528],[44.3973146,33.3341357],[44.3973105,33.3341319],[44.3973348,33.3341066],[44.3973378,33.3340904]],[[44.3976193,33.333969],[44.3975624,33.3340118],[44.3975665,33.3340157],[44.3975552,33.3340243],[44.3975521,33.3340405],[44.3975718,33.3340396],[44.39758,33.3340473],[44.3975956,33.3340426],[44.3976318,33.3340571],[44.3976375,33.3340528],[44.39765,33.3340644],[44.3976557,33.3340601],[44.3976681,33.3340716],[44.3976738,33.3340673],[44.3976945,33.3340865],[44.3977002,33.3340823],[44.3977334,33.334113],[44.3977277,33.3341173],[44.3977401,33.3341288],[44.3977371,33.3341451],[44.3977593,33.3341562],[44.3977537,33.3341605],[44.3977661,33.334172],[44.3977604,33.3341763],[44.3977687,33.334184],[44.3977656,33.3342002],[44.3977781,33.3342118],[44.3977652,33.3342285],[44.3977818,33.3342438],[44.3977916,33.3342434],[44.3977859,33.3342477],[44.3978025,33.3342631],[44.3977968,33.3342673],[44.3978119,33.3342909],[44.3978062,33.3342951],[44.3978824,33.3343562],[44.3978751,33.3343686],[44.3978917,33.334384],[44.3978974,33.3343797],[44.3978959,33.3343879],[44.3979166,33.3344071],[44.3979223,33.3344028],[44.3979928,33.3344682],[44.3979871,33.3344724],[44.3980162,33.3344993],[44.3980219,33.3344951],[44.3980203,33.3345032],[44.3980369,33.3345186],[44.3980426,33.3345143],[44.3980411,33.3345224],[44.398265,33.33473],[44.3982707,33.3347258],[44.398279,33.3347334],[44.3982733,33.3347377],[44.3983273,33.3347877],[44.3983329,33.3347834],[44.398362,33.3348103],[44.3983563,33.3348146],[44.3983812,33.3348377],[44.3983967,33.334833],[44.3984397,33.3348633],[44.3984454,33.334859],[44.3985096,33.3348803],[44.3985252,33.3348756],[44.3985334,33.3348833],[44.3985826,33.3348811],[44.398594,33.3348725],[44.398608,33.3348759],[44.3986349,33.3348626],[44.3986307,33.3348588],[44.3986478,33.334846],[44.3986524,33.3348216],[44.3986441,33.3348139],[44.3986472,33.3347976],[44.3986265,33.3347784],[44.3986321,33.3347741],[44.3984232,33.33459],[44.3984289,33.3345857],[44.3979451,33.3341278],[44.3979508,33.3341235],[44.3979384,33.3341119],[44.3979441,33.3341077],[44.3978762,33.3340543],[44.3978819,33.33405],[44.3978031,33.3339769],[44.3978087,33.3339727],[44.3977948,33.3339693],[44.3978004,33.333965],[44.3977216,33.3338919],[44.3977232,33.3338838],[44.3977133,33.3338842],[44.3976223,33.3339528],[44.3976193,33.333969]]]}},{"type":"Feature","properties":{"type":"area"},"geometry":{"type":"Polygon","coordinates":[[[44.3966878,33.3329145],[44.3966893,33.3329063],[44.3967519,33.3328592],[44.3967617,33.3328588],[44.3967824,33.332878],[44.3967809,33.3328861],[44.3967142,33.3329294],[44.3967044,33.3329299],[44.3966878,33.3329145]]]}},{"type":"Feature","properties":{"type":"centerline","kind":"street","width_m":14.2,"length_m":21,"name":null},"geometry":{"type":"LineString","coordinates":[[44.3910286,33.3412702],[44.390998,33.3412514],[44.3909803,33.3412159],[44.3909347,33.3411736],[44.3909144,33.3411262]]}},{"type":"Feature","properties":{"type":"centerline","kind":"street","width_m":13.4,"length_m":57,"name":"شارع الرشيد"},"geometry":{"type":"LineString","coordinates":[[44.3909144,33.3411262],[44.3909516,33.3410842],[44.3910442,33.3410076],[44.391133,33.3408989],[44.3912757,33.3407635],[44.3912788,33.3407473]]}},{"type":"Feature","properties":{"type":"centerline","kind":"street","width_m":10.0,"length_m":201,"name":null},"geometry":{"type":"LineString","coordinates":[[44.3909144,33.3411262],[44.3908249,33.34111],[44.390744,33.3410733],[44.3906113,33.3409503],[44.3898687,33.3401855],[44.3897147,33.339995],[44.3896649,33.3399488],[44.3896597,33.3399249],[44.389614,33.3398826],[44.3895953,33.339827]]}},{"type":"Feature","properties":{"type":"centerline","kind":"street","width_m":13.2,"length_m":39,"name":"شارع المأمون"},"geometry":{"type":"LineString","coordinates":[[44.3895953,33.339827],[44.3897659,33.3396985],[44.389814,33.3396762],[44.3898436,33.3396749],[44.3899216,33.3396231]]}},{"type":"Feature","properties":{"type":"centerline","kind":"street","width_m":17.1,"length_m":61,"name":null},"geometry":{"type":"LineString","coordinates":[[44.3895953,33.339827],[44.3893661,33.3395954],[44.3893651,33.3395753],[44.3892354,33.3394361],[44.3892302,33.3394121]]}},{"type":"Feature","properties":{"type":"centerline","kind":"alley","width_m":4.3,"length_m":50,"name":"جسر الشهداء"},"geometry":{"type":"LineString","coordinates":[[44.3891188,33.3393566],[44.3891296,33.3392997],[44.3891052,33.3392484],[44.3889144,33.3390716],[44.3888357,33.3390751]]}},{"type":"Feature","properties":{"type":"centerline","kind":"street","width_m":10.0,"length_m":48,"name":null},"geometry":{"type":"LineString","coordinates":[[44.3891188,33.3393566],[44.3890738,33.3393627],[44.3889452,33.3392435],[44.3888181,33.3391162],[44.3888357,33.3390751]]}},{"type":"Feature","properties":{"type":"centerline","kind":"street","width_m":14.7,"length_m":15,"name":"سوق السراي"},"geometry":{"type":"LineString","coordinates":[[44.3892302,33.3394121],[44.3891852,33.3394181],[44.3891188,33.3393566]]}},{"type":"Feature","properties":{"type":"centerline","kind":"street","width_m":17.3,"length_m":53,"name":"جسر الشهداء"},"geometry":{"type":"LineString","coordinates":[[44.3888357,33.3390751],[44.388761,33.3390059],[44.3887672,33.3389734],[44.3890728,33.3387502]]}},{"type":"Feature","properties":{"type":"centerline","kind":"street","width_m":10.4,"length_m":35,"name":"شارع المأمون"},"geometry":{"type":"LineString","coordinates":[[44.3892302,33.3394121],[44.3892416,33.3394035],[44.3892493,33.3393629],[44.3892709,33.3393257],[44.389379,33.3392443],[44.3894669,33.339192]]}},{"type":"Feature","properties":{"type":"centerline","kind":"alley","width_m":5.0,"length_m":9,"name":null},"geometry":{"type":"LineString","coordinates":[[44.3899216,33.3396231],[44.3899857,33.3395678]]}},{"type":"Feature","properties":{"type":"centerline","kind":"alley","width_m":7.2,"length_m":18,"name":null},"geometry":{"type":"LineString","coordinates":[[44.3900599,33.3396653],[44.3900071,33.3396354],[44.3899382,33.3396385],[44.3899216,33.3396231]]}},{"type":"Feature","properties":{"type":"centerline","kind":"alley","width_m":6.9,"length_m":63,"name":null},"geometry":{"type":"LineString","coordinates":[[44.3894669,33.339192],[44.3894394,33.339157],[44.3894467,33.3391446],[44.3898076,33.3388867],[44.3898428,33.3388811],[44.3898826,33.3388511],[44.3899136,33.3388417]]}},{"type":"Feature","properties":{"type":"centerline","kind":"alley","width_m":4.6,"length_m":61,"name":null},"geometry":{"type":"LineString","coordinates":[[44.3894669,33.339192],[44.3894752,33.3391997],[44.3895244,33.3391975],[44.3896309,33.3391243],[44.389662,33.3391148],[44.3897628,33.3390459],[44.38992,33.3389623],[44.3899769,33.3389195]]}},{"type":"Feature","properties":{"type":"centerline","kind":"alley","width_m":5.7,"length_m":44,"name":null},"geometry":{"type":"LineString","coordinates":[[44.3893766,33.339051],[44.389247,33.3389117],[44.3890728,33.3387502]]}},{"type":"Feature","properties":{"type":"centerline","kind":"street","width_m":17.3,"length_m":119,"name":null},"geometry":{"type":"LineString","coordinates":[[44.3890728,33.3387502],[44.3900225,33.3380349]]}},{"type":"Feature","properties":{"type":"centerline","kind":"street","width_m":12.8,"length_m":62,"name":null},"geometry":{"type":"LineString","coordinates":[[44.3904235,33.3397538],[44.3903338,33.3396611],[44.3903161,33.3396256],[44.3901683,33.3394791],[44.3901264,33.3394689],[44.3899857,33.3395678]]}},{"type":"Feature","properties":{"type":"centerline","kind":"alley","width_m":4.8,"length_m":10,"name":null},"geometry":{"type":"LineString","coordinates":[[44.3899857,33.3395678],[44.3899691,33.3395525],[44.3899773,33.3394836]]}},{"type":"Feature","properties":{"type":"centerline","kind":"street","width_m":12.7,"length_m":250,"name":"شارع الرشيد"},"geometry":{"type":"LineString","coordinates":[[44.3912788,33.3407473],[44.3913543,33.3406835],[44.391363,33.3406629],[44.3914328,33.3406034],[44.3914473,33.3405786],[44.3915284,33.3405105],[44.3915372,33.34049],[44.3916659,33.3403513],[44.3918757,33.3401445],[44.3919145,33.3400944],[44.391977,33.3400473],[44.3919858,33.3400267],[44.3920344,33.3399762],[44.3921512,33.3398743],[44.3923083,33.3397142],[44.39233,33.3396769],[44.3923869,33.3396341],[44.3924783,33.3395373],[44.3925466,33.3394859],[44.3925853,33.3394359],[44.3926365,33.3393973],[44.3926623,33.3393639],[44.3927021,33.3393339],[44.3927052,33.3393177],[44.3927864,33.3392496],[44.3927956,33.3392008],[44.3928473,33.3391341],[44.392855,33.3390934]]}},{"type":"Feature","properties":{"type":"centerline","kind":"alley","width_m":7.1,"length_m":143,"name":null},"geometry":{"type":"LineString","coordinates":[[44.3912788,33.3407473],[44.3912394,33.340749],[44.3911606,33.340676],[44.3910864,33.3405786],[44.3908629,33.3403427],[44.3908245,33.340288],[44.3907416,33.3402111],[44.3907095,33.3402005],[44.3906239,33.3401116],[44.3905923,33.3400727],[44.3905932,33.3400163],[44.3905517,33.3399778],[44.3905579,33.3399453],[44.3904931,33.3398756],[44.3904935,33.3398474],[44.3904494,33.339797]]}},{"type":"Feature","properties":{"type":"centerline","kind":"alley","width_m":6.4,"length_m":12,"name":null},"geometry":{"type":"LineString","coordinates":[[44.3903475,33.3398459],[44.3904153,33.3398227],[44.3904494,33.339797]]}},{"type":"Feature","properties":{"type":"centerline","kind":"alley","width_m":7.5,"length_m":6,"name":null},"geometry":{"type":"LineString","coordinates":[[44.3904494,33.339797],[44.3904235,33.3397538]]}},{"type":"Feature","properties":{"type":"centerline","kind":"alley","width_m":4.6,"length_m":16,"name":null},"geometry":{"type":"LineString","coordinates":[[44.3904235,33.3397538],[44.3904882,33.3397469],[44.3905549,33.3397037]]}},{"type":"Feature","properties":{"type":"centerline","kind":"alley","width_m":4.6,"length_m":14,"name":null},"geometry":{"type":"LineString","coordinates":[[44.3899745,33.3390606],[44.3900909,33.3389869]]}},{"type":"Feature","properties":{"type":"centerline","kind":"alley","width_m":4.3,"length_m":11,"name":null},"geometry":{"type":"LineString","coordinates":[[44.3899769,33.3389195],[44.3899136,33.3388417]]}},{"type":"Feature","properties":{"type":"centerline","kind":"alley","width_m":5.4,"length_m":6,"name":null},"geometry":{"type":"LineString","coordinates":[[44.3899769,33.3389195],[44.3900235,33.3389053]]}},{"type":"Feature","properties":{"type":"centerline","kind":"street","width_m":11.5,"length_m":44,"name":null},"geometry":{"type":"LineString","coordinates":[[44.3899136,33.3388417],[44.3899819,33.3387903],[44.3899979,33.3387573],[44.3900149,33.3387445],[44.3900517,33.3387308],[44.3901582,33.3386575],[44.3901835,33.3386524],[44.3902233,33.3386224],[44.3902601,33.3386087]]}},{"type":"Feature","properties":{"type":"centerline","kind":"alley","width_m":4.3,"length_m":12,"name":null},"geometry":{"type":"LineString","coordinates":[[44.3900909,33.3389869],[44.3900235,33.3389053]]}},{"type":"Feature","properties":{"type":"centerline","kind":"alley","width_m":3.7,"length_m":82,"name":null},"geometry":{"type":"LineString","coordinates":[[44.3900909,33.3389869],[44.3901163,33.3389818],[44.3901447,33.3389603],[44.3907251,33.3386766],[44.3907716,33.3386624],[44.3908001,33.338641]]}},{"type":"Feature","properties":{"type":"centerline","kind":"alley","width_m":4.8,"length_m":33,"name":null},"geometry":{"type":"LineString","coordinates":[[44.3900235,33.3389053],[44.3900576,33.3388796],[44.39025,33.3387904],[44.3903054,33.3387557]]}},{"type":"Feature","properties":{"type":"centerline","kind":"alley","width_m":4.3,"length_m":19,"name":null},"geometry":{"type":"LineString","coordinates":[[44.3903054,33.3387557],[44.3903084,33.3387395],[44.3902519,33.3386775],[44.3902601,33.3386087]]}},{"type":"Feature","properties":{"type":"centerline","kind":"alley","width_m":4.6,"length_m":47,"name":null},"geometry":{"type":"LineString","coordinates":[[44.3903054,33.3387557],[44.3903193,33.3387591],[44.3903747,33.3387244],[44.3904326,33.3387017],[44.3906069,33.3386053],[44.3906649,33.3385826],[44.3907047,33.3385526]]}},{"type":"Feature","properties":{"type":"centerline","kind":"street","width_m":14.9,"length_m":30,"name":null},"geometry":{"type":"LineString","coordinates":[[44.3902601,33.3386087],[44.3903806,33.3385388],[44.3905099,33.3384484]]}},{"type":"Feature","properties":{"type":"centerline","kind":"street","width_m":19.6,"length_m":129,"name":null},"geometry":{"type":"LineString","coordinates":[[44.3900225,33.3380349],[44.3900524,33.3379288],[44.3901718,33.3378389],[44.3902396,33.3378157],[44.3903224,33.3378161],[44.390992,33.3373188]]}},{"type":"Feature","properties":{"type":"centerline","kind":"street","width_m":18.5,"length_m":33,"name":null},"geometry":{"type":"LineString","coordinates":[[44.3902744,33.3381728],[44.3902449,33.3381741],[44.3901951,33.338128],[44.3901697,33.3381332],[44.3901516,33.3381259],[44.3900521,33.3380336],[44.3900225,33.3380349]]}},{"type":"Feature","properties":{"type":"centerline","kind":"street","width_m":21.3,"length_m":15,"name":null},"geometry":{"type":"LineString","coordinates":[[44.3905099,33.3384484],[44.3904145,33.33836],[44.3904175,33.3383437]]}},{"type":"Feature","properties":{"type":"centerline","kind":"street","width_m":9.6,"length_m":20,"name":null},"geometry":{"type":"LineString","coordinates":[[44.3906807,33.338473],[44.3906305,33.3384551],[44.3905099,33.3384484]]}},{"type":"Feature","properties":{"type":"centerline","kind":"alley","width_m":3.7,"length_m":33,"name":null},"geometry":{"type":"LineString","coordinates":[[44.3904175,33.3383437],[44.3904864,33.3383407],[44.3906482,33.3382327],[44.390685,33.338219]]}},{"type":"Feature","properties":{"type":"centerline","kind":"street","width_m":22.8,"length_m":24,"name":null},"geometry":{"type":"LineString","coordinates":[[44.3904175,33.3383437],[44.3902807,33.3382169],[44.3902744,33.3381728]]}},{"type":"Feature","properties":{"type":"centerline","kind":"street","width_m":12.7,"length_m":22,"name":null},"geometry":{"type":"LineString","coordinates":[[44.3902744,33.3381728],[44.3902981,33.3380992],[44.3904004,33.3380221]]}},{"type":"Feature","properties":{"type":"centerline","kind":"alley","width_m":4.3,"length_m":15,"name":null},"geometry":{"type":"LineString","coordinates":[[44.3908001,33.338641],[44.39077,33.338594],[44.3907047,33.3385526]]}},{"type":"Feature","properties":{"type":"centerline","kind":"alley","width_m":3.5,"length_m":79,"name":null},"geometry":{"type":"LineString","coordinates":[[44.3908001,33.338641],[44.3908425,33.338623],[44.3910752,33.3384756],[44.3911233,33.3384533],[44.3911916,33.3384019],[44.391461,33.3382408]]}},{"type":"Feature","properties":{"type":"centerline","kind":"alley","width_m":4.8,"length_m":10,"name":null},"geometry":{"type":"LineString","coordinates":[[44.3907047,33.3385526],[44.3907078,33.3385363],[44.3906746,33.3385056],[44.3906807,33.338473]]}},{"type":"Feature","properties":{"type":"centerline","kind":"alley","width_m":6.9,"length_m":52,"name":null},"geometry":{"type":"LineString","coordinates":[[44.3906807,33.338473],[44.3911011,33.3381843]]}},{"type":"Feature","properties":{"type":"centerline","kind":"alley","width_m":3.7,"length_m":29,"name":null},"geometry":{"type":"LineString","coordinates":[[44.3915491,33.338934],[44.3915522,33.3389178],[44.3916008,33.3388672],[44.3916095,33.3388467],[44.3917264,33.3387448]]}},{"type":"Feature","properties":{"type":"centerline","kind":"alley","width_m":5.8,"length_m":7,"name":null},"geometry":{"type":"LineString","coordinates":[[44.3917862,33.3389436],[44.3918431,33.3389008]]}},{"type":"Feature","properties":{"type":"centerline","kind":"alley","width_m":4.3,"length_m":22,"name":null},"geometry":{"type":"LineString","coordinates":[[44.3918431,33.3389008],[44.3918436,33.3388725],[44.3917264,33.3387448]]}},{"type":"Feature","properties":{"type":"centerline","kind":"alley","width_m":4.3,"length_m":76,"name":null},"geometry":{"type":"LineString","coordinates":[[44.3918431,33.3389008],[44.3919359,33.3389772],[44.3920241,33.3390781],[44.3923292,33.3388831],[44.3924259,33.3388103]]}},{"type":"Feature","properties":{"type":"centerline","kind":"alley","width_m":3.5,"length_m":53,"name":null},"geometry":{"type":"LineString","coordinates":[[44.3917264,33.3387448],[44.3918913,33.3386206],[44.3921551,33.3384638]]}},{"type":"Feature","properties":{"type":"centerline","kind":"alley","width_m":4.3,"length_m":63,"name":null},"geometry":{"type":"LineString","coordinates":[[44.391461,33.3382408],[44.3911292,33.3379332],[44.391003,33.3380074]]}},{"type":"Feature","properties":{"type":"centerline","kind":"alley","width_m":3.7,"length_m":32,"name":null},"geometry":{"type":"LineString","coordinates":[[44.391461,33.3382408],[44.3916001,33.33815],[44.3916304,33.3380157]]}},{"type":"Feature","properties":{"type":"centerline","kind":"alley","width_m":4.6,"length_m":12,"name":null},"geometry":{"type":"LineString","coordinates":[[44.3912,33.3378938],[44.3912471,33.3378514],[44.3912936,33.3378373]]}},{"type":"Feature","properties":{"type":"centerline","kind":"alley","width_m":5.4,"length_m":35,"name":null},"geometry":{"type":"LineString","coordinates":[[44.3912936,33.3378373],[44.3914844,33.3376797],[44.3914631,33.3376121]]}},{"type":"Feature","properties":{"type":"centerline","kind":"alley","width_m":7.1,"length_m":46,"name":null},"geometry":{"type":"LineString","coordinates":[[44.3916304,33.3380157],[44.3916009,33.338017],[44.3915662,33.3379944],[44.3914875,33.3379979],[44.3914357,33.3379881],[44.3912936,33.3378373]]}},{"type":"Feature","properties":{"type":"centerline","kind":"alley","width_m":4.3,"length_m":49,"name":null},"geometry":{"type":"LineString","coordinates":[[44.3924259,33.3388103],[44.392389,33.3387475],[44.3922801,33.3386274],[44.3922116,33.3385257],[44.3921551,33.3384638]]}},{"type":"Feature","properties":{"type":"centerline","kind":"alley","width_m":5.7,"length_m":62,"name":null},"geometry":{"type":"LineString","coordinates":[[44.392855,33.3390934],[44.3927214,33.3391034],[44.392681,33.339085],[44.3925706,33.3389731],[44.3925088,33.3388872],[44.3924259,33.3388103]]}},{"type":"Feature","properties":{"type":"centerline","kind":"alley","width_m":4.3,"length_m":21,"name":null},"geometry":{"type":"LineString","coordinates":[[44.3921551,33.3384638],[44.3921457,33.338436],[44.3920523,33.3383112]]}},{"type":"Feature","properties":{"type":"centerline","kind":"street","width_m":11.5,"length_m":19,"name":null},"geometry":{"type":"LineString","coordinates":[[44.3916532,33.3379985],[44.3916809,33.3378522],[44.3916643,33.3378369]]}},{"type":"Feature","properties":{"type":"centerline","kind":"street","width_m":14.4,"length_m":21,"name":null},"geometry":{"type":"LineString","coordinates":[[44.3918214,33.3380112],[44.3917992,33.3380001],[44.391764,33.3380057],[44.3917557,33.337998],[44.3917107,33.338004],[44.3916532,33.3379985]]}},{"type":"Feature","properties":{"type":"centerline","kind":"street","width_m":23.0,"length_m":30,"name":"شارع الرشيد"},"geometry":{"type":"LineString","coordinates":[[44.392855,33.3390934],[44.3929289,33.3390377],[44.3930659,33.3389067]]}},{"type":"Feature","properties":{"type":"centerline","kind":"alley","width_m":3.5,"length_m":43,"name":null},"geometry":{"type":"LineString","coordinates":[[44.3920523,33.3383112],[44.3922607,33.3381891],[44.3923244,33.338162],[44.3923756,33.3381235],[44.3924051,33.3381222]]}},{"type":"Feature","properties":{"type":"centerline","kind":"alley","width_m":4.3,"length_m":43,"name":null},"geometry":{"type":"LineString","coordinates":[[44.3920523,33.3383112],[44.391933,33.3381432],[44.3918832,33.3380971],[44.3918863,33.3380808],[44.3918629,33.3380496],[44.3918214,33.3380112]]}},{"type":"Feature","properties":{"type":"centerline","kind":"street","width_m":8.1,"length_m":44,"name":null},"geometry":{"type":"LineString","coordinates":[[44.390992,33.3373188],[44.3909956,33.3372743],[44.3910162,33.337217],[44.3911584,33.3371099],[44.3912804,33.3370319]]}},{"type":"Feature","properties":{"type":"centerline","kind":"alley","width_m":4.3,"length_m":65,"name":null},"geometry":{"type":"LineString","coordinates":[[44.3914631,33.3376121],[44.391389,33.3375912],[44.3913019,33.3375105],[44.3912153,33.3374015],[44.3911572,33.3373477],[44.3910956,33.3373384],[44.3910609,33.3373157],[44.390992,33.3373188]]}},{"type":"Feature","properties":{"type":"centerline","kind":"alley","width_m":3.5,"length_m":37,"name":null},"geometry":{"type":"LineString","coordinates":[[44.3918214,33.3380112],[44.3919223,33.3379422],[44.391959,33.3379285],[44.3921281,33.3378081]]}},{"type":"Feature","properties":{"type":"centerline","kind":"alley","width_m":6.4,"length_m":21,"name":"شارع النهر"},"geometry":{"type":"LineString","coordinates":[[44.3914631,33.3376121],[44.3915215,33.3375612],[44.3916094,33.3375089],[44.3916182,33.3374883]]}},{"type":"Feature","properties":{"type":"centerline","kind":"street","width_m":11.4,"length_m":46,"name":null},"geometry":{"type":"LineString","coordinates":[[44.3916182,33.3374883],[44.3915601,33.3374345],[44.3915507,33.3374067],[44.3914901,33.3373409],[44.3914113,33.3372679],[44.3913817,33.3372692],[44.3913321,33.3372996],[44.3913015,33.3372808]]}},{"type":"Feature","properties":{"type":"centerline","kind":"alley","width_m":4.7,"length_m":13,"name":null},"geometry":{"type":"LineString","coordinates":[[44.3930659,33.3389067],[44.3930705,33.3388823],[44.3930015,33.3388088]]}},{"type":"Feature","properties":{"type":"centerline","kind":"street","width_m":13.8,"length_m":55,"name":"شارع الرشيد"},"geometry":{"type":"LineString","coordinates":[[44.3930659,33.3389067],[44.3931094,33.3389088],[44.3935018,33.3386133]]}},{"type":"Feature","properties":{"type":"centerline","kind":"alley","width_m":4.0,"length_m":40,"name":"شارع الرشيد"},"geometry":{"type":"LineString","coordinates":[[44.3930015,33.3388088],[44.3930512,33.3387784],[44.3931242,33.3387792],[44.3933217,33.3386374]]}},{"type":"Feature","properties":{"type":"centerline","kind":"street","width_m":11.4,"length_m":104,"name":"شارع السموأل بن عادياء"},"geometry":{"type":"LineString","coordinates":[[44.3930015,33.3388088],[44.3929539,33.3388029],[44.3928445,33.3387111],[44.3927018,33.3385119],[44.3926686,33.3384812],[44.3926691,33.3384529],[44.3926499,33.3384256],[44.3924051,33.3381222]]}},{"type":"Feature","properties":{"type":"centerline","kind":"street","width_m":9.2,"length_m":14,"name":null},"geometry":{"type":"LineString","coordinates":[[44.3916182,33.3374883],[44.3917345,33.3374147]]}},{"type":"Feature","properties":{"type":"centerline","kind":"street","width_m":9.4,"length_m":45,"name":"شارع السموأل بن عادياء"},"geometry":{"type":"LineString","coordinates":[[44.3924051,33.3381222],[44.3923833,33.3380829],[44.3922235,33.3378966],[44.3921281,33.3378081]]}},{"type":"Feature","properties":{"type":"centerline","kind":"street","width_m":9.2,"length_m":55,"name":"شارع السموأل بن عادياء"},"geometry":{"type":"LineString","coordinates":[[44.3921281,33.3378081],[44.3920938,33.3377573],[44.3918133,33.3374877],[44.3917961,33.337424]]}},{"type":"Feature","properties":{"type":"centerline","kind":"alley","width_m":7.5,"length_m":102,"name":"شارع السموأل بن عادياء"},"geometry":{"type":"LineString","coordinates":[[44.3917345,33.3374147],[44.3917339,33.3373663],[44.3915353,33.3371535],[44.3915166,33.337098],[44.3915864,33.3370384],[44.3916039,33.3369974],[44.3917031,33.33686],[44.391718,33.3368069],[44.3918131,33.3367422],[44.3918711,33.3367195]]}},{"type":"Feature","properties":{"type":"centerline","kind":"street","width_m":14.3,"length_m":7,"name":null},"geometry":{"type":"LineString","coordinates":[[44.3917961,33.337424],[44.3917697,33.3374091],[44.3917345,33.3374147]]}},{"type":"Feature","properties":{"type":"centerline","kind":"street","width_m":13.4,"length_m":39,"name":"شارع النهر"},"geometry":{"type":"LineString","coordinates":[[44.3917961,33.337424],[44.3919254,33.3373336],[44.3920713,33.3372586],[44.3921225,33.3372201]]}},{"type":"Feature","properties":{"type":"centerline","kind":"alley","width_m":6.9,"length_m":56,"name":null},"geometry":{"type":"LineString","coordinates":[[44.3925767,33.3380138],[44.3925975,33.338033],[44.3927211,33.3379469],[44.3927521,33.3379375],[44.3928669,33.3378719],[44.3929409,33.3378162],[44.3929621,33.3378072],[44.3930309,33.3378042]]}},{"type":"Feature","properties":{"type":"centerline","kind":"alley","width_m":5.5,"length_m":28,"name":null},"geometry":{"type":"LineString","coordinates":[[44.3935781,33.3387509],[44.393576,33.3387107],[44.3936147,33.3386606],[44.3935567,33.3386068],[44.3935018,33.3386133]]}},{"type":"Feature","properties":{"type":"centerline","kind":"street","width_m":12.1,"length_m":27,"name":"شارع الرشيد"},"geometry":{"type":"LineString","coordinates":[[44.3935018,33.3386133],[44.3934992,33.3386013],[44.3935209,33.3385641],[44.3935808,33.338505],[44.3936082,33.3384635],[44.3936133,33.3384109]]}},{"type":"Feature","properties":{"type":"centerline","kind":"alley","width_m":6.7,"length_m":21,"name":null},"geometry":{"type":"LineString","coordinates":[[44.3934457,33.3385231],[44.3934571,33.3385145],[44.3934633,33.338482],[44.393455,33.3384743],[44.3934802,33.3383926],[44.3935004,33.3383635]]}},{"type":"Feature","properties":{"type":"centerline","kind":"alley","width_m":4.3,"length_m":35,"name":null},"geometry":{"type":"LineString","coordinates":[[44.3921225,33.3372201],[44.3921389,33.3371589],[44.392127,33.3371191],[44.3919807,33.3369645]]}},{"type":"Feature","properties":{"type":"centerline","kind":"street","width_m":9.2,"length_m":24,"name":"شارع النهر"},"geometry":{"type":"LineString","coordinates":[[44.3921225,33.3372201],[44.3921644,33.3372303],[44.3921898,33.3372251],[44.3923356,33.3371501]]}},{"type":"Feature","properties":{"type":"centerline","kind":"street","width_m":15.3,"length_m":14,"name":null},"geometry":{"type":"LineString","coordinates":[[44.3936133,33.3384109],[44.3935547,33.3383853],[44.3935299,33.3383622],[44.3935004,33.3383635]]}},{"type":"Feature","properties":{"type":"centerline","kind":"street","width_m":20.7,"length_m":19,"name":null},"geometry":{"type":"LineString","coordinates":[[44.3935004,33.3383635],[44.3934023,33.3382631],[44.3933997,33.3382511],[44.3934183,33.3382302]]}},{"type":"Feature","properties":{"type":"centerline","kind":"street","width_m":13.9,"length_m":23,"name":null},"geometry":{"type":"LineString","coordinates":[[44.3919159,33.3368948],[44.391848,33.3368414],[44.3918711,33.3367195]]}},{"type":"Feature","properties":{"type":"centerline","kind":"street","width_m":16.1,"length_m":61,"name":"شارع الرشيد"},"geometry":{"type":"LineString","coordinates":[[44.3936133,33.3384109],[44.393864,33.3381942],[44.3939141,33.3381355],[44.3940051,33.338067],[44.394034,33.3380174]]}},{"type":"Feature","properties":{"type":"centerline","kind":"alley","width_m":6.9,"length_m":30,"name":null},"geometry":{"type":"LineString","coordinates":[[44.3934183,33.3382302],[44.3935871,33.3382146],[44.393645,33.3381918],[44.3936636,33.3381709]]}},{"type":"Feature","properties":{"type":"centerline","kind":"street","width_m":24.2,"length_m":52,"name":null},"geometry":{"type":"LineString","coordinates":[[44.3934183,33.3382302],[44.3933603,33.3381763],[44.3932793,33.3380631],[44.3932254,33.3380131],[44.393117,33.3378648]]}},{"type":"Feature","properties":{"type":"centerline","kind":"street","width_m":20.2,"length_m":100,"name":null},"geometry":{"type":"LineString","coordinates":[[44.3930309,33.3378042],[44.393034,33.3377879],[44.3929925,33.3377495],[44.3928208,33.3375234],[44.3927704,33.3374289],[44.3926314,33.3372619],[44.3926582,33.337172],[44.3926473,33.3371523],[44.3926633,33.3371194],[44.3926513,33.3370796]]}},{"type":"Feature","properties":{"type":"centerline","kind":"street","width_m":21.4,"length_m":11,"name":null},"geometry":{"type":"LineString","coordinates":[[44.393117,33.3378648],[44.3930973,33.3378657],[44.3930309,33.3378042]]}},{"type":"Feature","properties":{"type":"centerline","kind":"alley","width_m":5.8,"length_m":331,"name":"شارع النهر"},"geometry":{"type":"LineString","coordinates":[[44.3923356,33.3371501],[44.3923827,33.3371077],[44.3924535,33.3370683],[44.3926169,33.3369522],[44.3926521,33.3369466],[44.3926604,33.3369543],[44.392723,33.3369072],[44.3927261,33.3368909],[44.3928284,33.3368138],[44.3929231,33.3367774],[44.3929841,33.3367384],[44.3930235,33.3367367],[44.3930602,33.3367229],[44.3931367,33.3366792],[44.393264,33.3366252],[44.3933266,33.3365781],[44.393475,33.336515],[44.3935857,33.3364456],[44.3936209,33.33644],[44.3936607,33.3364101],[44.3937073,33.3363959],[44.3938138,33.3363226],[44.3938335,33.3363218],[44.393879,33.3362875],[44.3939767,33.3362348],[44.3940279,33.3361962],[44.3940356,33.3361556],[44.394077,33.3361175],[44.3941008,33.3361205],[44.3943247,33.3359936],[44.3943884,33.3359666],[44.3945336,33.3358433],[44.3945138,33.3357676],[44.3946219,33.3356862],[44.3946648,33.33564],[44.3946958,33.3356305],[44.3947299,33.3356048],[44.394719,33.3355852],[44.3947873,33.3355338],[44.3948534,33.3354422]]}},{"type":"Feature","properties":{"type":"centerline","kind":"alley","width_m":7.9,"length_m":12,"name":null},"geometry":{"type":"LineString","coordinates":[[44.39243,33.3372184],[44.3923356,33.3371501]]}},{"type":"Feature","properties":{"type":"centerline","kind":"street","width_m":31.1,"length_m":9,"name":null},"geometry":{"type":"LineString","coordinates":[[44.3918711,33.3367195],[44.391945,33.3366638]]}},{"type":"Feature","properties":{"type":"centerline","kind":"street","width_m":10.1,"length_m":58,"name":null},"geometry":{"type":"LineString","coordinates":[[44.393117,33.3378648],[44.393164,33.3378224],[44.3932375,33.337795],[44.3933156,33.3377431],[44.393358,33.3377251],[44.3934205,33.337678],[44.3935933,33.3375897]]}},{"type":"Feature","properties":{"type":"centerline","kind":"alley","width_m":6.9,"length_m":79,"name":"شارع المستنصر"},"geometry":{"type":"LineString","coordinates":[[44.391945,33.3366638],[44.3919692,33.336562],[44.3920261,33.3365192],[44.3920544,33.3364212],[44.3923372,33.3362152],[44.3923584,33.3362062],[44.3924412,33.3362065]]}},{"type":"Feature","properties":{"type":"centerline","kind":"street","width_m":21.5,"length_m":21,"name":null},"geometry":{"type":"LineString","coordinates":[[44.3921076,33.3366808],[44.3920993,33.3366731],[44.3920641,33.3366787],[44.3920418,33.3366676],[44.3920165,33.3366727],[44.3919942,33.3366616],[44.391945,33.3366638]]}},{"type":"Feature","properties":{"type":"centerline","kind":"alley","width_m":7.3,"length_m":14,"name":null},"geometry":{"type":"LineString","coordinates":[[44.394034,33.3380174],[44.3941379,33.3379321]]}},{"type":"Feature","properties":{"type":"centerline","kind":"street","width_m":11.4,"length_m":69,"name":null},"geometry":{"type":"LineString","coordinates":[[44.394034,33.3380174],[44.3939635,33.337952],[44.3939004,33.3379508],[44.3938008,33.3378585],[44.3936856,33.3376944],[44.3935933,33.3375897]]}},{"type":"Feature","properties":{"type":"centerline","kind":"street","width_m":9.1,"length_m":33,"name":null},"geometry":{"type":"LineString","coordinates":[[44.3935933,33.3375897],[44.3936176,33.3375644],[44.3937722,33.3374689],[44.3937974,33.3373872],[44.3938088,33.3373786]]}},{"type":"Feature","properties":{"type":"centerline","kind":"lane","width_m":2.5,"length_m":25,"name":"شارع الرشيد"},"geometry":{"type":"LineString","coordinates":[[44.3941379,33.3379321],[44.3941466,33.337835],[44.3942365,33.3377464]]}},{"type":"Feature","properties":{"type":"centerline","kind":"street","width_m":11.5,"length_m":41,"name":"شارع الرشيد"},"geometry":{"type":"LineString","coordinates":[[44.3941379,33.3379321],[44.3942103,33.3378846],[44.394444,33.3376807]]}},{"type":"Feature","properties":{"type":"centerline","kind":"alley","width_m":6.9,"length_m":230,"name":"شارع المستنصر"},"geometry":{"type":"LineString","coordinates":[[44.3924412,33.3362065],[44.3924634,33.3361411],[44.3924835,33.336112],[44.3930864,33.3356579],[44.393224,33.3355753],[44.3933791,33.3354515],[44.3933821,33.3354352],[44.3937348,33.3351697],[44.3938185,33.3351136],[44.3938439,33.3351084],[44.3938894,33.3350741],[44.3939209,33.3350365],[44.3940517,33.334938],[44.3940812,33.3349366],[44.3941252,33.3349105],[44.3941702,33.3349045],[44.3942157,33.3348702]]}},{"type":"Feature","properties":{"type":"centerline","kind":"street","width_m":21.1,"length_m":23,"name":null},"geometry":{"type":"LineString","coordinates":[[44.3925993,33.3363244],[44.392546,33.3363227],[44.3924412,33.3362065]]}},{"type":"Feature","properties":{"type":"centerline","kind":"street","width_m":22.9,"length_m":14,"name":null},"geometry":{"type":"LineString","coordinates":[[44.3938088,33.3373786],[44.3937191,33.3372859]]}},{"type":"Feature","properties":{"type":"centerline","kind":"street","width_m":15.0,"length_m":45,"name":null},"geometry":{"type":"LineString","coordinates":[[44.3938088,33.3373786],[44.3938523,33.3373807],[44.3939133,33.3373417],[44.3939946,33.3373502],[44.3940541,33.3373193],[44.3940878,33.3373219],[44.39414,33.3373034],[44.3941737,33.337306]]}},{"type":"Feature","properties":{"type":"centerline","kind":"alley","width_m":6.9,"length_m":22,"name":"شارع الرشيد"},"geometry":{"type":"LineString","coordinates":[[44.3942737,33.3377045],[44.3943078,33.3376788],[44.3943098,33.3376424],[44.3943853,33.3375786],[44.3943998,33.3375538]]}},{"type":"Feature","properties":{"type":"centerline","kind":"street","width_m":12.8,"length_m":12,"name":null},"geometry":{"type":"LineString","coordinates":[[44.394444,33.3376807],[44.3944429,33.3376606],[44.3944956,33.337614],[44.3944946,33.3375939]]}},{"type":"Feature","properties":{"type":"centerline","kind":"street","width_m":10.0,"length_m":98,"name":null},"geometry":{"type":"LineString","coordinates":[[44.3951121,33.338195],[44.3950069,33.338107],[44.3949975,33.3380792],[44.3948441,33.3379369],[44.3947906,33.3378587],[44.3947118,33.3377857],[44.3947164,33.3377613],[44.3946749,33.3377228],[44.3945884,33.3376904],[44.3945237,33.3376973],[44.3944875,33.3376828],[44.394444,33.3376807]]}},{"type":"Feature","properties":{"type":"centerline","kind":"street","width_m":11.0,"length_m":12,"name":null},"geometry":{"type":"LineString","coordinates":[[44.3944946,33.3375939],[44.3944651,33.3375952],[44.3944194,33.3375529],[44.3943998,33.3375538]]}},{"type":"Feature","properties":{"type":"centerline","kind":"street","width_m":17.7,"length_m":36,"name":null},"geometry":{"type":"LineString","coordinates":[[44.3943998,33.3375538],[44.3943334,33.3374923],[44.3942867,33.3374299],[44.3942245,33.3373722],[44.3942276,33.3373559],[44.3941737,33.337306]]}},{"type":"Feature","properties":{"type":"centerline","kind":"street","width_m":9.3,"length_m":19,"name":null},"geometry":{"type":"LineString","coordinates":[[44.3941737,33.337306],[44.3942149,33.3371913],[44.3941988,33.3371477]]}},{"type":"Feature","properties":{"type":"centerline","kind":"street","width_m":12.3,"length_m":202,"name":"شارع الرشيد"},"geometry":{"type":"LineString","coordinates":[[44.3944946,33.3375939],[44.3945515,33.337551],[44.3946073,33.3374881],[44.3946471,33.3374581],[44.3947044,33.3373871],[44.3948641,33.3372389],[44.3948729,33.3372184],[44.394907,33.3371927],[44.3949272,33.3371636],[44.3949897,33.3371165],[44.3950285,33.3370664],[44.395074,33.3370321],[44.39509,33.3369992],[44.3951298,33.3369692],[44.3951587,33.3369195],[44.3952,33.3368814],[44.3952176,33.3368403],[44.3952517,33.3368147],[44.3952677,33.3367817],[44.3953364,33.3367021],[44.3953395,33.3366858],[44.3953808,33.3366477],[44.3955487,33.3364307],[44.3955663,33.3363896],[44.3956639,33.3362603],[44.3956659,33.336224]]}},{"type":"Feature","properties":{"type":"centerline","kind":"alley","width_m":7.5,"length_m":107,"name":null},"geometry":{"type":"LineString","coordinates":[[44.3951944,33.3366278],[44.3951198,33.3365586],[44.3950612,33.336533],[44.395042,33.3365057],[44.3950316,33.3364578],[44.3949963,33.3363868],[44.3949942,33.3363466],[44.394963,33.3362795],[44.3949422,33.3362603],[44.3949079,33.3361329],[44.3948601,33.3360504],[44.394859,33.3360303],[44.3949728,33.3359446],[44.3949831,33.3359159],[44.3949779,33.335892]]}},{"type":"Feature","properties":{"type":"centerline","kind":"street","width_m":9.9,"length_m":23,"name":null},"geometry":{"type":"LineString","coordinates":[[44.3949779,33.335892],[44.3949235,33.3358702],[44.3948572,33.3358853],[44.3947863,33.3358481]]}},{"type":"Feature","properties":{"type":"centerline","kind":"street","width_m":10.2,"length_m":30,"name":null},"geometry":{"type":"LineString","coordinates":[[44.3949779,33.335892],[44.3950787,33.335823],[44.3951366,33.3358003],[44.395192,33.3357656],[44.3952158,33.3357686],[44.3952272,33.33576]]}},{"type":"Feature","properties":{"type":"centerline","kind":"alley","width_m":3.5,"length_m":18,"name":null},"geometry":{"type":"LineString","coordinates":[[44.3942384,33.335111],[44.3943123,33.3350553],[44.394336,33.3349817]]}},{"type":"Feature","properties":{"type":"centerline","kind":"street","width_m":12.8,"length_m":130,"name":"ساحة عبد الوهاب الغريري"},"geometry":{"type":"LineString","coordinates":[[44.3956659,33.336224],[44.3957615,33.3361311],[44.3957992,33.3360609],[44.3958493,33.3360022],[44.3958984,33.3359235],[44.3959655,33.335852],[44.3959686,33.3358357],[44.3959971,33.3358143],[44.3960203,33.335769],[44.3960544,33.3357433],[44.3961448,33.3356264],[44.3961479,33.3356102],[44.3961763,33.3355887],[44.3961923,33.3355558],[44.3962264,33.3355301],[44.3962781,33.3354633],[44.3962827,33.3354389],[44.3963225,33.335409],[44.3963587,33.3353469]]}},{"type":"Feature","properties":{"type":"centerline","kind":"street","width_m":8.5,"length_m":72,"name":"ساحة عبد الوهاب الغريري"},"geometry":{"type":"LineString","coordinates":[[44.3956659,33.336224],[44.3956224,33.3362219],[44.3955281,33.3361536],[44.3953969,33.3360224],[44.3953299,33.3359126],[44.395333,33.3358963],[44.3952977,33.3358254],[44.3952903,33.3357612]]}},{"type":"Feature","properties":{"type":"centerline","kind":"street","width_m":15.2,"length_m":3,"name":null},"geometry":{"type":"LineString","coordinates":[[44.3943598,33.3349847],[44.3943515,33.334977],[44.394336,33.3349817]]}},{"type":"Feature","properties":{"type":"centerline","kind":"street","width_m":17.2,"length_m":17,"name":"شارع المستنصر"},"geometry":{"type":"LineString","coordinates":[[44.394336,33.3349817],[44.3942157,33.3348702]]}},{"type":"Feature","properties":{"type":"centerline","kind":"street","width_m":11.2,"length_m":49,"name":"شارع المستنصر"},"geometry":{"type":"LineString","coordinates":[[44.3942157,33.3348702],[44.3942462,33.3348124],[44.394576,33.334564]]}},{"type":"Feature","properties":{"type":"centerline","kind":"lane","width_m":0.0,"length_m":3,"name":null},"geometry":{"type":"LineString","coordinates":[[44.3948772,33.3354452],[44.3948689,33.3354375],[44.3948534,33.3354422]]}},{"type":"Feature","properties":{"type":"centerline","kind":"street","width_m":8.5,"length_m":70,"name":null},"geometry":{"type":"LineString","coordinates":[[44.3948534,33.3354422],[44.3943598,33.3349847]]}},{"type":"Feature","properties":{"type":"centerline","kind":"alley","width_m":3.5,"length_m":45,"name":null},"geometry":{"type":"LineString","coordinates":[[44.3943598,33.3349847],[44.3943981,33.3349628],[44.3944121,33.3349662],[44.394439,33.3349529],[44.394741,33.3347743]]}},{"type":"Feature","properties":{"type":"centerline","kind":"street","width_m":9.2,"length_m":104,"name":"شارع النهر"},"geometry":{"type":"LineString","coordinates":[[44.3948772,33.3354452],[44.3950292,33.3353376],[44.3950566,33.3352961],[44.3951249,33.3352447],[44.3951544,33.3352434],[44.3952454,33.3351749],[44.395372,33.3350725],[44.3953906,33.3350516],[44.3954025,33.3350148],[44.3956486,33.3348225]]}},{"type":"Feature","properties":{"type":"centerline","kind":"street","width_m":8.5,"length_m":49,"name":null},"geometry":{"type":"LineString","coordinates":[[44.3952272,33.33576],[44.3949213,33.3354956],[44.3948772,33.3354452]]}},{"type":"Feature","properties":{"type":"centerline","kind":"street","width_m":19.5,"length_m":8,"name":null},"geometry":{"type":"LineString","coordinates":[[44.3952903,33.3357612],[44.3952272,33.33576]]}},{"type":"Feature","properties":{"type":"centerline","kind":"street","width_m":23.0,"length_m":16,"name":"ساحة عبد الوهاب الغريري"},"geometry":{"type":"LineString","coordinates":[[44.3952903,33.3357612],[44.3954155,33.335667]]}},{"type":"Feature","properties":{"type":"centerline","kind":"street","width_m":13.0,"length_m":24,"name":"ساحة عبد الوهاب الغريري"},"geometry":{"type":"LineString","coordinates":[[44.3956049,33.3356706],[44.395549,33.335657],[44.3955376,33.3356656],[44.3955293,33.3356579],[44.3954155,33.335667]]}},{"type":"Feature","properties":{"type":"centerline","kind":"street","width_m":15.0,"length_m":16,"name":null},"geometry":{"type":"LineString","coordinates":[[44.3954155,33.335667],[44.3954087,33.3356512],[44.395421,33.3355861],[44.3954453,33.3355609],[44.3954499,33.3355365]]}},{"type":"Feature","properties":{"type":"centerline","kind":"street","width_m":9.2,"length_m":7,"name":null},"geometry":{"type":"LineString","coordinates":[[44.3946103,33.3346149],[44.394576,33.334564]]}},{"type":"Feature","properties":{"type":"centerline","kind":"street","width_m":8.5,"length_m":347,"name":"شارع المستنصر"},"geometry":{"type":"LineString","coordinates":[[44.394576,33.334564],[44.3947451,33.3344436],[44.3948072,33.3344248],[44.3948512,33.3343986],[44.394889,33.334405],[44.3949189,33.3343755],[44.3950808,33.3342675],[44.3951496,33.3342644],[44.39523,33.3343294],[44.3952595,33.334328],[44.3955185,33.3341191],[44.3955692,33.3341087],[44.3957926,33.3339336],[44.3957987,33.3339011],[44.3958799,33.333833],[44.3959057,33.3337996],[44.3961306,33.3336163],[44.3961906,33.3335572],[44.3963384,33.3334458],[44.3963912,33.3333992],[44.3964087,33.3333581],[44.3966589,33.3331696],[44.3966884,33.3331683],[44.3967273,33.3331948],[44.3968269,33.3332871],[44.3970212,33.3334194],[44.3970917,33.3334848],[44.3971197,33.3334916],[44.3971612,33.3335301],[44.3971808,33.3335292],[44.3972114,33.333548]]}},{"type":"Feature","properties":{"type":"centerline","kind":"street","width_m":11.5,"length_m":19,"name":"شارع النهر"},"geometry":{"type":"LineString","coordinates":[[44.3956486,33.3348225],[44.3956744,33.3347891],[44.3956915,33.3347762],[44.3957111,33.3347753],[44.3957908,33.3347154]]}},{"type":"Feature","properties":{"type":"centerline","kind":"alley","width_m":7.1,"length_m":94,"name":null},"geometry":{"type":"LineString","coordinates":[[44.3963587,33.3353469],[44.3962617,33.3352666],[44.3961809,33.3352299],[44.3959632,33.3350663],[44.3959088,33.3350446],[44.3958523,33.3349826],[44.3957274,33.3348955],[44.3956486,33.3348225]]}},{"type":"Feature","properties":{"type":"centerline","kind":"street","width_m":11.2,"length_m":69,"name":"شارع الرشيد"},"geometry":{"type":"LineString","coordinates":[[44.3963587,33.3353469],[44.3964657,33.3352454],[44.3964687,33.3352292],[44.396523,33.3351744],[44.3965519,33.3351247],[44.3966103,33.3350738],[44.3966206,33.3350451],[44.3966491,33.3350237],[44.3966578,33.3350031],[44.3967064,33.3349526],[44.3967095,33.3349364],[44.396741,33.3348987],[44.3967399,33.3348786]]}},{"type":"Feature","properties":{"type":"centerline","kind":"street","width_m":11.5,"length_m":34,"name":"شارع النهر"},"geometry":{"type":"LineString","coordinates":[[44.3958833,33.3346387],[44.3959769,33.3345822],[44.3959898,33.3345655],[44.3959991,33.3345167],[44.3961143,33.3344229]]}},{"type":"Feature","properties":{"type":"centerline","kind":"street","width_m":8.1,"length_m":104,"name":"شارع النهر"},"geometry":{"type":"LineString","coordinates":[[44.3961143,33.3344229],[44.3961655,33.3343844],[44.3961992,33.3343869],[44.3963941,33.3342332],[44.3966469,33.3340567],[44.3967281,33.3339886],[44.3967596,33.3339509],[44.3969287,33.3338305]]}},{"type":"Feature","properties":{"type":"centerline","kind":"street","width_m":8.6,"length_m":86,"name":null},"geometry":{"type":"LineString","coordinates":[[44.3967399,33.3348786],[44.3966866,33.3348769],[44.396656,33.3348582],[44.3965717,33.3348659],[44.3961569,33.3344815],[44.3961475,33.3344537],[44.3961143,33.3344229]]}},{"type":"Feature","properties":{"type":"centerline","kind":"street","width_m":11.8,"length_m":117,"name":"شارع الرشيد"},"geometry":{"type":"LineString","coordinates":[[44.3967399,33.3348786],[44.3968454,33.3347852],[44.3968614,33.3347523],[44.3969255,33.3346971],[44.3969544,33.3346474],[44.39705,33.3345545],[44.397066,33.3345215],[44.3971187,33.3344749],[44.3971662,33.3344043],[44.3971947,33.3343828],[44.3972107,33.3343499],[44.3972577,33.3343075],[44.3973295,33.3342116],[44.3973807,33.3341731],[44.3973838,33.3341568],[44.3974437,33.3340977]]}},{"type":"Feature","properties":{"type":"centerline","kind":"street","width_m":9.2,"length_m":43,"name":"شارع النهر"},"geometry":{"type":"LineString","coordinates":[[44.3969287,33.3338305],[44.3969333,33.3338062],[44.3969618,33.3337847],[44.3969762,33.3337599],[44.3970445,33.3337085],[44.3970646,33.3336794],[44.3971215,33.3336366],[44.3971359,33.3336118],[44.3972114,33.333548]]}},{"type":"Feature","properties":{"type":"centerline","kind":"alley","width_m":4.3,"length_m":65,"name":null},"geometry":{"type":"LineString","coordinates":[[44.3974437,33.3340977],[44.3973847,33.3341004],[44.3973168,33.334047],[44.3972137,33.3339992],[44.3971665,33.333965],[44.3971329,33.3339625],[44.3970956,33.3339279],[44.3970536,33.3339177],[44.3970121,33.3338792],[44.3969287,33.3338305]]}},{"type":"Feature","properties":{"type":"centerline","kind":"street","width_m":15.6,"length_m":4,"name":null},"geometry":{"type":"LineString","coordinates":[[44.3974437,33.3340977],[44.3974778,33.334072]]}},{"type":"Feature","properties":{"type":"centerline","kind":"street","width_m":9.2,"length_m":37,"name":"شارع الرشيد"},"geometry":{"type":"LineString","coordinates":[[44.3974778,33.334072],[44.3974814,33.3340275],[44.3976422,33.3338995],[44.3976954,33.3338246]]}},{"type":"Feature","properties":{"type":"centerline","kind":"street","width_m":8.5,"length_m":171,"name":null},"geometry":{"type":"LineString","coordinates":[[44.3987624,33.3348328],[44.3986419,33.3349026],[44.3985798,33.3349215],[44.3984509,33.3349071],[44.3983981,33.3348772],[44.3983742,33.3348743],[44.3978252,33.3343749],[44.3976929,33.3342236],[44.3976753,33.3341881],[44.3976214,33.3341382],[44.397553,33.334113],[44.3975239,33.3340861],[44.3974778,33.334072]]}},{"type":"Feature","properties":{"type":"centerline","kind":"street","width_m":11.7,"length_m":11,"name":null},"geometry":{"type":"LineString","coordinates":[[44.3972114,33.333548],[44.3972709,33.3335171],[44.3973061,33.3335115]]}},{"type":"Feature","properties":{"type":"centerline","kind":"street","width_m":11.4,"length_m":88,"name":"جسر الاحرار"},"geometry":{"type":"LineString","coordinates":[[44.3973061,33.3335115],[44.3973122,33.333479],[44.397304,33.3334713],[44.397276,33.3334645],[44.3972138,33.3334068],[44.3971303,33.3333582],[44.3969795,33.3332279],[44.3968007,33.3330908],[44.3967727,33.333084],[44.396669,33.3329878]]}},{"type":"Feature","properties":{"type":"centerline","kind":"street","width_m":10.5,"length_m":52,"name":"شارع حافظ القاضي"},"geometry":{"type":"LineString","coordinates":[[44.3976954,33.3338246],[44.3975875,33.3337246],[44.3975596,33.3337178],[44.3973061,33.3335115]]}},{"type":"Feature","properties":{"type":"centerline","kind":"street","width_m":12.8,"length_m":155,"name":"شارع حافظ القاضي"},"geometry":{"type":"LineString","coordinates":[[44.3987624,33.3348328],[44.3987256,33.33477],[44.3983715,33.3344513],[44.3980329,33.3341279],[44.3978825,33.3339694],[44.3977249,33.3338233],[44.3976954,33.3338246]]}},{"type":"Feature","properties":{"type":"centerline","kind":"street","width_m":12.8,"length_m":50,"name":"شارع حافظ القاضي"},"geometry":{"type":"LineString","coordinates":[[44.3991362,33.3351506],[44.3988251,33.3348622],[44.3987624,33.3348328]]}}]}