{"type": "FeatureCollection", "features": [{"type": "Feature", "properties": {"name": "شارع الشواكة", "highway": "primary"}, "geometry": {"type": "LineString", "coordinates": [[44.3871307, 33.3372684], [44.3869681, 33.3371174], [44.3866885, 33.3368578], [44.3865266, 33.3367114], [44.3859141, 33.3361089], [44.3852413, 33.3355008], [44.3851292, 33.335396], [44.3850636, 33.335335], [44.3849601, 33.3352332], [44.3848752, 33.3351372], [44.3848522, 33.3350818], [44.3848355, 33.3350281], [44.3848233, 33.334969], [44.3848175, 33.3349089]]}}, {"type": "Feature", "properties": {"name": "ساحة الملك فيصل الأول", "highway": "primary"}, "geometry": {"type": "LineString", "coordinates": [[44.3923613, 33.3301655], [44.392288, 33.330154], [44.3922221, 33.3301238], [44.3921706, 33.330078], [44.3921386, 33.3300212], [44.3921293, 33.3299589], [44.3921348, 33.3299309], [44.3921517, 33.329881], [44.3921952, 33.3298277], [44.3922568, 33.3297888], [44.39233, 33.3297683], [44.3924002, 33.3297675], [44.3924677, 33.3297837], [44.3925266, 33.3298155], [44.3925698, 33.3298575], [44.3925976, 33.3299078], [44.3926078, 33.3299625], [44.3925961, 33.3300275], [44.3925598, 33.3300859], [44.3925028, 33.3301312], [44.3924353, 33.3301577], [44.3923613, 33.3301655]]}}, {"type": "Feature", "properties": {"name": "شارع الشيخ معروف", "highway": "tertiary"}, "geometry": {"type": "LineString", "coordinates": [[44.385483, 33.3315301], [44.3852765, 33.3316299], [44.3847295, 33.3318858], [44.3842294, 33.3321201], [44.3839798, 33.3322444], [44.3837494, 33.3323592], [44.3837007, 33.3323835], [44.3833957, 33.3325305], [44.3832455, 33.3326028], [44.3831318, 33.3326552], [44.3829268, 33.3327497], [44.3828745, 33.3327758], [44.3826649, 33.3328805], [44.3825596, 33.332933], [44.3822593, 33.3330631], [44.3819812, 33.3331836], [44.3817857, 33.3332578], [44.3816314, 33.3332909], [44.3815574, 33.3333068], [44.3812252, 33.3333715], [44.3811119, 33.3333935], [44.3810273, 33.3334092], [44.3807877, 33.3334413], [44.3803503, 33.3335095], [44.3798552, 33.3335829], [44.3796869, 33.3336045], [44.3787693, 33.3337225], [44.3780344, 33.3338245], [44.3779884, 33.3338319], [44.3771819, 33.3339611]]}}, {"type": "Feature", "properties": {"name": "شارع المتحف", "highway": "primary"}, "geometry": {"type": "LineString", "coordinates": [[44.3855241, 33.3316465], [44.385483, 33.3315301], [44.385192, 33.3306551], [44.3850893, 33.3303566], [44.3847966, 33.3295414], [44.3846715, 33.3291706], [44.3845499, 33.3287965], [44.3844588, 33.3285164], [44.3843602, 33.3282129], [44.3842289, 33.327809], [44.3842014, 33.3277094], [44.3841875, 33.3276365], [44.3841803, 33.3275544]]}}, {"type": "Feature", "properties": {"name": "شارع المتحف", "highway": "secondary"}, "geometry": {"type": "LineString", "coordinates": [[44.3866215, 33.3337171], [44.3865721, 33.3336951], [44.3865444, 33.333664], [44.3864756, 33.3335161], [44.3862941, 33.3330528], [44.3860956, 33.3326332], [44.3859153, 33.3322404], [44.3856865, 33.331775]]}}, {"type": "Feature", "properties": {"name": "شارع الجمهورية", "highway": "primary"}, "geometry": {"type": "LineString", "coordinates": [[44.4001162, 33.3366207], [44.3998613, 33.3368156], [44.3995365, 33.337064], [44.3991267, 33.3373777], [44.3977798, 33.3384892], [44.3969051, 33.3392111], [44.3961832, 33.3397893], [44.3960281, 33.3399135], [44.3928496, 33.3424218], [44.3927643, 33.3425046], [44.3927153, 33.342553], [44.3926553, 33.3426231], [44.3926025, 33.3426971], [44.392563, 33.3427523], [44.3924838, 33.3428423], [44.3924073, 33.3428942], [44.3923438, 33.3429317], [44.3922778, 33.3429643], [44.3922074, 33.3429908], [44.3921122, 33.3430327], [44.3920212, 33.3430809], [44.3919351, 33.3431348], [44.3918543, 33.3431943], [44.391354, 33.3436068], [44.3907873, 33.3440543], [44.3902466, 33.3444813], [44.3896019, 33.3449903], [44.3891734, 33.3453287], [44.3881377, 33.3461464], [44.3876186, 33.3465562], [44.3869255, 33.3471119], [44.3866808, 33.3473053]]}}, {"type": "Feature", "properties": {"name": "شارع الزكية", "highway": "tertiary"}, "geometry": {"type": "LineString", "coordinates": [[44.3975529, 33.3445766], [44.3976001, 33.34461], [44.3976517, 33.3446384], [44.3977071, 33.3446614], [44.3977654, 33.3446787], [44.3978257, 33.3446901]]}}, {"type": "Feature", "properties": {"name": "شارع الزكية", "highway": "tertiary"}, "geometry": {"type": "LineString", "coordinates": [[44.3996948, 33.3470699], [44.3994208, 33.3467258], [44.399383, 33.3466822], [44.3992432, 33.3465209], [44.399192, 33.3464619], [44.3990707, 33.346322], [44.3987671, 33.3459718], [44.3985776, 33.3457531], [44.3981785, 33.3452927], [44.3981526, 33.3452629]]}}, {"type": "Feature", "properties": {"name": "شارع الخلفاء", "highway": "primary"}, "geometry": {"type": "LineString", "coordinates": [[44.3866197, 33.3472515], [44.3868685, 33.3470453], [44.3876395, 33.3464172], [44.3879427, 33.3461671], [44.3880652, 33.3460704], [44.388302, 33.3458833], [44.3895, 33.3449369], [44.3900705, 33.3444773], [44.3912536, 33.3435243], [44.3913269, 33.3434652], [44.3917774, 33.3431056], [44.3918766, 33.3430261], [44.3919702, 33.3429408], [44.3920429, 33.3428631], [44.3921087, 33.3427812], [44.3921461, 33.3427361], [44.3921574, 33.3427234], [44.3922103, 33.3426682], [44.392267, 33.3426158], [44.3923415, 33.3425556], [44.3924212, 33.3425002], [44.3925055, 33.3424499], [44.3925763, 33.3424225], [44.392645, 33.3423917], [44.3927351, 33.3423445], [44.3928205, 33.3422914], [44.3929006, 33.3422329], [44.3949168, 33.3405957], [44.3959487, 33.3397798], [44.3960565, 33.3396972], [44.3963957, 33.3394255], [44.3973127, 33.3386909], [44.397758, 33.3383279], [44.3997731, 33.3367317], [44.399958, 33.3365767], [44.400028, 33.3364841], [44.400146, 33.3363005], [44.4001738, 33.3362667], [44.4001948, 33.3362491]]}}, {"type": "Feature", "properties": {"name": "ساحة السباع", "highway": "tertiary"}, "geometry": {"type": "LineString", "coordinates": [[44.3979351, 33.3451161], [44.3978697, 33.3451281], [44.397781, 33.3451221], [44.3976998, 33.3450917], [44.3976354, 33.3450405], [44.3976048, 33.3449962], [44.3975872, 33.3449473], [44.3975837, 33.3448962], [44.3975944, 33.3448459], [44.3976286, 33.3447858], [44.3976829, 33.344737], [44.3977501, 33.3447046], [44.3978257, 33.3446901], [44.3979131, 33.3446966], [44.3979931, 33.3447267], [44.3980567, 33.3447772], [44.3980917, 33.3448299], [44.3981083, 33.3448885], [44.3981052, 33.3449487], [44.3980839, 33.3450037], [44.3980462, 33.3450521], [44.3979947, 33.3450907], [44.3979351, 33.3451161]]}}, {"type": "Feature", "properties": {"name": "شارع الملك غازي", "highway": "tertiary"}, "geometry": {"type": "LineString", "coordinates": [[44.3882688, 33.3487392], [44.3883212, 33.3486788], [44.3883831, 33.3486251], [44.3884535, 33.3485793], [44.3885308, 33.3485421], [44.3886136, 33.3485143], [44.3890205, 33.348392], [44.3891456, 33.3483477], [44.3895231, 33.3482143], [44.3896783, 33.3481395], [44.389689, 33.3481343], [44.3898481, 33.3480286], [44.3901187, 33.3478487], [44.3902738, 33.3477456], [44.3904095, 33.3476536], [44.3909357, 33.347297], [44.3910138, 33.3472472], [44.3910393, 33.3472309], [44.3916229, 33.346819], [44.3920333, 33.3465284], [44.3922287, 33.3463939], [44.3925653, 33.3461622], [44.3929326, 33.3459094], [44.3930981, 33.3457955], [44.3934325, 33.3455654], [44.3936701, 33.3454019], [44.3937685, 33.3453342], [44.3938638, 33.3452687], [44.3944419, 33.3448693], [44.395182, 33.3443749], [44.3954393, 33.3442027], [44.3954521, 33.3441941], [44.3959488, 33.3438616], [44.3962961, 33.3436291], [44.3966044, 33.3434275], [44.396662, 33.3433891], [44.3967545, 33.3433276], [44.3968479, 33.3432664], [44.3970051, 33.3431614], [44.3972477, 33.3430015], [44.3978228, 33.3426224], [44.3981937, 33.342378], [44.3990411, 33.3418195], [44.3992712, 33.3416591], [44.3995562, 33.3414607], [44.3996883, 33.3413685], [44.4001853, 33.3410288], [44.4004515, 33.3408469], [44.4004753, 33.3408313], [44.4010936, 33.3404263], [44.4014303, 33.340201], [44.4018534, 33.3399179], [44.4020275, 33.3398056], [44.4024744, 33.3395171], [44.4024933, 33.339505], [44.4028928, 33.3392336], [44.4031271, 33.3390745]]}}, {"type": "Feature", "properties": {"name": "شارع الهادي", "highway": "tertiary"}, "geometry": {"type": "LineString", "coordinates": [[44.4005375, 33.3364261], [44.4005411, 33.3364841], [44.4005461, 33.3365178], [44.4005567, 33.3365496], [44.4005689, 33.3365734], [44.4009154, 33.3369251], [44.4011519, 33.3371476], [44.4017157, 33.3377107], [44.4019448, 33.3379395], [44.4021435, 33.3381271], [44.4022051, 33.3381869], [44.4025068, 33.3384783], [44.4025454, 33.3385102], [44.4028229, 33.3388033], [44.4031271, 33.3390745], [44.4034119, 33.3393396], [44.4034513, 33.3393846], [44.4036963, 33.3396139], [44.4040058, 33.3399079], [44.4045441, 33.3404164], [44.4052941, 33.3411262], [44.4058066, 33.3416036]]}}, {"type": "Feature", "properties": {"name": "شارع المأمون", "highway": "unclassified"}, "geometry": {"type": "LineString", "coordinates": [[44.3944419, 33.3448693], [44.3942901, 33.3447119], [44.3938926, 33.3442745], [44.3937115, 33.3440863], [44.3932679, 33.3436231], [44.3929386, 33.3432792], [44.3926832, 33.3430338], [44.3924838, 33.3428423]]}}, {"type": "Feature", "properties": {"name": "جسر الاحرار", "highway": "primary"}, "geometry": {"type": "LineString", "coordinates": [[44.3936885, 33.3308396], [44.3944836, 33.3314515], [44.3966434, 33.3330582], [44.3971732, 33.3334418]]}}, {"type": "Feature", "properties": {"name": "شارع جمال عبد الناصر", "highway": "primary"}, "geometry": {"type": "LineString", "coordinates": [[44.3926078, 33.3299625], [44.392695, 33.3301016], [44.3927858, 33.3302049], [44.3929114, 33.3303139]]}}, {"type": "Feature", "properties": {"name": "جسر السنك", "highway": "secondary"}, "geometry": {"type": "LineString", "coordinates": [[44.4031734, 33.3306409], [44.4029603, 33.3304488], [44.4027274, 33.3302539], [44.4015696, 33.3293831], [44.4006095, 33.328661], [44.3991699, 33.3275783], [44.3990424, 33.3274843], [44.3979329, 33.3266908], [44.3974517, 33.3263472]]}}, {"type": "Feature", "properties": {"name": "نفق باب المعظم", "highway": "primary"}, "geometry": {"type": "LineString", "coordinates": [[44.3832205, 33.3474051], [44.3826332, 33.3470756]]}}, {"type": "Feature", "properties": {"name": "جسر باب المعظم", "highway": "primary"}, "geometry": {"type": "LineString", "coordinates": [[44.3785113, 33.3395211], [44.3789318, 33.3411568], [44.379007, 33.3414274], [44.379398, 33.3428344], [44.3796304, 33.3436282], [44.3796928, 33.343822], [44.3798599, 33.3443414], [44.3799397, 33.3445403], [44.3800396, 33.3447128], [44.3801737, 33.3449481], [44.3806081, 33.3455635], [44.3808402, 33.3458118], [44.3810882, 33.3460497], [44.3812264, 33.3461658], [44.3812653, 33.3461936]]}}, {"type": "Feature", "properties": {"name": "شارع 22", "highway": "primary"}, "geometry": {"type": "LineString", "coordinates": [[44.3846414, 33.348931], [44.384569, 33.3488223], [44.3845146, 33.3487422], [44.3844504, 33.3486534], [44.3843591, 33.3485363], [44.3841976, 33.3484064], [44.3840675, 33.3482846], [44.38356, 33.3477624], [44.3834502, 33.3476721], [44.3833613, 33.3476152], [44.3829764, 33.3473915]]}}, {"type": "Feature", "properties": {"name": "ساحة الشهداء", "highway": "tertiary"}, "geometry": {"type": "LineString", "coordinates": [[44.3863781, 33.337333], [44.3863135, 33.3373093], [44.3862618, 33.3372693], [44.3862288, 33.3372173], [44.386218, 33.3371591], [44.3862308, 33.3371012], [44.3862657, 33.33705], [44.3863068, 33.3370179], [44.3863548, 33.336995], [44.3864365, 33.3369853], [44.3865153, 33.3370005], [44.3865815, 33.3370393], [44.3866254, 33.337096], [44.3866406, 33.3371624], [44.3866248, 33.3372286], [44.3865845, 33.3372815], [44.3865247, 33.3373192], [44.3864529, 33.3373371], [44.3863781, 33.337333]]}}, {"type": "Feature", "properties": {"name": "شارع المأمون", "highway": "primary"}, "geometry": {"type": "LineString", "coordinates": [[44.392267, 33.3426158], [44.392196, 33.3425382], [44.3917728, 33.3420755], [44.3916253, 33.3419142], [44.3914666, 33.3417407], [44.3913611, 33.341625], [44.3912293, 33.3414813], [44.39117, 33.3414165]]}}, {"type": "Feature", "properties": {"name": "جسر الشهداء", "highway": "primary"}, "geometry": {"type": "LineString", "coordinates": [[44.3891616, 33.3392112], [44.3871307, 33.3372684]]}}, {"type": "Feature", "properties": {"name": "شارع المتنبي", "highway": "pedestrian"}, "geometry": {"type": "LineString", "coordinates": [[44.389838, 33.3417903], [44.3898435, 33.3417943], [44.3898494, 33.3417987]]}}, {"type": "Feature", "properties": {"name": "شارع البولويخية", "highway": "residential"}, "geometry": {"type": "LineString", "coordinates": [[44.3859172, 33.3422357], [44.3864035, 33.3427013], [44.3864164, 33.3427146], [44.3864449, 33.34274], [44.3865108, 33.3427906], [44.3869404, 33.3431201], [44.3869706, 33.3431433], [44.387162, 33.3432584], [44.3872609, 33.3433147], [44.3873352, 33.3433594], [44.3875538, 33.3434936]]}}, {"type": "Feature", "properties": {"name": "شارع السراي", "highway": "residential"}, "geometry": {"type": "LineString", "coordinates": [[44.3845466, 33.3432853], [44.3846503, 33.3432216], [44.385045, 33.3429026], [44.385514, 33.3425236], [44.3859172, 33.3422357], [44.3859873, 33.3421798], [44.386029, 33.3421269], [44.3860457, 33.3420787], [44.3860477, 33.3420385], [44.3860377, 33.3419941], [44.3860159, 33.3419537], [44.3860127, 33.341913], [44.386024, 33.3418775], [44.386046, 33.3418476], [44.3861926, 33.3417371], [44.3863669, 33.3416385], [44.3866137, 33.3415646], [44.3866928, 33.3415377], [44.3867614, 33.3414986], [44.3874887, 33.3407252], [44.3877013, 33.3404787], [44.3877514, 33.3404274]]}}, {"type": "Feature", "properties": {"name": "114-35", "highway": "residential"}, "geometry": {"type": "LineString", "coordinates": [[44.3841724, 33.3424352], [44.3850915, 33.3420531], [44.385514, 33.3425236]]}}, {"type": "Feature", "properties": {"name": "110-55", "highway": "service"}, "geometry": {"type": "LineString", "coordinates": [[44.3897161, 33.3397776], [44.3901773, 33.3394328], [44.3902422, 33.3394067], [44.3902965, 33.339431], [44.3905147, 33.3396997], [44.3910737, 33.3403882], [44.3913895, 33.3406759]]}}, {"type": "Feature", "properties": {"name": "شارع حيفا", "highway": "secondary"}, "geometry": {"type": "LineString", "coordinates": [[44.3923613, 33.3301655], [44.3922649, 33.3302181], [44.3918659, 33.3305074], [44.3909132, 33.3311983], [44.3908408, 33.3312655], [44.3907848, 33.3313295], [44.3905381, 33.3316673], [44.3904128, 33.3318364], [44.3903502, 33.3319013], [44.3902997, 33.3319453], [44.3902009, 33.3320647], [44.3900835, 33.3321763], [44.3899368, 33.3323126], [44.3897265, 33.33245], [44.3895323, 33.3325389], [44.3894433, 33.3325796], [44.3884974, 33.3328886], [44.3869369, 33.3337102], [44.3866098, 33.3338848], [44.3864551, 33.3339673], [44.3855515, 33.3344732], [44.3850367, 33.3347734]]}}, {"type": "Feature", "properties": {"name": "214-40", "highway": "residential"}, "geometry": {"type": "LineString", "coordinates": [[44.381028, 33.3307725], [44.3812472, 33.3306495], [44.3815234, 33.3304945], [44.3817263, 33.3303807], [44.3820152, 33.3302186], [44.3830143, 33.3296581], [44.3845499, 33.3287965]]}}, {"type": "Feature", "properties": {"name": "214-36", "highway": "residential"}, "geometry": {"type": "LineString", "coordinates": [[44.3805988, 33.3302235], [44.3808627, 33.3300826], [44.3811295, 33.3299328], [44.38161, 33.3296677], [44.3826147, 33.3291237], [44.3843602, 33.3282129]]}}, {"type": "Feature", "properties": {"name": "214-34", "highway": "residential"}, "geometry": {"type": "LineString", "coordinates": [[44.3803896, 33.3299624], [44.3814075, 33.3294077], [44.382408, 33.3288665]]}}, {"type": "Feature", "properties": {"name": "214-32", "highway": "residential"}, "geometry": {"type": "LineString", "coordinates": [[44.3801858, 33.3297058], [44.381201, 33.3291444], [44.3822015, 33.3285987]]}}, {"type": "Feature", "properties": {"name": "214-30", "highway": "residential"}, "geometry": {"type": "LineString", "coordinates": [[44.3800235, 33.3295019], [44.3810213, 33.3289125]]}}, {"type": "Feature", "properties": {"name": "شارع محلة الذهب", "highway": "residential"}, "geometry": {"type": "LineString", "coordinates": [[44.3819812, 33.3331836], [44.3822262, 33.3334935], [44.3823425, 33.3336371], [44.3824068, 33.3337178], [44.3832111, 33.3345616], [44.3834625, 33.3348288]]}}, {"type": "Feature", "properties": {"name": "شارع 6", "highway": "tertiary"}, "geometry": {"type": "LineString", "coordinates": [[44.3762198, 33.3339847], [44.3762732, 33.3339825], [44.3763435, 33.3339693], [44.3764447, 33.3339452], [44.3766747, 33.3338903], [44.3768779, 33.3338365], [44.3770919, 33.3337609], [44.3772409, 33.3336826], [44.3785161, 33.3329945], [44.3788339, 33.3328197], [44.3798424, 33.3322426], [44.3801604, 33.332068], [44.3804507, 33.3319086], [44.3807383, 33.3317507], [44.3811348, 33.3315401], [44.381213, 33.3314986], [44.3814652, 33.3313552], [44.3816905, 33.3312263], [44.3819547, 33.3310829], [44.3822014, 33.3309406], [44.3824589, 33.3308005], [44.3827298, 33.3306594], [44.382994, 33.3305215], [44.383222, 33.3303938], [44.3834822, 33.3302436], [44.3847966, 33.3295414], [44.3848902, 33.3294917]]}}, {"type": "Feature", "properties": {"name": "شارع مستشفى الكرامه", "highway": "unclassified"}, "geometry": {"type": "LineString", "coordinates": [[44.3768616, 33.3309655], [44.3776036, 33.3305444], [44.3795554, 33.3294369], [44.379821, 33.3292811], [44.380344, 33.3289797], [44.3806699, 33.3287948], [44.3807691, 33.3287343], [44.3808431, 33.3286931], [44.3811406, 33.3285965], [44.3815456, 33.3284822], [44.3820097, 33.3283678]]}}, {"type": "Feature", "properties": {"name": "شارع الشواكة", "highway": "primary_link"}, "geometry": {"type": "LineString", "coordinates": [[44.3850636, 33.335335], [44.3849296, 33.33526], [44.3847808, 33.3352081], [44.3846228, 33.3351812], [44.3844616, 33.3351803], [44.3843063, 33.3352092]]}}, {"type": "Feature", "properties": {"name": "شارع حيفا", "highway": "secondary"}, "geometry": {"type": "LineString", "coordinates": [[44.3999538, 33.3215525], [44.3998352, 33.3217078], [44.3995984, 33.3220185], [44.398183, 33.3238788], [44.397656, 33.324588], [44.3971858, 33.3251402], [44.3968222, 33.3255687], [44.396662, 33.3257703], [44.3965615, 33.3258912], [44.3963763, 33.326098], [44.3962176, 33.3262786], [44.3961081, 33.3264044], [44.3960784, 33.3264366], [44.3956241, 33.3269295], [44.3953202, 33.3272174], [44.3952789, 33.3272565], [44.394295, 33.3281827], [44.3942723, 33.3282039], [44.3942534, 33.3282216], [44.3938529, 33.3286189], [44.3931655, 33.3292669], [44.3926483, 33.3297775], [44.3925976, 33.3299078]]}}, {"type": "Feature", "properties": {"name": "116-8", "highway": "unclassified"}, "geometry": {"type": "LineString", "coordinates": [[44.3775496, 33.3480847], [44.3775894, 33.3480636], [44.3776505, 33.3480462], [44.3781058, 33.3480201], [44.3784416, 33.3480008], [44.3791568, 33.3479597], [44.3796802, 33.3479348], [44.3800396, 33.347909], [44.3807873, 33.3478529]]}}, {"type": "Feature", "properties": {"name": "116-1", "highway": "unclassified"}, "geometry": {"type": "LineString", "coordinates": [[44.3802046, 33.3472515], [44.3807873, 33.3478529], [44.3814544, 33.3485148], [44.3815552, 33.3485847], [44.381929, 33.3487883], [44.3820474, 33.3488417]]}}, {"type": "Feature", "properties": {"name": "شارع الامام الاعظم ابو حنيفة النعمان", "highway": "secondary"}, "geometry": {"type": "LineString", "coordinates": [[44.3826176, 33.3478924], [44.3825126, 33.3481051], [44.3823871, 33.3484149], [44.3814943, 33.3500142], [44.380992, 33.3509178], [44.380776, 33.3512736], [44.3805689, 33.3516399], [44.3804679, 33.3518009]]}}, {"type": "Feature", "properties": {"name": "شارع الامام الاعظم ابو حنيفة النعمان", "highway": "secondary"}, "geometry": {"type": "LineString", "coordinates": [[44.3803833, 33.3517787], [44.3804651, 33.3516072], [44.380675, 33.3512176], [44.3810899, 33.3504645], [44.3813715, 33.3499961], [44.3820474, 33.3488417], [44.3821995, 33.3485534], [44.382293, 33.3483112], [44.3823759, 33.3480517], [44.3824778, 33.3478195]]}}, {"type": "Feature", "properties": {"name": "129-96", "highway": "service"}, "geometry": {"type": "LineString", "coordinates": [[44.393844, 33.3469182], [44.3937537, 33.3469288], [44.3935713, 33.3470094], [44.3935847, 33.3471192], [44.3935552, 33.3471864], [44.3934873, 33.3472621], [44.393287, 33.34735], [44.393097, 33.3474268], [44.3930376, 33.3474508], [44.3929127, 33.3474698], [44.3928081, 33.3475068], [44.3926996, 33.3475808], [44.3926174, 33.3476099], [44.3924651, 33.3478632]]}}, {"type": "Feature", "properties": {"name": "شارع الشيخ عمر", "highway": "tertiary"}, "geometry": {"type": "LineString", "coordinates": [[44.3930239, 33.3506431], [44.3936546, 33.3503862], [44.3941604, 33.3501802], [44.3944858, 33.3500475], [44.3946414, 33.3499824], [44.3949491, 33.3498535], [44.3951304, 33.3497777], [44.3952773, 33.3497162], [44.3958876, 33.3494607], [44.3961981, 33.349332], [44.396357, 33.3492658], [44.3964997, 33.3491908], [44.3971173, 33.3488443], [44.3975239, 33.3485887], [44.3980149, 33.3482801], [44.3984122, 33.3480333], [44.3989223, 33.3477163], [44.3997457, 33.3471972], [44.3998118, 33.3471582], [44.4002847, 33.3468741], [44.4007373, 33.3466021], [44.4012581, 33.346286], [44.4013496, 33.3462268], [44.4015908, 33.3460711], [44.401698, 33.3459813], [44.4018005, 33.3458877], [44.4019036, 33.3457846], [44.4020009, 33.3456777], [44.4021497, 33.3455218], [44.4025365, 33.3451126], [44.4026136, 33.345031], [44.4026809, 33.34496], [44.4036519, 33.3439149], [44.4040046, 33.3435352], [44.4042054, 33.3433191], [44.4046799, 33.3428084], [44.4051916, 33.3422881]]}}, {"type": "Feature", "properties": {"name": "115-19", "highway": "service"}, "geometry": {"type": "LineString", "coordinates": [[44.3987645, 33.3407089], [44.3988034, 33.3408583], [44.3988039, 33.3412648], [44.3988124, 33.3414122], [44.398851, 33.3415386], [44.3988879, 33.3416595], [44.3990411, 33.3418195]]}}, {"type": "Feature", "properties": {"name": "139-9", "highway": "unclassified"}, "geometry": {"type": "LineString", "coordinates": [[44.3998118, 33.3471582], [44.4005251, 33.3479014], [44.4005958, 33.3479751]]}}, {"type": "Feature", "properties": {"name": "111-5", "highway": "unclassified"}, "geometry": {"type": "LineString", "coordinates": [[44.4016027, 33.3354517], [44.4020551, 33.3356553], [44.4023108, 33.3357703], [44.4025151, 33.3358622], [44.4027361, 33.3359617], [44.4028973, 33.3360342], [44.4032296, 33.3361837], [44.4032847, 33.3362085], [44.4034392, 33.3362886], [44.4035599, 33.3363323], [44.4042091, 33.3367601]]}}, {"type": "Feature", "properties": {"name": "104-65", "highway": "residential"}, "geometry": {"type": "LineString", "coordinates": [[44.398742, 33.332924], [44.3990703, 33.3332189], [44.3990981, 33.3332438], [44.3992328, 33.3333647], [44.4002102, 33.3342485], [44.4005371, 33.3345441], [44.4012029, 33.335134], [44.4012358, 33.3351636], [44.4012494, 33.3351758], [44.4014817, 33.3353844]]}}, {"type": "Feature", "properties": {"name": "104-41", "highway": "unclassified"}, "geometry": {"type": "LineString", "coordinates": [[44.4011037, 33.3314769], [44.4014237, 33.3317123], [44.4020879, 33.3321903], [44.4021661, 33.3322493], [44.40236, 33.3323956], [44.4024549, 33.3324672], [44.4031029, 33.3329561], [44.4034384, 33.3332147], [44.4035772, 33.3333111], [44.4036664, 33.3333813], [44.4038507, 33.3335199]]}}, {"type": "Feature", "properties": {"name": "108-69", "highway": "residential"}, "geometry": {"type": "LineString", "coordinates": [[44.3945352, 33.3375508], [44.3948764, 33.3378945], [44.3949729, 33.3379917], [44.3952808, 33.3383018], [44.3952994, 33.3383205], [44.3956349, 33.3386585], [44.3957782, 33.3388029], [44.3961234, 33.3391505], [44.3963957, 33.3394255]]}}, {"type": "Feature", "properties": {"name": "شارع الرشيد", "highway": "secondary"}, "geometry": {"type": "LineString", "coordinates": [[44.3910419, 33.3410687], [44.3910913, 33.3410116], [44.3912417, 33.3408381], [44.3912695, 33.3408075], [44.3913895, 33.3406759], [44.3916244, 33.3404173], [44.3918756, 33.3401737], [44.3919429, 33.3401085], [44.3920802, 33.3399754], [44.392301, 33.3397571], [44.3929059, 33.3391383], [44.3930913, 33.3389531], [44.3931182, 33.3389279], [44.3936642, 33.3384085], [44.393849, 33.3382274], [44.3940272, 33.3380457], [44.3941568, 33.3379136], [44.3945086, 33.3375763], [44.3945352, 33.3375508], [44.3948603, 33.3372147], [44.3949981, 33.3370598], [44.3953163, 33.336693], [44.3954097, 33.3365775], [44.3956809, 33.3362426], [44.39571, 33.3362066], [44.3958058, 33.3360882], [44.3960549, 33.3357805], [44.3961332, 33.3356838], [44.3964274, 33.3353202], [44.3965288, 33.3351949], [44.3967337, 33.3349418], [44.3968442, 33.3348049], [44.397003, 33.3346082], [44.3971066, 33.3344712], [44.3972128, 33.3343307], [44.3973086, 33.3342074], [44.3973868, 33.3341228], [44.3974749, 33.3340404], [44.3977013, 33.3338421]]}}, {"type": "Feature", "properties": {"name": "104-47", "highway": "residential"}, "geometry": {"type": "LineString", "coordinates": [[44.3993906, 33.3354722], [44.4000795, 33.3349146], [44.4002741, 33.334757], [44.4005371, 33.3345441]]}}, {"type": "Feature", "properties": {"name": "30", "highway": "service"}, "geometry": {"type": "LineString", "coordinates": [[44.3974695, 33.339702], [44.3976751, 33.3397577], [44.3978528, 33.3398455], [44.397983, 33.3398957], [44.3980054, 33.3399043], [44.3985907, 33.340056], [44.3989662, 33.3402756], [44.3998258, 33.3407627], [44.3998784, 33.3407949], [44.4001853, 33.3410288]]}}, {"type": "Feature", "properties": {"name": "104-79", "highway": "service"}, "geometry": {"type": "LineString", "coordinates": [[44.3979339, 33.3336384], [44.398312, 33.3340023], [44.3984671, 33.3341486], [44.3986964, 33.3343647], [44.3988595, 33.3345299], [44.3988792, 33.334563], [44.3988909, 33.3345987], [44.3988943, 33.3346356], [44.3988891, 33.3346723], [44.3988756, 33.3347075], [44.3988452, 33.3347446], [44.3988092, 33.334778], [44.3987683, 33.3348072], [44.3987258, 33.3348346]]}}, {"type": "Feature", "properties": {"name": "شارع حافظ القاضي", "highway": "primary"}, "geometry": {"type": "LineString", "coordinates": [[44.3971732, 33.3334418], [44.3972642, 33.3335163], [44.3977013, 33.3338421], [44.3987258, 33.3348346], [44.3993191, 33.3354057], [44.3993906, 33.3354722], [44.3995417, 33.3356128], [44.3997046, 33.3357645], [44.3998584, 33.3359165], [44.4001948, 33.3362491]]}}, {"type": "Feature", "properties": {"name": "جسر باب المعظم", "highway": "primary"}, "geometry": {"type": "LineString", "coordinates": [[44.3812, 33.3462521], [44.3810859, 33.3461682], [44.3808013, 33.3459085], [44.3805223, 33.3456173], [44.3801146, 33.3449899], [44.3798234, 33.3444665], [44.3796578, 33.3440496], [44.3795957, 33.3438434], [44.3793235, 33.3429387], [44.3789162, 33.3414466], [44.378706, 33.3406763], [44.3784085, 33.3395372]]}}, {"type": "Feature", "properties": {"name": "115-9", "highway": "service"}, "geometry": {"type": "LineString", "coordinates": [[44.3951275, 33.3436481], [44.3950375, 33.3434269], [44.3950059, 33.343349], [44.3948457, 33.3429552], [44.3947669, 33.3427624], [44.3947333, 33.3426788], [44.3945933, 33.3423436], [44.3944934, 33.3421048], [44.3944146, 33.3419162], [44.3942576, 33.3416571]]}}, {"type": "Feature", "properties": {"name": "127-17", "highway": "service"}, "geometry": {"type": "LineString", "coordinates": [[44.3990411, 33.3418195], [44.3992205, 33.3420717], [44.3992995, 33.3421966], [44.3993147, 33.3422381], [44.3993595, 33.3423601], [44.3993972, 33.3425108], [44.399404, 33.3425351], [44.3994651, 33.3427542], [44.3995178, 33.3429426], [44.3996651, 33.3432578], [44.3996843, 33.3433048], [44.3997931, 33.343477], [44.399892, 33.3436418], [44.3999752, 33.3437699], [44.4003081, 33.3443248], [44.4005384, 33.3447086]]}}, {"type": "Feature", "properties": {"name": "شارع 22", "highway": "residential"}, "geometry": {"type": "LineString", "coordinates": [[44.4036519, 33.3439149], [44.4033275, 33.3436899], [44.4031131, 33.3435408], [44.4024553, 33.3430834], [44.4023639, 33.3429993], [44.4020382, 33.3426994], [44.4017251, 33.3424112], [44.4014017, 33.3421134], [44.401252, 33.3419987], [44.4011533, 33.3419485], [44.4010558, 33.3418884], [44.4009781, 33.3418314], [44.4009118, 33.3417749], [44.4008804, 33.3417451], [44.4008054, 33.341664], [44.4007485, 33.3415899], [44.400695, 33.3415059], [44.4006867, 33.3414899], [44.4006539, 33.3414261], [44.4003567, 33.3411741], [44.4001853, 33.3410288]]}}, {"type": "Feature", "properties": {"name": "127-45", "highway": "service"}, "geometry": {"type": "LineString", "coordinates": [[44.3985776, 33.3457531], [44.3988341, 33.3455876], [44.3991546, 33.3454376], [44.3993513, 33.3453491], [44.3996078, 33.3452435], [44.3997431, 33.3451878], [44.4004789, 33.3447419], [44.4005384, 33.3447086], [44.400647, 33.34465], [44.4007601, 33.34456], [44.4011034, 33.3441859], [44.4012577, 33.344037], [44.4013349, 33.3439918], [44.4013731, 33.3439694], [44.4015155, 33.3439144], [44.4016025, 33.3438959], [44.4016936, 33.3438765], [44.4018338, 33.3438066], [44.4019889, 33.3436529], [44.4021759, 33.3434676], [44.4021951, 33.3434486], [44.4022212, 33.3434145], [44.4023614, 33.3432313], [44.4024553, 33.3430834]]}}, {"type": "Feature", "properties": {"name": "115-17", "highway": "service"}, "geometry": {"type": "LineString", "coordinates": [[44.3928496, 33.3424218], [44.3931641, 33.3426622], [44.3934967, 33.3429311], [44.3939072, 33.3431358], [44.3940019, 33.3431826], [44.3941619, 33.3432627], [44.3943526, 33.3434102], [44.3947197, 33.3437175]]}}, {"type": "Feature", "properties": {"name": "113-57", "highway": "service"}, "geometry": {"type": "LineString", "coordinates": [[44.4010936, 33.3404263], [44.4009581, 33.3403703], [44.4008163, 33.3402811], [44.4006723, 33.3401857], [44.4004324, 33.3400017], [44.4003279, 33.3399265], [44.4001708, 33.3398134], [44.4001332, 33.3398179], [44.3999978, 33.3399143], [44.3999442, 33.3399221], [44.399695, 33.3397313]]}}, {"type": "Feature", "properties": {"name": "127-45", "highway": "service"}, "geometry": {"type": "LineString", "coordinates": [[44.3996078, 33.3452435], [44.3994585, 33.3447616], [44.3993595, 33.3444421], [44.3992982, 33.3441633], [44.3992796, 33.3440783], [44.3992951, 33.3439084], [44.3992688, 33.3437377], [44.399352, 33.3433769]]}}, {"type": "Feature", "properties": {"name": "129-17", "highway": "service"}, "geometry": {"type": "LineString", "coordinates": [[44.3989223, 33.3477163], [44.3984607, 33.3473073], [44.3981488, 33.3470309], [44.3979141, 33.3468137], [44.3977104, 33.3466528], [44.3976626, 33.3466227], [44.3973832, 33.3464467], [44.3973135, 33.3463974], [44.3971686, 33.3462831], [44.3971011, 33.3462051], [44.3969482, 33.3460527], [44.3968229, 33.3459549], [44.3965012, 33.3457195], [44.3963354, 33.3455407], [44.396225, 33.3454023], [44.3961945, 33.3453626]]}}, {"type": "Feature", "properties": {"name": "129-3", "highway": "service"}, "geometry": {"type": "LineString", "coordinates": [[44.3974395, 33.3462898], [44.3972411, 33.3460836], [44.3968709, 33.3457342], [44.3967779, 33.3456427], [44.3966902, 33.3455839], [44.3965468, 33.3455312], [44.3964181, 33.3453161], [44.3962733, 33.345083], [44.3961339, 33.3449351], [44.3959964, 33.344816], [44.395975, 33.3447976], [44.3959265, 33.3447522], [44.3957359, 33.3445739], [44.3955084, 33.344252]]}}, {"type": "Feature", "properties": {"name": "129-12", "highway": "service"}, "geometry": {"type": "LineString", "coordinates": [[44.395975, 33.3447976], [44.3958538, 33.3449194], [44.395659, 33.3450965], [44.395401, 33.3453311], [44.395283, 33.3454384], [44.3951567, 33.3455286], [44.394929, 33.3456625], [44.3948008, 33.3457102], [44.3946581, 33.3457633], [44.3942129, 33.3459425]]}}, {"type": "Feature", "properties": {"name": "108-59", "highway": "service"}, "geometry": {"type": "LineString", "coordinates": [[44.3935823, 33.3412555], [44.3932085, 33.3411042], [44.3930061, 33.3410209], [44.3924421, 33.3407669], [44.3920344, 33.3406078], [44.3916244, 33.3404173]]}}, {"type": "Feature", "properties": {"name": "108-57", "highway": "service"}, "geometry": {"type": "LineString", "coordinates": [[44.3939419, 33.3408341], [44.3937832, 33.3408341], [44.3936288, 33.3408061], [44.3933277, 33.3406993], [44.3919429, 33.3401085]]}}, {"type": "Feature", "properties": {"name": "108-55", "highway": "service"}, "geometry": {"type": "LineString", "coordinates": [[44.3936412, 33.3402356], [44.3934967, 33.340296], [44.392301, 33.3397571]]}}, {"type": "Feature", "properties": {"name": "129-65", "highway": "service"}, "geometry": {"type": "LineString", "coordinates": [[44.3937262, 33.3460881], [44.3939998, 33.346443], [44.3940722, 33.346537], [44.394259, 33.3467793], [44.394294, 33.3468438], [44.3943106, 33.3468975], [44.3943411, 33.3469669], [44.3944381, 33.3471278], [44.3945911, 33.3473071], [44.3947263, 33.3473694], [44.3950738, 33.3473788], [44.3953501, 33.3474146], [44.3957149, 33.3475715], [44.3957916, 33.3476532], [44.3960207, 33.3478971], [44.3961087, 33.3479908], [44.396321, 33.3481966], [44.3964686, 33.3482615], [44.3967363, 33.3483179], [44.3970238, 33.3483287], [44.3973023, 33.3482776], [44.3973291, 33.3482708], [44.3974985, 33.348228]]}}, {"type": "Feature", "properties": {"name": "113-51", "highway": "service"}, "geometry": {"type": "LineString", "coordinates": [[44.4018534, 33.3399179], [44.4017065, 33.339837], [44.4015255, 33.339754], [44.4012422, 33.3396395], [44.4011027, 33.3395319], [44.4007995, 33.3392841], [44.4005618, 33.339066]]}}, {"type": "Feature", "properties": {"name": "127-23", "highway": "service"}, "geometry": {"type": "LineString", "coordinates": [[44.3996843, 33.3433048], [44.3995722, 33.3433478], [44.3994719, 33.3433693], [44.399352, 33.3433769], [44.3990167, 33.343361], [44.3990098, 33.3433606], [44.3986085, 33.3433415], [44.3982066, 33.3433613], [44.3980318, 33.343328], [44.3977745, 33.3432521], [44.3973827, 33.3431365], [44.3972477, 33.3430015]]}}, {"type": "Feature", "properties": {"name": "108-53", "highway": "service"}, "geometry": {"type": "LineString", "coordinates": [[44.3940002, 33.3409143], [44.3939419, 33.3408341], [44.3937678, 33.3404877], [44.3936412, 33.3402356], [44.3934157, 33.3397871], [44.3930225, 33.3392229], [44.3929788, 33.3391911], [44.3929059, 33.3391383]]}}, {"type": "Feature", "properties": {"name": "129-47", "highway": "service"}, "geometry": {"type": "LineString", "coordinates": [[44.3980149, 33.3482801], [44.397665, 33.3480492], [44.3974208, 33.3479345], [44.3973147, 33.3477991], [44.3972088, 33.3476006], [44.3970721, 33.3474539], [44.3969955, 33.3473753], [44.396885, 33.3472818], [44.3968429, 33.3472462], [44.3967479, 33.3471595], [44.3967152, 33.347124], [44.3966483, 33.3470516], [44.39679, 33.3469176]]}}, {"type": "Feature", "properties": {"name": "115-38", "highway": "service"}, "geometry": {"type": "LineString", "coordinates": [[44.3937115, 33.3440863], [44.3938432, 33.3440766], [44.3941085, 33.343995], [44.3943765, 33.343908], [44.3945343, 33.3438227], [44.3947197, 33.3437175], [44.3948003, 33.3437012], [44.3951275, 33.3436481], [44.3951724, 33.3436334], [44.3953742, 33.3435674], [44.3958034, 33.3433254], [44.396109, 33.3430374], [44.3962218, 33.3429311], [44.3963822, 33.3427301], [44.3964883, 33.3426113], [44.396741, 33.3424123], [44.3967499, 33.3424053], [44.3973483, 33.3419093], [44.3974026, 33.3418758], [44.3975288, 33.3417978], [44.3977824, 33.3415741], [44.3978196, 33.3415442], [44.398036, 33.3413702], [44.3980734, 33.3413317], [44.3981586, 33.341177], [44.3982812, 33.3409894], [44.3983951, 33.3408855], [44.3986787, 33.3407437], [44.3987316, 33.3407272], [44.3987645, 33.3407089], [44.3988478, 33.3405381], [44.3989662, 33.3402756]]}}, {"type": "Feature", "properties": {"name": "113-35", "highway": "service"}, "geometry": {"type": "LineString", "coordinates": [[44.402448, 33.3388637], [44.4022724, 33.339], [44.4021893, 33.3389642], [44.4020772, 33.338901], [44.4018813, 33.338826], [44.4017091, 33.3387793], [44.4015455, 33.3387512], [44.4013041, 33.3387008], [44.4011573, 33.3386097]]}}, {"type": "Feature", "properties": {"name": "104-61", "highway": "service"}, "geometry": {"type": "LineString", "coordinates": [[44.4020949, 33.3345079], [44.4016848, 33.3342109], [44.4015651, 33.3341526], [44.4014348, 33.334089], [44.4012956, 33.3340212], [44.401082, 33.3339177], [44.4009783, 33.3338672], [44.4007867, 33.3337755], [44.4006676, 33.3337101], [44.4003358, 33.3335346]]}}, {"type": "Feature", "properties": {"name": "104-45", "highway": "service"}, "geometry": {"type": "LineString", "coordinates": [[44.4031824, 33.3336508], [44.403023, 33.333614], [44.4027977, 33.3334975], [44.4025201, 33.3334151], [44.4023782, 33.3333453], [44.4020806, 33.3332192], [44.4019971, 33.3331843], [44.4018603, 33.333084], [44.4017691, 33.3329845], [44.4016635, 33.3329304], [44.4013835, 33.3328224], [44.4013372, 33.3328174], [44.4012187, 33.3327327], [44.4010382, 33.3325843], [44.4007691, 33.3324071], [44.4006351, 33.3323083]]}}, {"type": "Feature", "properties": {"name": "104-38", "highway": "service"}, "geometry": {"type": "LineString", "coordinates": [[44.3997695, 33.3334454], [44.3998718, 33.3333334], [44.4000193, 33.3332062], [44.4000797, 33.3331861], [44.4002357, 33.3331642], [44.4003495, 33.3330571], [44.4004465, 33.3329081], [44.4004703, 33.3328538], [44.4005672, 33.3326438], [44.4007691, 33.3324071]]}}, {"type": "Feature", "properties": {"name": "104-54", "highway": "service"}, "geometry": {"type": "LineString", "coordinates": [[44.4016848, 33.3342109], [44.4018647, 33.3340488], [44.4022204, 33.3337877], [44.4023931, 33.3336141], [44.4025201, 33.3334151]]}}, {"type": "Feature", "properties": {"name": "104-53", "highway": "service"}, "geometry": {"type": "LineString", "coordinates": [[44.4002357, 33.3331642], [44.4003906, 33.333216], [44.4006396, 33.3332936], [44.4006557, 33.3332448], [44.4007548, 33.3332563], [44.4010979, 33.3332959], [44.401331, 33.3333334], [44.4013516, 33.3333342], [44.4015054, 33.3333401], [44.4015259, 33.3333437], [44.4016099, 33.3333586], [44.4017105, 33.3333872], [44.4018768, 33.3335222], [44.4022204, 33.3337877], [44.4023703, 33.3339614]]}}, {"type": "Feature", "properties": {"name": "104-63", "highway": "service"}, "geometry": {"type": "LineString", "coordinates": [[44.3990981, 33.3332438], [44.399609, 33.3334348], [44.3996928, 33.3334466], [44.3997695, 33.3334454], [44.3999805, 33.3335822], [44.4001887, 33.3337368], [44.4004279, 33.3339641], [44.4009454, 33.3342431], [44.4011262, 33.3343444], [44.401321, 33.3344381], [44.4014168, 33.3345188], [44.4016993, 33.334757], [44.4017259, 33.334781]]}}, {"type": "Feature", "properties": {"name": "108-50", "highway": "service"}, "geometry": {"type": "LineString", "coordinates": [[44.3971658, 33.3382909], [44.3975628, 33.3379663], [44.3976994, 33.3378546], [44.3977999, 33.3377733], [44.397922, 33.3377371], [44.3979732, 33.3377117], [44.3980555, 33.3376476], [44.3984834, 33.3373148], [44.3990299, 33.3368897]]}}, {"type": "Feature", "properties": {"name": "108-33", "highway": "service"}, "geometry": {"type": "LineString", "coordinates": [[44.3958058, 33.3360882], [44.3961785, 33.3362884], [44.3964462, 33.3364847], [44.3967627, 33.3366258], [44.3973385, 33.3368564]]}}, {"type": "Feature", "properties": {"name": "108-31", "highway": "service"}, "geometry": {"type": "LineString", "coordinates": [[44.3972879, 33.3369777], [44.3974976, 33.3370964], [44.3976659, 33.3372524], [44.3977091, 33.3372925], [44.3977864, 33.3374102], [44.3979333, 33.3375426], [44.3978553, 33.3376402], [44.3978227, 33.3377035], [44.3977999, 33.3377733]]}}, {"type": "Feature", "properties": {"name": "108-40", "highway": "service"}, "geometry": {"type": "LineString", "coordinates": [[44.3948764, 33.3378945], [44.3949347, 33.3378611], [44.3956737, 33.3374706]]}}, {"type": "Feature", "properties": {"name": "110-17", "highway": "service"}, "geometry": {"type": "LineString", "coordinates": [[44.3949981, 33.3370598], [44.3946804, 33.3368487], [44.3947273, 33.3367771], [44.3947247, 33.3367267], [44.3946746, 33.3365727], [44.394723, 33.3364635], [44.394663, 33.336227], [44.3946183, 33.3359727], [44.3946013, 33.3358853], [44.3945812, 33.3358516], [44.3945258, 33.3358259]]}}, {"type": "Feature", "properties": {"name": "108-16", "highway": "service"}, "geometry": {"type": "LineString", "coordinates": [[44.3980958, 33.3364465], [44.3982035, 33.3363659], [44.3983506, 33.3362325], [44.3985254, 33.3361732], [44.3987265, 33.3361418], [44.3990377, 33.3360903], [44.3992759, 33.3360185], [44.3994038, 33.3359738], [44.3995171, 33.3359121], [44.3997046, 33.3357645]]}}, {"type": "Feature", "properties": {"name": "108-18", "highway": "service"}, "geometry": {"type": "LineString", "coordinates": [[44.3977091, 33.3372925], [44.3978199, 33.3373026], [44.3979349, 33.3373317], [44.3982667, 33.3370774], [44.3985169, 33.3368857], [44.3985832, 33.3368594], [44.3990683, 33.336667], [44.3993535, 33.3365066], [44.3996932, 33.3362767], [44.3997204, 33.3362355], [44.3997383, 33.336187], [44.3997435, 33.3361454], [44.3997597, 33.3360311], [44.3998584, 33.3359165]]}}, {"type": "Feature", "properties": {"name": "108-65", "highway": "service"}, "geometry": {"type": "LineString", "coordinates": [[44.392645, 33.3423917], [44.3924299, 33.3421696], [44.3921412, 33.3418715], [44.3920366, 33.341811], [44.3918869, 33.3417595], [44.3917287, 33.3417224], [44.3914666, 33.3417407]]}}, {"type": "Feature", "properties": {"name": "108-63", "highway": "service"}, "geometry": {"type": "LineString", "coordinates": [[44.3927496, 33.3419211], [44.3918174, 33.341552], [44.3913181, 33.3413493], [44.3913084, 33.3413453], [44.3912363, 33.341316]]}}, {"type": "Feature", "properties": {"name": "108-61", "highway": "service"}, "geometry": {"type": "LineString", "coordinates": [[44.3912417, 33.3408381], [44.3921176, 33.3411478], [44.3929084, 33.3414726]]}}, {"type": "Feature", "properties": {"name": "سوق الصفافير", "highway": "service"}, "geometry": {"type": "LineString", "coordinates": [[44.3909729, 33.3385696], [44.3910496, 33.3386694], [44.3911251, 33.3387692], [44.3911891, 33.3388756], [44.3912083, 33.3389395], [44.3912137, 33.3390012], [44.3912105, 33.3390638], [44.3911944, 33.3391916], [44.391192, 33.3392658], [44.3913415, 33.339403], [44.3914054, 33.3394616], [44.3914405, 33.3394906], [44.3914984, 33.3395385], [44.3916397, 33.3396554], [44.3917808, 33.3397652], [44.3918587, 33.3398258], [44.3920802, 33.3399754]]}}, {"type": "Feature", "properties": {"name": "114-14", "highway": "service"}, "geometry": {"type": "LineString", "coordinates": [[44.388651, 33.3406767], [44.3886021, 33.3407017], [44.3880687, 33.3409951], [44.3879615, 33.3410667], [44.3878683, 33.3411362], [44.3878573, 33.3411599], [44.3873215, 33.3414459], [44.3869649, 33.3417327], [44.387029, 33.3418164], [44.3870243, 33.3418317], [44.3870167, 33.3418419], [44.3869825, 33.3418739], [44.3867249, 33.3419949], [44.3863839, 33.3421575]]}}, {"type": "Feature", "properties": {"name": "114-34", "highway": "residential"}, "geometry": {"type": "LineString", "coordinates": [[44.3857428, 33.3432227], [44.3856619, 33.34335], [44.3853745, 33.3437638], [44.385071, 33.3440424]]}}, {"type": "Feature", "properties": {"name": "114-23", "highway": "residential"}, "geometry": {"type": "LineString", "coordinates": [[44.3856671, 33.3426235], [44.3856884, 33.3429564], [44.3856829, 33.3430121], [44.3856843, 33.3430748], [44.3856995, 33.3431124], [44.3857232, 33.3431779], [44.3857428, 33.3432227], [44.3859304, 33.3433338], [44.3864429, 33.3435825], [44.3866872, 33.3437019], [44.3868321, 33.3437879], [44.3868603, 33.3438178], [44.3868799, 33.3438627], [44.3868701, 33.3438892], [44.3867923, 33.3439268], [44.3865741, 33.3440325], [44.3865571, 33.3440508], [44.3865596, 33.3440753]]}}, {"type": "Feature", "properties": {"name": "114-11", "highway": "service"}, "geometry": {"type": "LineString", "coordinates": [[44.3874887, 33.3407252], [44.3876416, 33.3408537], [44.3876752, 33.3409221], [44.3878683, 33.3411362], [44.3879903, 33.3412963], [44.3881414, 33.3414234], [44.3881915, 33.3414537], [44.3882467, 33.3414822], [44.388297, 33.3415214], [44.3884225, 33.3416161], [44.3885364, 33.3417062], [44.3885583, 33.3416997], [44.388622, 33.3416761], [44.3886464, 33.3416636], [44.3886764, 33.3416458], [44.3889598, 33.3418204], [44.3890706, 33.3418945], [44.3891641, 33.3419878], [44.3894137, 33.3422674]]}}, {"type": "Feature", "properties": {"name": "112-13", "highway": "service"}, "geometry": {"type": "LineString", "coordinates": [[44.3894577, 33.3423037], [44.389876, 33.342774], [44.3899724, 33.342918], [44.3900368, 33.3430547], [44.3900818, 33.3431734], [44.3901046, 33.3432412], [44.3900824, 33.3432468]]}}, {"type": "Feature", "properties": {"name": "112-17", "highway": "service"}, "geometry": {"type": "LineString", "coordinates": [[44.3891332, 33.3431823], [44.3892441, 33.3431472], [44.38931, 33.3432299], [44.3893623, 33.3432765], [44.3894226, 33.3433224], [44.3895632, 33.3434325], [44.3898625, 33.3435537], [44.3899953, 33.3436345], [44.3900151, 33.3436504]]}}, {"type": "Feature", "properties": {"name": "112-8", "highway": "service"}, "geometry": {"type": "LineString", "coordinates": [[44.3917728, 33.3420755], [44.3912546, 33.3421925], [44.3908766, 33.342357], [44.3905345, 33.3424328]]}}, {"type": "Feature", "properties": {"name": "ساحة معروف الرصافي", "highway": "primary"}, "geometry": {"type": "LineString", "coordinates": [[44.39117, 33.3414165], [44.3911457, 33.3414287], [44.3911191, 33.3414369], [44.3910915, 33.3414412], [44.3910633, 33.3414418], [44.3910354, 33.3414388], [44.3910079, 33.3414326], [44.3909814, 33.3414237], [44.390956, 33.3414122], [44.390932, 33.3413983], [44.3909095, 33.3413823], [44.3908888, 33.3413646], [44.3908701, 33.3413452], [44.3908537, 33.3413244], [44.3908397, 33.3413026], [44.3908284, 33.3412799], [44.3908198, 33.3412565], [44.3908143, 33.3412328], [44.3908122, 33.341209], [44.3908135, 33.3411853], [44.3908186, 33.3411621], [44.3908276, 33.3411396], [44.3908411, 33.3411191], [44.3908585, 33.3411006], [44.3908799, 33.3410849], [44.3909041, 33.3410728], [44.3909307, 33.3410644], [44.3909583, 33.3410601], [44.3909865, 33.3410596], [44.3910144, 33.3410627], [44.3910419, 33.3410687], [44.3910683, 33.3410777], [44.3910937, 33.3410891], [44.3911178, 33.341103], [44.3911402, 33.3411188], [44.3911609, 33.3411367], [44.3911796, 33.3411562], [44.3911961, 33.3411769], [44.39121, 33.3411988], [44.3912214, 33.3412215], [44.39123, 33.3412448], [44.3912355, 33.3412686], [44.3912375, 33.3412924], [44.3912363, 33.341316], [44.3912311, 33.3413392], [44.391222, 33.3413615], [44.3912087, 33.3413822], [44.3911912, 33.3414008], [44.39117, 33.3414165]]}}, {"type": "Feature", "properties": {"name": "117-53", "highway": "service"}, "geometry": {"type": "LineString", "coordinates": [[44.3891734, 33.3453287], [44.3893718, 33.3454733], [44.3894238, 33.3455238], [44.3895098, 33.3456374], [44.3896011, 33.3457649], [44.3896814, 33.3458721], [44.389804, 33.3460214], [44.3898338, 33.3460526], [44.3898734, 33.3460941], [44.3899407, 33.3461466], [44.3900034, 33.3461964], [44.3902131, 33.3464612], [44.3903124, 33.3466039]]}}, {"type": "Feature", "properties": {"name": "117-39", "highway": "service"}, "geometry": {"type": "LineString", "coordinates": [[44.3910393, 33.3472309], [44.3909858, 33.3470025], [44.3909316, 33.3468077], [44.3907821, 33.346457], [44.3907613, 33.3464126], [44.3907108, 33.3463045], [44.3906876, 33.3462629], [44.3906568, 33.3462077], [44.390629, 33.3461537], [44.3905726, 33.3460443], [44.390481, 33.3458667], [44.3904222, 33.3456597], [44.3904151, 33.3456345], [44.3903609, 33.3455073], [44.3903522, 33.3454813], [44.3903254, 33.3454505], [44.3902664, 33.3453827], [44.3902393, 33.3453316], [44.3902252, 33.3453051], [44.3901961, 33.3452504], [44.3901734, 33.3452076], [44.39006, 33.3450205]]}}, {"type": "Feature", "properties": {"name": "117-51", "highway": "service"}, "geometry": {"type": "LineString", "coordinates": [[44.3897945, 33.3452305], [44.3899488, 33.3453759], [44.3900619, 33.3455334], [44.3901767, 33.3457226], [44.3902785, 33.3459182], [44.3901046, 33.3460135], [44.3901528, 33.3461087], [44.3900034, 33.3461964]]}}, {"type": "Feature", "properties": {"name": "117-33", "highway": "service"}, "geometry": {"type": "LineString", "coordinates": [[44.3920333, 33.3465284], [44.3919776, 33.3463999], [44.3919627, 33.3463655], [44.3919359, 33.3463036], [44.3919317, 33.346281], [44.3919221, 33.3462297], [44.391917, 33.3462026], [44.3919108, 33.3461691], [44.3919026, 33.3461252], [44.3919803, 33.3460736], [44.391983, 33.3460638], [44.3919695, 33.3459185], [44.3919691, 33.3459098], [44.3919673, 33.3458661], [44.391967, 33.3457625], [44.391967, 33.3457485], [44.3919743, 33.3456351], [44.3919754, 33.3456181], [44.3919508, 33.3453827], [44.391907, 33.3452909], [44.3918742, 33.3452685], [44.3918462, 33.3452438], [44.3917233, 33.3448871], [44.3917086, 33.3448289], [44.3914265, 33.3448707], [44.3911998, 33.3449256], [44.391132, 33.3449777], [44.390953, 33.3450421], [44.3908985, 33.3450513], [44.390728, 33.3450837], [44.3905413, 33.3451216], [44.3905927, 33.3453122]]}}, {"type": "Feature", "properties": {"name": "117-25", "highway": "service"}, "geometry": {"type": "LineString", "coordinates": [[44.3930981, 33.3457955], [44.3930317, 33.3457088], [44.392992, 33.3456382], [44.392985, 33.3456205], [44.392974, 33.3455781], [44.3929465, 33.3454974], [44.3929342, 33.3454333], [44.3929264, 33.3453787], [44.392925, 33.3453323], [44.3929236, 33.3452849], [44.3929149, 33.3451467], [44.3929036, 33.3450524], [44.3928975, 33.3450075], [44.3928882, 33.3449746], [44.3928725, 33.3449189], [44.3928242, 33.3447896], [44.3928102, 33.3447417]]}}, {"type": "Feature", "properties": {"name": "117-21", "highway": "service"}, "geometry": {"type": "LineString", "coordinates": [[44.3931891, 33.3440948], [44.3931776, 33.3441978], [44.3931695, 33.3442747], [44.3931557, 33.3444193], [44.3931552, 33.3444752], [44.393155, 33.3444973], [44.3931549, 33.3445078], [44.3931739, 33.3445671], [44.393185, 33.3445882], [44.3932357, 33.3446325], [44.3933286, 33.3447137], [44.3934181, 33.3448037], [44.3934483, 33.3448724], [44.3935205, 33.3450079], [44.3935273, 33.3450206], [44.3936121, 33.3451281], [44.3937162, 33.3452652], [44.3937685, 33.3453342]]}}, {"type": "Feature", "properties": {"name": "شارع النهر", "highway": "service"}, "geometry": {"type": "LineString", "coordinates": [[44.3971276, 33.3335439], [44.3968674, 33.3338146], [44.3964959, 33.3341755], [44.396178, 33.3344211], [44.3959273, 33.3346147], [44.3957149, 33.3347869], [44.3948897, 33.3354562], [44.3945407, 33.3357431], [44.3945191, 33.3357694], [44.3945188, 33.3357979], [44.3945258, 33.3358259], [44.3938207, 33.3363073], [44.3936706, 33.3363962], [44.3932947, 33.33659], [44.3931556, 33.3366617], [44.3927166, 33.3368914], [44.3925308, 33.3370025], [44.3918289, 33.3374271], [44.3914995, 33.3376172]]}}, {"type": "Feature", "properties": {"name": "110-25", "highway": "service"}, "geometry": {"type": "LineString", "coordinates": [[44.3925308, 33.3370025], [44.3931162, 33.3377287], [44.3931853, 33.3378145], [44.3936065, 33.338337], [44.3936642, 33.3384085]]}}, {"type": "Feature", "properties": {"name": "110-45", "highway": "service"}, "geometry": {"type": "LineString", "coordinates": [[44.3938207, 33.3363073], [44.3936652, 33.3360701], [44.3934704, 33.3358338], [44.3932343, 33.3355738]]}}, {"type": "Feature", "properties": {"name": "110-10", "highway": "service"}, "geometry": {"type": "LineString", "coordinates": [[44.3934704, 33.3358338], [44.3944858, 33.3350967]]}}, {"type": "Feature", "properties": {"name": "110-5", "highway": "service"}, "geometry": {"type": "LineString", "coordinates": [[44.3957149, 33.3347869], [44.3961613, 33.3351209], [44.3964274, 33.3353202]]}}, {"type": "Feature", "properties": {"name": "110-3", "highway": "service"}, "geometry": {"type": "LineString", "coordinates": [[44.396178, 33.3344211], [44.3967337, 33.3349418]]}}, {"type": "Feature", "properties": {"name": "شارع المستنصر", "highway": "residential"}, "geometry": {"type": "LineString", "coordinates": [[44.3914887, 33.3368841], [44.3915914, 33.336807], [44.3932343, 33.3355738], [44.3942255, 33.334865], [44.3957075, 33.3338353], [44.3961552, 33.3335243], [44.3966378, 33.3331929], [44.3971276, 33.3335439]]}}, {"type": "Feature", "properties": {"name": "110-21", "highway": "service"}, "geometry": {"type": "LineString", "coordinates": [[44.3936706, 33.3363962], [44.3937939, 33.3365519], [44.3938672, 33.3366477], [44.393913, 33.3367076], [44.3940444, 33.3369453], [44.3941834, 33.3371061], [44.3945086, 33.3375763]]}}, {"type": "Feature", "properties": {"name": "110-54", "highway": "service"}, "geometry": {"type": "LineString", "coordinates": [[44.3906758, 33.3384158], [44.3903044, 33.3386123], [44.3899516, 33.3388258], [44.3894654, 33.3391441], [44.389326, 33.3392385], [44.3892445, 33.3392936]]}}, {"type": "Feature", "properties": {"name": "114-22", "highway": "service"}, "geometry": {"type": "LineString", "coordinates": [[44.387162, 33.3432584], [44.3877749, 33.342875], [44.3879178, 33.3427758], [44.3880171, 33.3426513], [44.3880396, 33.3426357], [44.3882433, 33.3425044], [44.38829, 33.3425536], [44.3884024, 33.3424705], [44.3884406, 33.3424209], [44.3886166, 33.3422352], [44.3886451, 33.342205], [44.3887796, 33.3421242], [44.3889153, 33.3420719], [44.3889746, 33.3421298], [44.3891641, 33.3419878]]}}, {"type": "Feature", "properties": {"name": "112-23", "highway": "service"}, "geometry": {"type": "LineString", "coordinates": [[44.3873505, 33.3436815], [44.38744, 33.3437702], [44.3877734, 33.3441336]]}}, {"type": "Feature", "properties": {"name": "دربونة راس الكنيسة", "highway": "residential"}, "geometry": {"type": "LineString", "coordinates": [[44.386916, 33.346313], [44.3868696, 33.3462819], [44.3866159, 33.3461116], [44.3864001, 33.345971], [44.3860733, 33.3457495], [44.385695, 33.3454929], [44.3856598, 33.3454691], [44.3849906, 33.3452081], [44.3849156, 33.3451101], [44.3849051, 33.3450948], [44.3847837, 33.3448244]]}}, {"type": "Feature", "properties": {"name": "112-43", "highway": "residential"}, "geometry": {"type": "LineString", "coordinates": [[44.3856598, 33.3454691], [44.3857144, 33.3452453], [44.3857778, 33.3449851], [44.3857395, 33.3447209], [44.3857349, 33.3446893], [44.3855751, 33.3443735]]}}, {"type": "Feature", "properties": {"name": "113-29", "highway": "service"}, "geometry": {"type": "LineString", "coordinates": [[44.3974695, 33.339702], [44.3973043, 33.3395583], [44.3969051, 33.3392111]]}}, {"type": "Feature", "properties": {"name": "115-29", "highway": "service"}, "geometry": {"type": "LineString", "coordinates": [[44.3977824, 33.3415741], [44.3975168, 33.3413719], [44.3971954, 33.341208], [44.3967663, 33.3411206]]}}, {"type": "Feature", "properties": {"name": "115-10", "highway": "service"}, "geometry": {"type": "LineString", "coordinates": [[44.3971632, 33.3400988], [44.3971045, 33.3402201], [44.3969728, 33.3405201], [44.396916, 33.3407534], [44.3967663, 33.3411206], [44.3965094, 33.3414687], [44.396351, 33.341646], [44.3962817, 33.3417349], [44.396385, 33.3418032], [44.3963018, 33.3419276], [44.3961543, 33.342183], [44.3960966, 33.3423421], [44.3964883, 33.3426113]]}}, {"type": "Feature", "properties": {"name": "115-36", "highway": "service"}, "geometry": {"type": "LineString", "coordinates": [[44.3978826, 33.3402009], [44.3980054, 33.3399043]]}}, {"type": "Feature", "properties": {"name": "129-59", "highway": "service"}, "geometry": {"type": "LineString", "coordinates": [[44.3947263, 33.3473694], [44.3948346, 33.3471125], [44.3949826, 33.3468948], [44.3950385, 33.3467338], [44.3949504, 33.3466707], [44.3948462, 33.3465694], [44.3948072, 33.3465315], [44.3946527, 33.3463906], [44.3946095, 33.3463417], [44.3944457, 33.3461558], [44.3943691, 33.3460856], [44.3942129, 33.3459425], [44.3941002, 33.3458686]]}}, {"type": "Feature", "properties": {"name": "129-32", "highway": "service"}, "geometry": {"type": "LineString", "coordinates": [[44.3971686, 33.3462831], [44.3969321, 33.3464291], [44.3967421, 33.3465632], [44.3966666, 33.3465815], [44.3965512, 33.346642], [44.3965191, 33.3466308], [44.3964256, 33.3466842], [44.3963211, 33.3466281], [44.3962038, 33.3467265], [44.3959062, 33.3468985], [44.395725, 33.3470131], [44.395696, 33.3470401]]}}, {"type": "Feature", "properties": {"name": "129-45", "highway": "service"}, "geometry": {"type": "LineString", "coordinates": [[44.3975239, 33.3485887], [44.3974985, 33.348228], [44.397665, 33.3480492], [44.3977775, 33.3478605], [44.3976944, 33.3475446], [44.3976161, 33.3473455], [44.3975973, 33.3472075], [44.3976268, 33.347108], [44.3976353, 33.3470494], [44.3975705, 33.3468324], [44.3975222, 33.3467159], [44.3974498, 33.3466106], [44.3973832, 33.3464467]]}}, {"type": "Feature", "properties": {"name": "129-34", "highway": "service"}, "geometry": {"type": "LineString", "coordinates": [[44.3973135, 33.3463974], [44.3974395, 33.3462898], [44.3976753, 33.3461845], [44.3977554, 33.3461487], [44.3982249, 33.345939]]}}, {"type": "Feature", "properties": {"name": "131-5", "highway": "service"}, "geometry": {"type": "LineString", "coordinates": [[44.3905595, 33.348505], [44.3907115, 33.3482452], [44.3907947, 33.3480923], [44.3908585, 33.347975], [44.3909834, 33.347707], [44.391073, 33.3473347]]}}, {"type": "Feature", "properties": {"name": "131-7", "highway": "service"}, "geometry": {"type": "LineString", "coordinates": [[44.3911724, 33.348705], [44.3912985, 33.348443], [44.3914287, 33.3481728], [44.3915583, 33.3479031], [44.3917096, 33.3475888]]}}, {"type": "Feature", "properties": {"name": "131-6", "highway": "service"}, "geometry": {"type": "LineString", "coordinates": [[44.3922153, 33.3484456], [44.3914287, 33.3481728], [44.3908585, 33.347975]]}}, {"type": "Feature", "properties": {"name": "119-3", "highway": "residential"}, "geometry": {"type": "LineString", "coordinates": [[44.3865452, 33.3478577], [44.3866704, 33.3478874], [44.3871411, 33.3479594], [44.387183, 33.3479897], [44.3872927, 33.347986], [44.3877734, 33.3478227], [44.3879257, 33.3477709], [44.3879606, 33.3477638], [44.388122, 33.3477309], [44.3882538, 33.3477197], [44.3883917, 33.3476969], [44.3884655, 33.3476608], [44.3885796, 33.3476049], [44.3887418, 33.3475042], [44.3889872, 33.3473519], [44.3891275, 33.3473618]]}}, {"type": "Feature", "properties": {"name": "119-22", "highway": "service"}, "geometry": {"type": "LineString", "coordinates": [[44.3898522, 33.3472481], [44.3898469, 33.3472604], [44.3898222, 33.3473903], [44.3898051, 33.3474452], [44.3897449, 33.3475663], [44.3897153, 33.3476196], [44.3896901, 33.3476694], [44.389663, 33.3477184], [44.3896301, 33.3477855], [44.389584, 33.3478792], [44.3895672, 33.3479143], [44.3895614, 33.3479676], [44.3895943, 33.3480174], [44.3896783, 33.3481395]]}}, {"type": "Feature", "properties": {"name": "سوق السراي", "highway": "footway"}, "geometry": {"type": "LineString", "coordinates": [[44.3880635, 33.3401196], [44.3884134, 33.3398242], [44.3885865, 33.3396965], [44.388813, 33.339558], [44.3890942, 33.3393926]]}}, {"type": "Feature", "properties": {"name": "108-51", "highway": "service"}, "geometry": {"type": "LineString", "coordinates": [[44.3953431, 33.3398521], [44.3950966, 33.3397786], [44.3941687, 33.3394347], [44.3939516, 33.3393542], [44.3935946, 33.3392219]]}}, {"type": "Feature", "properties": {"name": "216-3", "highway": "residential"}, "geometry": {"type": "LineString", "coordinates": [[44.3862941, 33.3330528], [44.3875395, 33.3326147], [44.3878391, 33.3324879], [44.388247, 33.3323269], [44.388276, 33.3322863]]}}, {"type": "Feature", "properties": {"name": "دربونة الجلبة", "highway": "service"}, "geometry": {"type": "LineString", "coordinates": [[44.3926723, 33.3314906], [44.3933211, 33.3322575]]}}, {"type": "Feature", "properties": {"name": "شارع الزبير", "highway": "residential"}, "geometry": {"type": "LineString", "coordinates": [[44.3943733, 33.330126], [44.3937274, 33.3307345]]}}, {"type": "Feature", "properties": {"name": "شارع ابن حازم", "highway": "residential"}, "geometry": {"type": "LineString", "coordinates": [[44.3859141, 33.3361089], [44.3856834, 33.3362181], [44.3853292, 33.3363703], [44.3849324, 33.3365408], [44.3846858, 33.3366308], [44.3841655, 33.336806], [44.3834675, 33.3368912], [44.3831914, 33.3369197], [44.3828138, 33.3369883], [44.382467, 33.3370223], [44.3822066, 33.3370826], [44.381849, 33.3371732], [44.3818161, 33.3371768], [44.3817916, 33.3371619], [44.3817456, 33.3371076], [44.3815373, 33.3368616]]}}, {"type": "Feature", "properties": {"name": "111-22", "highway": "service"}, "geometry": {"type": "LineString", "coordinates": [[44.4015146, 33.3363356], [44.4017077, 33.3362191], [44.4019115, 33.3361295], [44.4020176, 33.3360679], [44.4023108, 33.3357703]]}}, {"type": "Feature", "properties": {"name": "129-27", "highway": "service"}, "geometry": {"type": "LineString", "coordinates": [[44.395725, 33.3470703], [44.395696, 33.3470401], [44.3956366, 33.3469781], [44.3955615, 33.3468548], [44.395485, 33.346652], [44.3954274, 33.346586], [44.3953536, 33.3465199], [44.3952597, 33.3464728], [44.3951513, 33.3464172], [44.395029, 33.3464526], [44.3949097, 33.3464627], [44.3948072, 33.3465315]]}}, {"type": "Feature", "properties": {"name": "129-28", "highway": "service"}, "geometry": {"type": "LineString", "coordinates": [[44.3954274, 33.346586], [44.3956352, 33.3464638], [44.3958041, 33.3465086], [44.3959361, 33.346448], [44.3961101, 33.3463138], [44.3961999, 33.3462364], [44.3962311, 33.346216], [44.396385, 33.3461154], [44.3965203, 33.346037]]}}, {"type": "Feature", "properties": {"name": "129-31", "highway": "service"}, "geometry": {"type": "LineString", "coordinates": [[44.3959361, 33.346448], [44.3962038, 33.3467265], [44.3963997, 33.3469164], [44.3964466, 33.3470206], [44.3964842, 33.3470968]]}}, {"type": "Feature", "properties": {"name": "129-18", "highway": "service"}, "geometry": {"type": "LineString", "coordinates": [[44.3961945, 33.3453626], [44.3961287, 33.3453883], [44.3959034, 33.3455317], [44.395709, 33.3457121], [44.395544, 33.3459014], [44.3954966, 33.3459682], [44.3953991, 33.3461053], [44.3951513, 33.3464172]]}}, {"type": "Feature", "properties": {"name": "129-70", "highway": "service"}, "geometry": {"type": "LineString", "coordinates": [[44.3957149, 33.3475715], [44.395583, 33.3477668], [44.395477, 33.3479314], [44.3953811, 33.3481516]]}}, {"type": "Feature", "properties": {"name": "127-37", "highway": "service"}, "geometry": {"type": "LineString", "coordinates": [[44.3981785, 33.3452927], [44.3987124, 33.3449467], [44.3988436, 33.3448617], [44.3990336, 33.3447386], [44.399043, 33.3446164], [44.3989933, 33.3444472], [44.3988174, 33.3442188], [44.398591, 33.3440619], [44.3982859, 33.3439578], [44.3982631, 33.3439527], [44.3981208, 33.3439476], [44.3978927, 33.3439564], [44.3975113, 33.3440989], [44.397246, 33.3442426]]}}, {"type": "Feature", "properties": {"name": "127-81", "highway": "service"}, "geometry": {"type": "LineString", "coordinates": [[44.3990336, 33.3447386], [44.3991342, 33.3448181], [44.3993513, 33.3453491]]}}, {"type": "Feature", "properties": {"name": "129-1", "highway": "service"}, "geometry": {"type": "LineString", "coordinates": [[44.396148, 33.3438296], [44.3963568, 33.3439566], [44.3965498, 33.3440439], [44.3967489, 33.3442229], [44.3969503, 33.344404]]}}, {"type": "Feature", "properties": {"name": "127-42", "highway": "service"}, "geometry": {"type": "LineString", "coordinates": [[44.3977745, 33.3432521], [44.3978709, 33.3431578], [44.3980824, 33.343055], [44.398303, 33.3429479], [44.3983939, 33.3429046], [44.3985946, 33.3427622], [44.3986461, 33.3427432], [44.3986754, 33.3427432], [44.3987587, 33.3428754], [44.3988274, 33.3430081], [44.3988536, 33.3430589], [44.3990098, 33.3433606]]}}, {"type": "Feature", "properties": {"name": "127-19", "highway": "service"}, "geometry": {"type": "LineString", "coordinates": [[44.3985946, 33.3427622], [44.3984663, 33.3426065], [44.3983617, 33.3425371], [44.3981937, 33.342378]]}}, {"type": "Feature", "properties": {"name": "127-26", "highway": "service"}, "geometry": {"type": "LineString", "coordinates": [[44.3996651, 33.3432578], [44.3998504, 33.343132], [44.4000448, 33.3429897], [44.4004222, 33.3427482]]}}, {"type": "Feature", "properties": {"name": "127-8", "highway": "service"}, "geometry": {"type": "LineString", "coordinates": [[44.4009118, 33.3417749], [44.4006631, 33.3419366], [44.4005409, 33.3419948], [44.4003761, 33.3420508], [44.400204, 33.3421418], [44.400014, 33.3422615], [44.3999584, 33.3422875], [44.3997631, 33.3423791], [44.3993972, 33.3425108]]}}, {"type": "Feature", "properties": {"name": "113-26", "highway": "service"}, "geometry": {"type": "LineString", "coordinates": [[44.4014652, 33.3382981], [44.4007957, 33.3383524], [44.4005513, 33.3384748], [44.4004119, 33.3384843], [44.4000531, 33.3385281], [44.3997682, 33.3385111], [44.3995231, 33.3385203], [44.3994368, 33.3385233], [44.3993576, 33.3385499], [44.3990577, 33.3387199], [44.3988725, 33.3389014], [44.3984192, 33.3393456], [44.3982288, 33.3394579], [44.3982121, 33.3394677], [44.3979848, 33.3396252], [44.3978346, 33.3396252], [44.397756, 33.3396727], [44.3976751, 33.3397577]]}}, {"type": "Feature", "properties": {"name": "113-15", "highway": "service"}, "geometry": {"type": "LineString", "coordinates": [[44.3993737, 33.3375843], [44.3990469, 33.3381642], [44.3990469, 33.3385227], [44.3989933, 33.3386034], [44.3990577, 33.3387199]]}}, {"type": "Feature", "properties": {"name": "108-34", "highway": "service"}, "geometry": {"type": "LineString", "coordinates": [[44.39571, 33.3362066], [44.3959162, 33.3363383], [44.3959947, 33.336385], [44.3959728, 33.3364589], [44.3960612, 33.3365293], [44.3961383, 33.3366385], [44.396158, 33.3367209], [44.3961477, 33.3367871], [44.3960765, 33.3368678], [44.3960845, 33.336906], [44.3959531, 33.337027]]}}, {"type": "Feature", "properties": {"name": "108-19", "highway": "service"}, "geometry": {"type": "LineString", "coordinates": [[44.3983506, 33.3362325], [44.3982974, 33.3361631], [44.398253, 33.3361317], [44.397867, 33.3360415], [44.3977019, 33.3359637], [44.3976402, 33.3359211], [44.3975705, 33.3358774], [44.3974403, 33.3358124], [44.3973399, 33.3357614], [44.3972795, 33.3357306], [44.397262, 33.3356992], [44.3972379, 33.3356645], [44.3971413, 33.335595], [44.3970447, 33.3355256], [44.3969428, 33.3354382], [44.3967826, 33.3353368], [44.3965288, 33.3351949]]}}, {"type": "Feature", "properties": {"name": "108-47", "highway": "service"}, "geometry": {"type": "LineString", "coordinates": [[44.393849, 33.3382274], [44.3939845, 33.338405], [44.3940865, 33.3385387], [44.39415, 33.3386219], [44.3941855, 33.3386404], [44.3942039, 33.3386481], [44.3942365, 33.3386583], [44.3942793, 33.3387031], [44.394305, 33.3387408], [44.394313, 33.3387881], [44.3943007, 33.3388308], [44.3939516, 33.3393542]]}}, {"type": "Feature", "properties": {"name": "108-60", "highway": "service"}, "geometry": {"type": "LineString", "coordinates": [[44.3941687, 33.3394347], [44.3942257, 33.339344], [44.3943223, 33.3391961], [44.3944698, 33.3391266], [44.394612, 33.3390998], [44.3947569, 33.3390885], [44.3949434, 33.3392], [44.3952815, 33.3390849]]}}, {"type": "Feature", "properties": {"name": "108-64", "highway": "service"}, "geometry": {"type": "LineString", "coordinates": [[44.3934157, 33.3397871], [44.3935941, 33.3397311], [44.3944551, 33.3400532], [44.3945978, 33.3401117], [44.3948719, 33.3402207]]}}, {"type": "Feature", "properties": {"name": "115-22", "highway": "service"}, "geometry": {"type": "LineString", "coordinates": [[44.3947669, 33.3427624], [44.3945843, 33.3427884], [44.3944115, 33.342844], [44.3942551, 33.342927], [44.3941121, 33.3430434], [44.3940019, 33.3431826]]}}, {"type": "Feature", "properties": {"name": "شارع الرشيد", "highway": "secondary"}, "geometry": {"type": "LineString", "coordinates": [[44.3865708, 33.3441418], [44.385962, 33.3443392], [44.3855751, 33.3443735], [44.3854771, 33.3443842], [44.3853805, 33.3444016]]}}, {"type": "Feature", "properties": {"name": "114-39", "highway": "residential"}, "geometry": {"type": "LineString", "coordinates": [[44.3841724, 33.3424352], [44.3843485, 33.3429068], [44.3843862, 33.3429779], [44.3844266, 33.3430554], [44.3845466, 33.3432853], [44.384562, 33.3433192], [44.3846825, 33.3435622], [44.384817, 33.343766], [44.385071, 33.3440424], [44.3851906, 33.3441877]]}}, {"type": "Feature", "properties": {"name": "شارع الرشيد", "highway": "secondary"}, "geometry": {"type": "LineString", "coordinates": [[44.385136, 33.3445003], [44.3849576, 33.3446082], [44.3847837, 33.3448244], [44.3844287, 33.3454231], [44.3839828, 33.3460464], [44.3835735, 33.3466185], [44.3833901, 33.346856], [44.3831569, 33.3471579]]}}, {"type": "Feature", "properties": {"name": "نفق باب المعظم", "highway": "primary"}, "geometry": {"type": "LineString", "coordinates": [[44.3843591, 33.3485363], [44.3843001, 33.348453], [44.3842267, 33.3483547], [44.3839684, 33.3480723], [44.3837327, 33.3478011], [44.383636, 33.347698], [44.3835402, 33.3476194], [44.3834353, 33.3475408], [44.3833011, 33.3474503]]}}, {"type": "Feature", "properties": {"name": "شارع الرشيد", "highway": "secondary"}, "geometry": {"type": "LineString", "coordinates": [[44.3830023, 33.3470729], [44.3833866, 33.346659], [44.3835949, 33.3464346], [44.3840159, 33.3458517], [44.3844906, 33.3451277], [44.38499, 33.344366]]}}, {"type": "Feature", "properties": {"name": "127-66", "highway": "service"}, "geometry": {"type": "LineString", "coordinates": [[44.399192, 33.3464619], [44.3997211, 33.3461342], [44.4001285, 33.3458699], [44.4008351, 33.3454478]]}}, {"type": "Feature", "properties": {"name": "شارع المتحف", "highway": "primary"}, "geometry": {"type": "LineString", "coordinates": [[44.3848175, 33.3349089], [44.3848182, 33.3348297], [44.3848297, 33.3347526]]}}, {"type": "Feature", "properties": {"name": "شارع النصیر", "highway": "primary"}, "geometry": {"type": "LineString", "coordinates": [[44.3845267, 33.3269102], [44.3846045, 33.3270339], [44.3846791, 33.3271164], [44.3847288, 33.3271561], [44.3848179, 33.3271975], [44.3849011, 33.3272155], [44.3852202, 33.3272751], [44.3864742, 33.3275093], [44.3887429, 33.3279272], [44.3891197, 33.3280083], [44.3892414, 33.3280411], [44.3893601, 33.3280791], [44.3896106, 33.328189], [44.3898043, 33.3282911], [44.3900321, 33.3283766], [44.390161, 33.3284377], [44.3902856, 33.3285068], [44.3908865, 33.3288997], [44.3920329, 33.3296493], [44.3921717, 33.3297342], [44.392224, 33.3297513], [44.392275, 33.3297618], [44.39233, 33.3297683]]}}, {"type": "Feature", "properties": {"name": "مجسر حيفا", "highway": "primary_link"}, "geometry": {"type": "LineString", "coordinates": [[44.3898043, 33.3282911], [44.3902098, 33.3285493]]}}, {"type": "Feature", "properties": {"name": null, "highway": "unclassified"}, "geometry": {"type": "LineString", "coordinates": [[44.3912138, 33.3293657], [44.3911467, 33.3294345]]}}, {"type": "Feature", "properties": {"name": "127-34", "highway": "service"}, "geometry": {"type": "LineString", "coordinates": [[44.399892, 33.3436418], [44.4001272, 33.3434849], [44.4003194, 33.3433761]]}}, {"type": "Feature", "properties": {"name": "127-10", "highway": "service"}, "geometry": {"type": "LineString", "coordinates": [[44.400506, 33.3427947], [44.400722, 33.342617], [44.4009246, 33.342424], [44.4009641, 33.3424081], [44.4011299, 33.3423413], [44.4012067, 33.3422913], [44.4014017, 33.3421134]]}}, {"type": "Feature", "properties": {"name": "127-51", "highway": "service"}, "geometry": {"type": "LineString", "coordinates": [[44.4014481, 33.3432268], [44.4016671, 33.3434052], [44.4017593, 33.3434762], [44.4019889, 33.3436529]]}}, {"type": "Feature", "properties": {"name": "127-59", "highway": "service"}, "geometry": {"type": "LineString", "coordinates": [[44.4012577, 33.344037], [44.4008642, 33.3436709], [44.4007992, 33.3436137], [44.4007354, 33.3435402]]}}, {"type": "Feature", "properties": {"name": "125-11", "highway": "service"}, "geometry": {"type": "LineString", "coordinates": [[44.4014548, 33.3414054], [44.4015431, 33.3414861], [44.4017614, 33.341708], [44.4018107, 33.3417617], [44.4018593, 33.3418312], [44.4019693, 33.3420071], [44.4020553, 33.3421152], [44.4023615, 33.3423851]]}}, {"type": "Feature", "properties": {"name": "125-22", "highway": "service"}, "geometry": {"type": "LineString", "coordinates": [[44.4015431, 33.3414861], [44.4018153, 33.3412553], [44.4020324, 33.3410528]]}}, {"type": "Feature", "properties": {"name": "113-7", "highway": "service"}, "geometry": {"type": "LineString", "coordinates": [[44.401233, 33.338111], [44.4011647, 33.3380281], [44.4009381, 33.337881]]}}, {"type": "Feature", "properties": {"name": "110-7", "highway": "service"}, "geometry": {"type": "LineString", "coordinates": [[44.3948897, 33.3354562], [44.3951688, 33.3357045], [44.395123, 33.3357732]]}}, {"type": "Feature", "properties": {"name": "108-14", "highway": "service"}, "geometry": {"type": "LineString", "coordinates": [[44.3993191, 33.3354057], [44.399181, 33.335521], [44.3991608, 33.3355379], [44.399005, 33.3356946], [44.3987885, 33.3358429], [44.3987104, 33.3357564]]}}, {"type": "Feature", "properties": {"name": "108-22", "highway": "service"}, "geometry": {"type": "LineString", "coordinates": [[44.3973399, 33.3357614], [44.3974584, 33.3356325], [44.397705, 33.3353944], [44.3977971, 33.3353071]]}}, {"type": "Feature", "properties": {"name": "شارع مستشفى الكرامه", "highway": "unclassified"}, "geometry": {"type": "LineString", "coordinates": [[44.3820097, 33.3283678], [44.3842289, 33.327809]]}}, {"type": "Feature", "properties": {"name": "نفق باب المعظم", "highway": "primary"}, "geometry": {"type": "LineString", "coordinates": [[44.3826826, 33.3470183], [44.3832803, 33.3473392]]}}, {"type": "Feature", "properties": {"name": "شارع الرشيد", "highway": "secondary"}, "geometry": {"type": "LineString", "coordinates": [[44.3854685, 33.344267], [44.385542, 33.3443], [44.385625, 33.3443194], [44.3859443, 33.3442844], [44.3865596, 33.3440753], [44.3865932, 33.3440666], [44.3866138, 33.3440642], [44.3866339, 33.3440654], [44.3866472, 33.3440738], [44.3866525, 33.3440876], [44.3866513, 33.3440998], [44.3866398, 33.3441119], [44.3866131, 33.3441252], [44.3865708, 33.3441418]]}}, {"type": "Feature", "properties": {"name": "214-38", "highway": "residential"}, "geometry": {"type": "LineString", "coordinates": [[44.3818122, 33.3299428], [44.3828224, 33.3293898], [44.3844588, 33.3285164]]}}, {"type": "Feature", "properties": {"name": "شارع الجام", "highway": "residential"}, "geometry": {"type": "LineString", "coordinates": [[44.3801604, 33.332068], [44.3807423, 33.3327658], [44.3812252, 33.3333715]]}}, {"type": "Feature", "properties": {"name": "شارع المتحف", "highway": "primary"}, "geometry": {"type": "LineString", "coordinates": [[44.3855824, 33.3314857], [44.3855756, 33.3314655], [44.3855192, 33.3313026], [44.3852937, 33.3306533], [44.3851772, 33.330318], [44.3848902, 33.3294917], [44.3843016, 33.3278081], [44.3842611, 33.3276987], [44.3842243, 33.3276292], [44.3841803, 33.3275544]]}}, {"type": "Feature", "properties": {"name": "112-3", "highway": "service"}, "geometry": {"type": "LineString", "coordinates": [[44.3910079, 33.3414326], [44.3909858, 33.341501], [44.3909636, 33.3416002], [44.3909147, 33.3416653], [44.3910183, 33.341828], [44.3911605, 33.3420479], [44.3912546, 33.3421925], [44.3913217, 33.342323], [44.3914821, 33.342605], [44.3914861, 33.3426121], [44.3915526, 33.3427291], [44.3917774, 33.3431056]]}}, {"type": "Feature", "properties": {"name": "شارع 24", "highway": "primary_link"}, "geometry": {"type": "LineString", "coordinates": [[44.3824778, 33.3478195], [44.3824883, 33.3476856], [44.3824859, 33.3475515], [44.3824708, 33.347418], [44.3824431, 33.3472859], [44.3824029, 33.347156], [44.3823505, 33.3470292]]}}, {"type": "Feature", "properties": {"name": "شارع الامام الاعظم ابو حنيفة النعمان", "highway": "primary_link"}, "geometry": {"type": "LineString", "coordinates": [[44.3833613, 33.3476152], [44.3832183, 33.3476082], [44.3830763, 33.3476241], [44.3829405, 33.3476622], [44.3828158, 33.3477212], [44.3827069, 33.3477989], [44.3826176, 33.3478924]]}}, {"type": "Feature", "properties": {"name": "شارع 22", "highway": "primary_link"}, "geometry": {"type": "LineString", "coordinates": [[44.3833901, 33.346856], [44.3833893, 33.3469859], [44.3833878, 33.3470977], [44.3834056, 33.3471815], [44.3834362, 33.3472563], [44.3835261, 33.3473906]]}}, {"type": "Feature", "properties": {"name": "108-6", "highway": "service"}, "geometry": {"type": "LineString", "coordinates": [[44.3982455, 33.3347895], [44.398063, 33.3349366], [44.3977745, 33.3351691], [44.3976075, 33.3353142]]}}, {"type": "Feature", "properties": {"name": "110-43", "highway": "service"}, "geometry": {"type": "LineString", "coordinates": [[44.3942255, 33.334865], [44.3944018, 33.3350219], [44.3944858, 33.3350967], [44.3948897, 33.3354562]]}}, {"type": "Feature", "properties": {"name": "شارع السموأل بن عادياء", "highway": "service"}, "geometry": {"type": "LineString", "coordinates": [[44.3914887, 33.3368841], [44.3916022, 33.3370248], [44.3915288, 33.3370942], [44.3918289, 33.3374271], [44.3921664, 33.3378088], [44.3924236, 33.3381117], [44.3931182, 33.3389279]]}}, {"type": "Feature", "properties": {"name": "108-37", "highway": "service"}, "geometry": {"type": "LineString", "coordinates": [[44.3949981, 33.3370598], [44.3956737, 33.3374706], [44.3958566, 33.3375469], [44.3960925, 33.3375575], [44.396253, 33.3375647], [44.3965894, 33.3378433], [44.3966129, 33.3378628], [44.3971658, 33.3382909]]}}, {"type": "Feature", "properties": {"name": "108-35", "highway": "service"}, "geometry": {"type": "LineString", "coordinates": [[44.3961477, 33.3367871], [44.3965266, 33.337018], [44.3966705, 33.3371524], [44.3968646, 33.3373339], [44.3969315, 33.3373751], [44.3972701, 33.3375334], [44.397431, 33.3376298], [44.3973505, 33.3377194], [44.3974391, 33.3378135], [44.3975628, 33.3379663]]}}, {"type": "Feature", "properties": {"name": "108-20", "highway": "service"}, "geometry": {"type": "LineString", "coordinates": [[44.3968982, 33.3361662], [44.3969495, 33.3361205], [44.3970554, 33.3359738], [44.397262, 33.3356992]]}}, {"type": "Feature", "properties": {"name": "108-25", "highway": "service"}, "geometry": {"type": "LineString", "coordinates": [[44.3962883, 33.336172], [44.3963903, 33.3362191], [44.3964949, 33.3362337], [44.3966236, 33.3362483], [44.3966962, 33.3362645], [44.3967256, 33.3362617], [44.3968691, 33.3361867], [44.3968982, 33.3361662], [44.3969589, 33.3361979], [44.3970287, 33.3362292], [44.3971172, 33.336236], [44.3972057, 33.336227], [44.3973693, 33.3362853], [44.397544, 33.336382], [44.3977141, 33.3364762], [44.3978074, 33.3365278], [44.397846, 33.3366127], [44.3978538, 33.3367033], [44.3978303, 33.3367919], [44.3977774, 33.3368713], [44.3976995, 33.3369346]]}}, {"type": "Feature", "properties": {"name": "108-26", "highway": "service"}, "geometry": {"type": "LineString", "coordinates": [[44.3961785, 33.3362884], [44.3962883, 33.336172], [44.3963286, 33.3361262], [44.3963635, 33.3360634], [44.3964426, 33.335957], [44.3964936, 33.3358673], [44.3965511, 33.3357853], [44.396558, 33.3357755], [44.3966666, 33.3356623], [44.3967645, 33.3357262], [44.3968101, 33.3356858]]}}, {"type": "Feature", "properties": {"name": "ساحة عبد الوهاب الغريري", "highway": "service"}, "geometry": {"type": "LineString", "coordinates": [[44.3956809, 33.3362426], [44.395432, 33.3360197], [44.3953993, 33.3359683], [44.3953856, 33.3359046], [44.3953915, 33.3358313], [44.3954227, 33.3357563], [44.3954696, 33.3357024], [44.3955359, 33.3356568], [44.3956023, 33.3356274], [44.3956823, 33.3356192], [44.3957663, 33.3356274], [44.3958214, 33.3356435], [44.3960549, 33.3357805]]}}, {"type": "Feature", "properties": {"name": "106-13", "highway": "residential"}, "geometry": {"type": "LineString", "coordinates": [[44.4001915, 33.3320605], [44.3999681, 33.3318614], [44.3998596, 33.3317648], [44.3995446, 33.3314784], [44.3994092, 33.3313543]]}}, {"type": "Feature", "properties": {"name": "104-36", "highway": "service"}, "geometry": {"type": "LineString", "coordinates": [[44.3990703, 33.3332189], [44.3994076, 33.3329473], [44.3996924, 33.3327132], [44.4003472, 33.3324003], [44.4005182, 33.3323051], [44.4006351, 33.3323083], [44.4009201, 33.3320991], [44.4014237, 33.3317123]]}}, {"type": "Feature", "properties": {"name": "110-23", "highway": "service"}, "geometry": {"type": "LineString", "coordinates": [[44.3931853, 33.3378145], [44.3935763, 33.3375946], [44.3936261, 33.3375981], [44.3936819, 33.3376277], [44.3940272, 33.3380457]]}}, {"type": "Feature", "properties": {"name": "108-74", "highway": "service"}, "geometry": {"type": "LineString", "coordinates": [[44.3955401, 33.339698], [44.3953431, 33.3398521], [44.3948719, 33.3402207], [44.3943458, 33.3406323], [44.3940002, 33.3409143], [44.3935823, 33.3412555], [44.3932054, 33.3415631], [44.3927496, 33.3419211], [44.3924299, 33.3421696]]}}, {"type": "Feature", "properties": {"name": "شارع النصیر", "highway": "primary"}, "geometry": {"type": "LineString", "coordinates": [[44.3841803, 33.3275544], [44.3841976, 33.327521], [44.3842217, 33.3274865], [44.3842559, 33.3274435], [44.3843058, 33.3273893], [44.3843647, 33.3273467], [44.3844174, 33.3273242], [44.3844731, 33.3273113], [44.3845405, 33.3273084], [44.3846076, 33.3273189], [44.3848873, 33.3273674], [44.3868886, 33.3277272], [44.3883774, 33.3279887], [44.3891016, 33.3281296], [44.3892234, 33.328161], [44.3893064, 33.3281888], [44.3895472, 33.328279], [44.3899602, 33.3284971], [44.3912399, 33.3293343], [44.391392, 33.3294378], [44.3918437, 33.3297451], [44.3919418, 33.3298221], [44.3919866, 33.3298487]]}}, {"type": "Feature", "properties": {"name": "127-55", "highway": "service"}, "geometry": {"type": "LineString", "coordinates": [[44.4002661, 33.3425595], [44.4004222, 33.3427482], [44.4004646, 33.3427836], [44.400506, 33.3427947], [44.4005665, 33.3428575], [44.4007091, 33.3430677], [44.4009406, 33.3434279]]}}, {"type": "Feature", "properties": {"name": "125-20", "highway": "service"}, "geometry": {"type": "LineString", "coordinates": [[44.4008804, 33.3417451], [44.4011582, 33.3415873], [44.4012667, 33.3415255], [44.4014548, 33.3414054]]}}, {"type": "Feature", "properties": {"name": "127-14", "highway": "service"}, "geometry": {"type": "LineString", "coordinates": [[44.3999752, 33.3437699], [44.4003283, 33.3437153], [44.4004804, 33.3436598], [44.4007354, 33.3435402], [44.4009406, 33.3434279], [44.4010413, 33.3433885], [44.4011621, 33.3433564], [44.4012952, 33.343321], [44.4013739, 33.343281], [44.4014481, 33.3432268], [44.4016448, 33.3430726], [44.4016921, 33.3430277], [44.4020382, 33.3426994]]}}, {"type": "Feature", "properties": {"name": "125-24", "highway": "service"}, "geometry": {"type": "LineString", "coordinates": [[44.4014017, 33.3421134], [44.4018107, 33.3417617], [44.4024065, 33.3413069], [44.4025518, 33.3411654], [44.4028343, 33.3407381], [44.4029488, 33.3405648], [44.4031902, 33.3403296], [44.403289, 33.3402], [44.4033645, 33.3400964], [44.4034307, 33.3399963], [44.403453, 33.3399643], [44.4035112, 33.3398803], [44.4035405, 33.339838], [44.4036963, 33.3396139]]}}, {"type": "Feature", "properties": {"name": "ساحة الوثبة", "highway": "primary"}, "geometry": {"type": "LineString", "coordinates": [[44.4001948, 33.3362491], [44.40021, 33.3362393], [44.4002259, 33.3362307], [44.400253, 33.3362195], [44.4003001, 33.3362085], [44.4003488, 33.3362069], [44.4003968, 33.3362147], [44.4004412, 33.3362314], [44.4004799, 33.3362562], [44.4005107, 33.3362878], [44.400532, 33.3363244], [44.4005388, 33.336344], [44.4005428, 33.3363641], [44.4005423, 33.3364049], [44.4005375, 33.3364261], [44.4005306, 33.3364446], [44.4005082, 33.336481], [44.4004764, 33.3365121], [44.4004368, 33.3365363], [44.4003958, 33.3365591], [44.4003498, 33.3365787], [44.4002981, 33.3365889], [44.4001883, 33.3366091], [44.4001162, 33.3366207]]}}, {"type": "Feature", "properties": {"name": "شارع الخلفاء", "highway": "primary"}, "geometry": {"type": "LineString", "coordinates": [[44.3847806, 33.3487133], [44.3848836, 33.3485846], [44.3850767, 33.3484002], [44.3850967, 33.3483838], [44.3853437, 33.3481656], [44.3858485, 33.3477596], [44.3865002, 33.3472355], [44.3865847, 33.3471783], [44.3866746, 33.3471273], [44.3867695, 33.3470828], [44.3868685, 33.3470453]]}}, {"type": "Feature", "properties": {"name": "شارع الخلفاء", "highway": "primary"}, "geometry": {"type": "LineString", "coordinates": [[44.3869255, 33.3471119], [44.3868387, 33.3472339], [44.3867899, 33.3472974], [44.3867361, 33.347358], [44.3864667, 33.3475762], [44.3859445, 33.347978], [44.3854446, 33.3483987], [44.385292, 33.3485524], [44.3852024, 33.3486753], [44.3851465, 33.348784], [44.3851062, 33.3488972]]}}, {"type": "Feature", "properties": {"name": "مجسر باب المعظم", "highway": "primary"}, "geometry": {"type": "LineString", "coordinates": [[44.3866808, 33.3473053], [44.3855819, 33.3481659], [44.3854485, 33.3482755], [44.385315, 33.3484019], [44.3852072, 33.3485118], [44.3850937, 33.3486458], [44.3849981, 33.3487787], [44.3849268, 33.3488874], [44.384863, 33.3489888], [44.3848028, 33.349097], [44.3847473, 33.3492112], [44.3846964, 33.3493308], [44.3846461, 33.3494631], [44.3846073, 33.3495991], [44.3845726, 33.3497342], [44.3841257, 33.351548]]}}, {"type": "Feature", "properties": {"name": "مجسر باب المعظم", "highway": "primary"}, "geometry": {"type": "LineString", "coordinates": [[44.384025, 33.3515289], [44.3844784, 33.3497186], [44.3845142, 33.3495865], [44.3845527, 33.3494532], [44.3846014, 33.3493234], [44.3846494, 33.349206], [44.3847166, 33.3490685], [44.3847577, 33.3489854], [44.3848085, 33.3488987], [44.3848638, 33.3488192], [44.3849275, 33.3487331], [44.3850251, 33.3486024], [44.3851386, 33.3484696], [44.3852443, 33.3483596], [44.385374, 33.3482314], [44.3855019, 33.3481184], [44.3866197, 33.3472515]]}}, {"type": "Feature", "properties": {"name": "شارع الميدان", "highway": "tertiary"}, "geometry": {"type": "LineString", "coordinates": [[44.3876395, 33.3464172], [44.3876677, 33.346275], [44.3876694, 33.3462185], [44.3876524, 33.3461264], [44.3875959, 33.3460165], [44.3873985, 33.3457561], [44.3873147, 33.3456453], [44.3872351, 33.3455399], [44.3871514, 33.345429], [44.3870628, 33.3453119], [44.386981, 33.3452036], [44.3869019, 33.3450988], [44.3868182, 33.3449881], [44.3867362, 33.3448796], [44.3866559, 33.3447732], [44.3865734, 33.344664], [44.3865493, 33.3446321], [44.3864683, 33.344555], [44.3864152, 33.3445044], [44.3863355, 33.3444645], [44.3862673, 33.3444339]]}}, {"type": "Feature", "properties": {"name": "شارع المتحف", "highway": "secondary"}, "geometry": {"type": "LineString", "coordinates": [[44.3856865, 33.331775], [44.3856804, 33.3317586], [44.3856743, 33.3317412], [44.3856211, 33.3316008], [44.3855824, 33.3314857]]}}, {"type": "Feature", "properties": {"name": "شارع الرشيد", "highway": "secondary"}, "geometry": {"type": "LineString", "coordinates": [[44.4018084, 33.3309955], [44.4019652, 33.3308427], [44.4020234, 33.330779], [44.4020692, 33.3306899], [44.4020578, 33.3306313], [44.402042, 33.3305034], [44.4020382, 33.3303855], [44.4020473, 33.3302771], [44.4020811, 33.3301559], [44.4021267, 33.3300751], [44.4021785, 33.3299886], [44.4022264, 33.3299364], [44.4022958, 33.3298665], [44.4024039, 33.3297954], [44.4025116, 33.3297586], [44.4025825, 33.3297566], [44.4026661, 33.3297657], [44.4027671, 33.3298009], [44.4028594, 33.3298283], [44.4029921, 33.3298549], [44.4031088, 33.3298618], [44.4032092, 33.3298345], [44.4032944, 33.329796]]}}, {"type": "Feature", "properties": {"name": "شارع الرشيد", "highway": "secondary"}, "geometry": {"type": "LineString", "coordinates": [[44.4032944, 33.329796], [44.4031806, 33.329903], [44.4031272, 33.3299198], [44.4030734, 33.329927], [44.403018, 33.3299287], [44.4029288, 33.3299152], [44.4028409, 33.3299027], [44.4027059, 33.3298963], [44.4025782, 33.3299101], [44.4025064, 33.3299328], [44.4023499, 33.3300716], [44.4023055, 33.3301344], [44.40224, 33.3302292], [44.4021993, 33.3303373], [44.4021756, 33.3304338], [44.4021794, 33.3306246], [44.4021821, 33.3307013], [44.4021508, 33.3307868], [44.4021191, 33.3308272], [44.4020577, 33.3308629], [44.4019479, 33.3309195], [44.4018084, 33.3309955]]}}, {"type": "Feature", "properties": {"name": "جسر السنك", "highway": "secondary"}, "geometry": {"type": "LineString", "coordinates": [[44.3974986, 33.3262894], [44.3979911, 33.3266381], [44.3991053, 33.3274259], [44.3992327, 33.3275163], [44.401628, 33.3293456], [44.4017373, 33.329429], [44.402668, 33.3301137], [44.4027823, 33.3302042], [44.4030169, 33.3304024], [44.4032422, 33.3305973]]}}, {"type": "Feature", "properties": {"name": "ساحة الامين", "highway": "primary_link"}, "geometry": {"type": "LineString", "coordinates": [[44.392267, 33.3426158], [44.3924838, 33.3428423]]}}, {"type": "Feature", "properties": {"name": "129-24", "highway": "service"}, "geometry": {"type": "LineString", "coordinates": [[44.3974768, 33.3444945], [44.3968382, 33.3448764], [44.396794, 33.3449156], [44.3967691, 33.3449408], [44.3970441, 33.3452461], [44.3973492, 33.3456343], [44.3974008, 33.3456774], [44.3974277, 33.3456914], [44.3974552, 33.345697], [44.3974947, 33.345697], [44.3975396, 33.3456852], [44.3977884, 33.3455457], [44.3981785, 33.3452927]]}}, {"type": "Feature", "properties": {"name": "127-39", "highway": "service"}, "geometry": {"type": "LineString", "coordinates": [[44.3988436, 33.3448617], [44.3987409, 33.3446787], [44.3985742, 33.3444577], [44.3984257, 33.3443575], [44.3982546, 33.3442913], [44.3981955, 33.3442786], [44.3981003, 33.3442694], [44.3979623, 33.3442797], [44.3977824, 33.3443118], [44.3974768, 33.3444945]]}}, {"type": "Feature", "properties": {"name": "شارع المأمون", "highway": "primary"}, "geometry": {"type": "LineString", "coordinates": [[44.3908585, 33.3411006], [44.3908044, 33.3410303], [44.3906206, 33.3407915], [44.3903483, 33.3404624], [44.3900991, 33.3401902], [44.389882, 33.3399538], [44.3897879, 33.3398515], [44.3897161, 33.3397776], [44.3894091, 33.3394616], [44.3892445, 33.3392936], [44.3892155, 33.339264], [44.3891616, 33.3392112]]}}, {"type": "Feature", "properties": {"name": "شارع الرشيد", "highway": "secondary_link"}, "geometry": {"type": "LineString", "coordinates": [[44.4022247, 33.3309424], [44.4021235, 33.3309106], [44.402049, 33.3309017], [44.4019479, 33.3309195]]}}, {"type": "Feature", "properties": {"name": "شارع الزكية", "highway": "tertiary"}, "geometry": {"type": "LineString", "coordinates": [[44.3975944, 33.3448459], [44.3975926, 33.3447778], [44.397585, 33.34471], [44.3975718, 33.3446428], [44.3975529, 33.3445766]]}}, {"type": "Feature", "properties": {"name": "شارع الزكية", "highway": "tertiary"}, "geometry": {"type": "LineString", "coordinates": [[44.3981526, 33.3452629], [44.3980699, 33.3452023], [44.3979743, 33.3451567], [44.3978697, 33.3451281]]}}, {"type": "Feature", "properties": {"name": "شارع الزكية", "highway": "tertiary"}, "geometry": {"type": "LineString", "coordinates": [[44.3981052, 33.3449487], [44.3981063, 33.3450547], [44.3981222, 33.3451599], [44.3981526, 33.3452629]]}}, {"type": "Feature", "properties": {"name": "شارع الرشيد", "highway": "secondary_link"}, "geometry": {"type": "LineString", "coordinates": [[44.3826223, 33.3467442], [44.3827616, 33.3467632], [44.3828878, 33.3467689], [44.3830139, 33.3467617], [44.383138, 33.3467417], [44.3832582, 33.3467092], [44.3833866, 33.346659]]}}, {"type": "Feature", "properties": {"name": "شارع 24", "highway": "primary"}, "geometry": {"type": "LineString", "coordinates": [[44.3812653, 33.3461936], [44.3817089, 33.3463955], [44.3820422, 33.3465753], [44.3828771, 33.3470077], [44.3830023, 33.3470729]]}}, {"type": "Feature", "properties": {"name": "ساحة الميدان", "highway": "secondary"}, "geometry": {"type": "LineString", "coordinates": [[44.385136, 33.3445003], [44.3851079, 33.3445023], [44.3850789, 33.3445015], [44.3850489, 33.3444961], [44.3850243, 33.344488], [44.3850045, 33.3444723], [44.3850028, 33.344471], [44.3849854, 33.3444475], [44.3849776, 33.3444213], [44.38499, 33.344366], [44.3850239, 33.3443209], [44.3850716, 33.3442712], [44.3851372, 33.3442138], [44.3851906, 33.3441877], [44.385232, 33.344178], [44.3852834, 33.3441742], [44.3853258, 33.3441777], [44.3853605, 33.3441853], [44.3853989, 33.3441991], [44.3854298, 33.3442155], [44.3854563, 33.3442422], [44.3854685, 33.344267], [44.3854725, 33.3443083], [44.3854578, 33.3443481], [44.3854287, 33.3443789], [44.3853805, 33.3444016], [44.385136, 33.3445003]]}}, {"type": "Feature", "properties": {"name": "شارع الميدان", "highway": "tertiary"}, "geometry": {"type": "LineString", "coordinates": [[44.3862673, 33.3444339], [44.3863271, 33.3444375], [44.3863606, 33.3444268], [44.3866623, 33.3442563], [44.3867183, 33.3442372], [44.3867774, 33.3442377], [44.3868185, 33.344251], [44.3868338, 33.3442559], [44.3868778, 33.3442839], [44.3871629, 33.3446455], [44.3877654, 33.3454109], [44.388017, 33.3457304], [44.3880846, 33.345802], [44.3881375, 33.345837], [44.3881984, 33.3458587], [44.388302, 33.3458833]]}}, {"type": "Feature", "properties": {"name": "112-35", "highway": "service"}, "geometry": {"type": "LineString", "coordinates": [[44.3880652, 33.3460704], [44.388076, 33.3460109], [44.3880725, 33.3459534], [44.3880582, 33.3459055], [44.388034, 33.3458605], [44.3880071, 33.345813], [44.3879684, 33.3457578], [44.3878861, 33.3456528], [44.3878012, 33.3455445], [44.3877056, 33.3454226], [44.3876253, 33.3453202], [44.3875382, 33.3452092], [44.3874515, 33.3450987], [44.3873659, 33.3449894], [44.3872829, 33.3448836], [44.3871951, 33.3447717], [44.3871124, 33.3446638]]}}, {"type": "Feature", "properties": {"name": "شارع المتحف", "highway": "primary"}, "geometry": {"type": "LineString", "coordinates": [[44.3855241, 33.3316465], [44.3855824, 33.3314857]]}}, {"type": "Feature", "properties": {"name": "شارع المتحف", "highway": "secondary_link"}, "geometry": {"type": "LineString", "coordinates": [[44.3856743, 33.3317412], [44.3855241, 33.3316465]]}}, {"type": "Feature", "properties": {"name": "شارع حيفا", "highway": "secondary"}, "geometry": {"type": "LineString", "coordinates": [[44.3924002, 33.3297675], [44.3924839, 33.3297286], [44.3928947, 33.3293217], [44.3934298, 33.3288311], [44.3934878, 33.3287784], [44.3941657, 33.3281623], [44.3941926, 33.3281373], [44.3947422, 33.3276255], [44.3952013, 33.3271826], [44.3952337, 33.327152], [44.3955341, 33.3268682], [44.3959829, 33.3263801], [44.3964531, 33.3258252], [44.3965546, 33.325708], [44.3967484, 33.3254794], [44.3975593, 33.3245225], [44.3976919, 33.3243514], [44.3980951, 33.323831], [44.3983393, 33.3234993], [44.3986209, 33.3231273], [44.3988864, 33.3227777], [44.399227, 33.3223653], [44.3995136, 33.3219741], [44.3995978, 33.3218558], [44.3997368, 33.3216536], [44.3998558, 33.3214795]]}}, {"type": "Feature", "properties": {"name": "نفق باب المعظم", "highway": "primary"}, "geometry": {"type": "LineString", "coordinates": [[44.3815732, 33.3464846], [44.3812, 33.3462521]]}}, {"type": "Feature", "properties": {"name": "نفق باب المعظم", "highway": "primary"}, "geometry": {"type": "LineString", "coordinates": [[44.3812653, 33.3461936], [44.3815529, 33.346388], [44.3816259, 33.3464291]]}}, {"type": "Feature", "properties": {"name": "ساحة زبيدة", "highway": "service"}, "geometry": {"type": "LineString", "coordinates": [[44.3946398, 33.3450746], [44.3942033, 33.345368], [44.3941485, 33.3453901], [44.39408, 33.3453982], [44.3939983, 33.3453826], [44.3939371, 33.3453477], [44.3938638, 33.3452687], [44.3938157, 33.3452168], [44.3937896, 33.3451544], [44.393792, 33.3450961], [44.3938159, 33.3450447], [44.3938608, 33.3450007], [44.3942901, 33.3447119], [44.3947422, 33.3444088], [44.3948038, 33.3443834], [44.3948384, 33.3443729], [44.3948844, 33.3443627], [44.3949455, 33.3443551], [44.3949862, 33.3443538], [44.3950473, 33.3443571], [44.3950901, 33.3443634], [44.395182, 33.3443749]]}}, {"type": "Feature", "properties": {"name": "ساحة زبيدة", "highway": "tertiary_link"}, "geometry": {"type": "LineString", "coordinates": [[44.3944419, 33.3448693], [44.3946398, 33.3450746]]}}, {"type": "Feature", "properties": {"name": "شارع غازي", "highway": "tertiary"}, "geometry": {"type": "LineString", "coordinates": [[44.3966636, 33.3436087], [44.3965978, 33.3436308], [44.3965345, 33.3436372], [44.3964655, 33.3436504], [44.3963977, 33.3436732], [44.3963356, 33.3437057], [44.396148, 33.3438296], [44.3955084, 33.344252], [44.395368, 33.3443628], [44.395335, 33.3443847], [44.395268, 33.344439]]}}, {"type": "Feature", "properties": {"name": "112-40", "highway": "service"}, "geometry": {"type": "LineString", "coordinates": [[44.3866159, 33.3461116], [44.3871342, 33.3458707], [44.3871957, 33.3458575], [44.3872378, 33.3458601]]}}, {"type": "Feature", "properties": {"name": "110-19", "highway": "service"}, "geometry": {"type": "LineString", "coordinates": [[44.393913, 33.3367076], [44.3940339, 33.3367127], [44.3941474, 33.3367019], [44.3943079, 33.3366593], [44.394566, 33.3368197], [44.3946804, 33.3368487], [44.3946764, 33.3369172], [44.3946764, 33.337027], [44.3947086, 33.3370942], [44.3948603, 33.3372147]]}}, {"type": "Feature", "properties": {"name": "113-45", "highway": "service"}, "geometry": {"type": "LineString", "coordinates": [[44.4008977, 33.3388433], [44.4005513, 33.3384748]]}}, {"type": "Feature", "properties": {"name": "113-10", "highway": "service"}, "geometry": {"type": "LineString", "coordinates": [[44.4000193, 33.3381295], [44.400124, 33.3380365], [44.400221, 33.3379363]]}}, {"type": "Feature", "properties": {"name": "113-11", "highway": "service"}, "geometry": {"type": "LineString", "coordinates": [[44.3995328, 33.3374541], [44.3997914, 33.3376723], [44.4000199, 33.3378187], [44.400221, 33.3379363], [44.400431, 33.3380656], [44.4006404, 33.3382303], [44.4007957, 33.3383524]]}}, {"type": "Feature", "properties": {"name": "113-4", "highway": "service"}, "geometry": {"type": "LineString", "coordinates": [[44.4002475, 33.3368698], [44.4000785, 33.337008], [44.3995328, 33.3374541], [44.3993737, 33.3375843]]}}, {"type": "Feature", "properties": {"name": "113-30", "highway": "service"}, "geometry": {"type": "LineString", "coordinates": [[44.4022051, 33.3381869], [44.4018808, 33.3384381]]}}, {"type": "Feature", "properties": {"name": null, "highway": "footway"}, "geometry": {"type": "LineString", "coordinates": [[44.3963899, 33.3397859], [44.3960621, 33.33952]]}}, {"type": "Feature", "properties": {"name": "108-75", "highway": "service"}, "geometry": {"type": "LineString", "coordinates": [[44.3959487, 33.3397798], [44.3957665, 33.3395901], [44.3955747, 33.3393903], [44.3952815, 33.3390849], [44.3951686, 33.3389673], [44.3948736, 33.3386601], [44.3948463, 33.3386317], [44.3945239, 33.3382959], [44.3941568, 33.3379136]]}}, {"type": "Feature", "properties": {"name": "113-56", "highway": "service"}, "geometry": {"type": "LineString", "coordinates": [[44.3998784, 33.3407949], [44.4000998, 33.340675], [44.4002054, 33.340645], [44.400415, 33.3405854], [44.4004498, 33.3405977], [44.4004874, 33.3406022]]}}, {"type": "Feature", "properties": {"name": "127-12", "highway": "service"}, "geometry": {"type": "LineString", "coordinates": [[44.4017251, 33.3424112], [44.4015938, 33.3425102], [44.4014488, 33.3426287], [44.401347, 33.3427175], [44.4013752, 33.3427443], [44.4014181, 33.3427768]]}}, {"type": "Feature", "properties": {"name": "127-50", "highway": "service"}, "geometry": {"type": "LineString", "coordinates": [[44.3993595, 33.3444421], [44.3996178, 33.3443748], [44.3997967, 33.3443151]]}}, {"type": "Feature", "properties": {"name": "127-58", "highway": "service"}, "geometry": {"type": "LineString", "coordinates": [[44.4007307, 33.3452409], [44.401127, 33.3449681], [44.401626, 33.3442969], [44.4017145, 33.3442086], [44.4018057, 33.3441302]]}}, {"type": "Feature", "properties": {"name": "127-79", "highway": "service"}, "geometry": {"type": "LineString", "coordinates": [[44.3997211, 33.3461342], [44.3991546, 33.3454376]]}}, {"type": "Feature", "properties": {"name": "129-40", "highway": "service"}, "geometry": {"type": "LineString", "coordinates": [[44.3987671, 33.3459718], [44.3986005, 33.3460534], [44.3984496, 33.3461885], [44.398351, 33.3462768], [44.3982492, 33.3464993], [44.3980291, 33.3467092], [44.3979141, 33.3468137]]}}, {"type": "Feature", "properties": {"name": "129-54", "highway": "service"}, "geometry": {"type": "LineString", "coordinates": [[44.3973147, 33.3477991], [44.3971607, 33.3479134], [44.3971032, 33.3479393], [44.3969489, 33.3480143]]}}, {"type": "Feature", "properties": {"name": "129-74", "highway": "service"}, "geometry": {"type": "LineString", "coordinates": [[44.3936142, 33.3467047], [44.3936813, 33.3467361], [44.3937886, 33.3468369], [44.393844, 33.3469182], [44.3938731, 33.3469601], [44.3939173, 33.3469982], [44.3939808, 33.3470246], [44.3943106, 33.3468975], [44.3946941, 33.3467479], [44.394662, 33.3466874], [44.3948462, 33.3465694]]}}, {"type": "Feature", "properties": {"name": "129-9", "highway": "service"}, "geometry": {"type": "LineString", "coordinates": [[44.3946398, 33.3450746], [44.3948936, 33.3453379], [44.3951567, 33.3455286]]}}, {"type": "Feature", "properties": {"name": "115-57", "highway": "service"}, "geometry": {"type": "LineString", "coordinates": [[44.3951724, 33.3436334], [44.3952859, 33.3438621], [44.3953938, 33.3440794], [44.3954521, 33.3441941]]}}, {"type": "Feature", "properties": {"name": "115-45", "highway": "service"}, "geometry": {"type": "LineString", "coordinates": [[44.3963822, 33.3427301], [44.3966999, 33.3429665], [44.3969164, 33.3430906], [44.3970051, 33.3431614]]}}, {"type": "Feature", "properties": {"name": "115-3", "highway": "service"}, "geometry": {"type": "LineString", "coordinates": [[44.3960701, 33.3411051], [44.3952343, 33.3408749]]}}, {"type": "Feature", "properties": {"name": "115-30", "highway": "service"}, "geometry": {"type": "LineString", "coordinates": [[44.3929386, 33.3432792], [44.3934967, 33.3429311]]}}, {"type": "Feature", "properties": {"name": "112-28", "highway": "service"}, "geometry": {"type": "LineString", "coordinates": [[44.3877654, 33.3454109], [44.387957, 33.3453077], [44.3879877, 33.3452838], [44.3883151, 33.3450286], [44.388699, 33.3448056], [44.3888229, 33.3447335], [44.3890809, 33.3445836], [44.3891658, 33.3445327], [44.3892535, 33.3444756], [44.3893644, 33.344355], [44.389464, 33.3442798], [44.3895858, 33.3442139], [44.3896791, 33.3441852], [44.3897687, 33.3441885], [44.3898495, 33.3441709], [44.3899683, 33.3441], [44.3907277, 33.3435096], [44.3910139, 33.3432961], [44.3910809, 33.3432911], [44.3911494, 33.3433095], [44.3913269, 33.3434652]]}}, {"type": "Feature", "properties": {"name": "117-42", "highway": "service"}, "geometry": {"type": "LineString", "coordinates": [[44.3910715, 33.3454634], [44.3911627, 33.3454578], [44.3913424, 33.3454197], [44.3913677, 33.3454081], [44.3913929, 33.3453965], [44.3914326, 33.3453843], [44.3915079, 33.3453716], [44.3918742, 33.3452685]]}}, {"type": "Feature", "properties": {"name": "117-80", "highway": "service"}, "geometry": {"type": "LineString", "coordinates": [[44.389417, 33.347179], [44.3894681, 33.3470633], [44.389586, 33.3470449], [44.3897057, 33.3470147], [44.3897982, 33.3469826], [44.389901, 33.3469368], [44.3900204, 33.3468675]]}}, {"type": "Feature", "properties": {"name": "113-32", "highway": "service"}, "geometry": {"type": "LineString", "coordinates": [[44.4018813, 33.338826], [44.4020069, 33.3387042], [44.4021467, 33.3385994], [44.402195, 33.3386022], [44.4022264, 33.3386271], [44.4023641, 33.3385649], [44.4025068, 33.3384783]]}}, {"type": "Feature", "properties": {"name": "شارع حيفا", "highway": "secondary"}, "geometry": {"type": "LineString", "coordinates": [[44.3784478, 33.3384448], [44.3787994, 33.3382714], [44.37884, 33.3382514], [44.3796361, 33.3377948], [44.3800324, 33.3375675], [44.3804757, 33.3373133], [44.3813832, 33.3367657], [44.3832885, 33.3356159], [44.3845956, 33.3348807]]}}, {"type": "Feature", "properties": {"name": "زقاق الخطيب", "highway": "service"}, "geometry": {"type": "LineString", "coordinates": [[44.389971, 33.3406998], [44.3902227, 33.3408481], [44.3904881, 33.3409897]]}}, {"type": "Feature", "properties": {"name": "115-41", "highway": "service"}, "geometry": {"type": "LineString", "coordinates": [[44.3967499, 33.3424053], [44.3968892, 33.3425197], [44.3970554, 33.342656], [44.3971834, 33.3427602], [44.3970974, 33.3428582], [44.397034, 33.3429303], [44.3969164, 33.3430906]]}}, {"type": "Feature", "properties": {"name": "115-52", "highway": "service"}, "geometry": {"type": "LineString", "coordinates": [[44.3970554, 33.342656], [44.3972982, 33.342408]]}}, {"type": "Feature", "properties": {"name": "111-26", "highway": "service"}, "geometry": {"type": "LineString", "coordinates": [[44.4011519, 33.3371476], [44.4013256, 33.3370113], [44.4012237, 33.3368612], [44.4017816, 33.3364892], [44.4017762, 33.3364511], [44.40198, 33.3362987]]}}, {"type": "Feature", "properties": {"name": "111-30", "highway": "residential"}, "geometry": {"type": "LineString", "coordinates": [[44.4017681, 33.3367581], [44.4020578, 33.3365049], [44.4021463, 33.3364712], [44.4022589, 33.3364652], [44.4026265, 33.3360773], [44.4027361, 33.3359617]]}}, {"type": "Feature", "properties": {"name": "سوق السراجين", "highway": "footway"}, "geometry": {"type": "LineString", "coordinates": [[44.3885865, 33.3396965], [44.3885744, 33.3396845], [44.3885285, 33.3396386], [44.3885488, 33.3396256], [44.3887818, 33.3394778], [44.3890325, 33.3393281]]}}, {"type": "Feature", "properties": {"name": "شارع الخلفاء", "highway": "primary"}, "geometry": {"type": "LineString", "coordinates": [[44.4003001, 33.3362085], [44.4003958, 33.336176], [44.4004877, 33.3361286], [44.4005763, 33.3360768], [44.4006596, 33.3360192], [44.4014817, 33.3353844], [44.4031289, 33.334088], [44.4038507, 33.3335199], [44.4046137, 33.3329676], [44.4046911, 33.3328963], [44.4047655, 33.3328228], [44.4048364, 33.3327472]]}}, {"type": "Feature", "properties": {"name": "شارع الخلفاء", "highway": "primary"}, "geometry": {"type": "LineString", "coordinates": [[44.4050228, 33.3329303], [44.4049367, 33.3329639], [44.4048542, 33.3330008], [44.4047749, 33.3330421], [44.4046989, 33.3330879], [44.4041766, 33.3334621], [44.40375, 33.3337519], [44.4030386, 33.3343108], [44.4028765, 33.33444], [44.401824, 33.3352683], [44.4016027, 33.3354517], [44.4008159, 33.3360945], [44.4007167, 33.336199], [44.4006562, 33.3362675], [44.4005838, 33.3363551], [44.4005375, 33.3364261]]}}, {"type": "Feature", "properties": {"name": "114-37", "highway": "residential"}, "geometry": {"type": "LineString", "coordinates": [[44.385045, 33.3429026], [44.3853034, 33.3430894], [44.3853705, 33.3431309], [44.3853772, 33.3431611], [44.3854214, 33.3432362], [44.3856619, 33.34335]]}}, {"type": "Feature", "properties": {"name": "112-9", "highway": "service"}, "geometry": {"type": "LineString", "coordinates": [[44.3907215, 33.3429449], [44.3905345, 33.3424328], [44.3904446, 33.3422421], [44.3902061, 33.3417615]]}}, {"type": "Feature", "properties": {"name": "125-3", "highway": "service"}, "geometry": {"type": "LineString", "coordinates": [[44.4029488, 33.3405648], [44.40277, 33.3404474], [44.4027139, 33.3404132], [44.4023408, 33.3401854], [44.4022106, 33.340114], [44.4021182, 33.3400632], [44.4018534, 33.3399179]]}}, {"type": "Feature", "properties": {"name": "دربونة الدنكجية", "highway": "footway"}, "geometry": {"type": "LineString", "coordinates": [[44.389494, 33.3397236], [44.3894459, 33.339766], [44.3890753, 33.3400403], [44.3889445, 33.3401417], [44.388866, 33.3402313], [44.3888727, 33.3402492], [44.389118, 33.3404918]]}}, {"type": "Feature", "properties": {"name": "110-42", "highway": "footway"}, "geometry": {"type": "LineString", "coordinates": [[44.3905147, 33.3396997], [44.391192, 33.3392658]]}}, {"type": "Feature", "properties": {"name": "112-15", "highway": "service"}, "geometry": {"type": "LineString", "coordinates": [[44.3895858, 33.3442139], [44.3893872, 33.3438087], [44.3892503, 33.3434726], [44.3892349, 33.3434471], [44.3891742, 33.3433175], [44.3891397, 33.3432349], [44.3891343, 33.3432065], [44.3891332, 33.3431823], [44.3891142, 33.3429438], [44.3890352, 33.3427742], [44.3889786, 33.3426766]]}}, {"type": "Feature", "properties": {"name": "نفق باب المعظم", "highway": "primary"}, "geometry": {"type": "LineString", "coordinates": [[44.3833722, 33.3473886], [44.3834776, 33.3474569], [44.3835703, 33.347528], [44.3837258, 33.3476742], [44.3842377, 33.3481893]]}}, {"type": "Feature", "properties": {"name": "ساحة المقاتل العربي", "highway": "secondary"}, "geometry": {"type": "LineString", "coordinates": [[44.3828139, 33.3472975], [44.3830023, 33.3470729]]}}, {"type": "Feature", "properties": {"name": "ساحة المقاتل العربي", "highway": "secondary"}, "geometry": {"type": "LineString", "coordinates": [[44.3831569, 33.3471579], [44.3829764, 33.3473915]]}}, {"type": "Feature", "properties": {"name": "139-6", "highway": "unclassified"}, "geometry": {"type": "LineString", "coordinates": [[44.4034783, 33.3461945], [44.4033745, 33.3462527], [44.4032201, 33.3463503], [44.4016892, 33.3472952], [44.4011707, 33.3476144], [44.4005958, 33.3479751], [44.4004861, 33.3480475], [44.4002791, 33.3481805], [44.3993224, 33.348772]]}}, {"type": "Feature", "properties": {"name": "139-7", "highway": "unclassified"}, "geometry": {"type": "LineString", "coordinates": [[44.4012581, 33.346286], [44.401648, 33.3472041], [44.4016892, 33.3472952], [44.402164, 33.3482597]]}}, {"type": "Feature", "properties": {"name": "127-39", "highway": "service"}, "geometry": {"type": "LineString", "coordinates": [[44.3981003, 33.3442694], [44.3981208, 33.3439476], [44.398119, 33.3438961], [44.3980868, 33.3438423], [44.3980586, 33.343775], [44.398002, 33.3437661], [44.3977683, 33.3437648], [44.3976048, 33.3437728], [44.3974836, 33.3438181], [44.3973775, 33.343685], [44.3973251, 33.3436193], [44.3972808, 33.3435387], [44.3972298, 33.3435073]]}}, {"type": "Feature", "properties": {"name": "127-37", "highway": "service"}, "geometry": {"type": "LineString", "coordinates": [[44.3968479, 33.3432664], [44.3975113, 33.3440989]]}}, {"type": "Feature", "properties": {"name": "111-27", "highway": "service"}, "geometry": {"type": "LineString", "coordinates": [[44.4020371, 33.3372356], [44.4018486, 33.3371077], [44.4017735, 33.3370763]]}}, {"type": "Feature", "properties": {"name": "111-32", "highway": "service"}, "geometry": {"type": "LineString", "coordinates": [[44.4022355, 33.3370405], [44.4020371, 33.3372356], [44.4019371, 33.337334], [44.4018245, 33.3372578], [44.4017681, 33.3372399], [44.4017118, 33.3372668], [44.4016448, 33.337213]]}}, {"type": "Feature", "properties": {"name": "111-28", "highway": "service"}, "geometry": {"type": "LineString", "coordinates": [[44.4013256, 33.3370113], [44.4013765, 33.3370382], [44.4014677, 33.3369665]]}}, {"type": "Feature", "properties": {"name": "111-24", "highway": "service"}, "geometry": {"type": "LineString", "coordinates": [[44.4009154, 33.3369251], [44.4011056, 33.3367715], [44.4013229, 33.3365676], [44.4012558, 33.3364914]]}}, {"type": "Feature", "properties": {"name": "111-20", "highway": "service"}, "geometry": {"type": "LineString", "coordinates": [[44.4020551, 33.3356553], [44.4018325, 33.3358416], [44.4017091, 33.3359334], [44.4014704, 33.3361508]]}}, {"type": "Feature", "properties": {"name": "111-40", "highway": "service"}, "geometry": {"type": "LineString", "coordinates": [[44.4019448, 33.3379395], [44.4024951, 33.3375183], [44.4025594, 33.3374825], [44.4027526, 33.3373749], [44.4029068, 33.3373468], [44.4030943, 33.3373553], [44.4032074, 33.3374125]]}}, {"type": "Feature", "properties": {"name": "119-54", "highway": "service"}, "geometry": {"type": "LineString", "coordinates": [[44.387183, 33.3479897], [44.3871357, 33.3481597], [44.3872777, 33.3481593]]}}, {"type": "Feature", "properties": {"name": "119-48", "highway": "footway"}, "geometry": {"type": "LineString", "coordinates": [[44.3879606, 33.3477638], [44.3880151, 33.3478945], [44.3881177, 33.3478687]]}}, {"type": "Feature", "properties": {"name": "119-46", "highway": "service"}, "geometry": {"type": "LineString", "coordinates": [[44.3883174, 33.3481655], [44.3883001, 33.3479981], [44.3883651, 33.3479886], [44.3884282, 33.3479807], [44.388453, 33.3479813], [44.3884805, 33.347988]]}}, {"type": "Feature", "properties": {"name": "119-44", "highway": "service"}, "geometry": {"type": "LineString", "coordinates": [[44.3884655, 33.3476608], [44.3885073, 33.3477203], [44.3885268, 33.3477824], [44.3885569, 33.3477813], [44.3885911, 33.3477791], [44.3886039, 33.3477875], [44.3886092, 33.3478603], [44.3886133, 33.3479057]]}}, {"type": "Feature", "properties": {"name": "119-42", "highway": "service"}, "geometry": {"type": "LineString", "coordinates": [[44.3887418, 33.3475042], [44.3886629, 33.3474351], [44.3885911, 33.3473859]]}}, {"type": "Feature", "properties": {"name": "119-20", "highway": "service"}, "geometry": {"type": "LineString", "coordinates": [[44.3894666, 33.3471884], [44.3894186, 33.3473349], [44.3894092, 33.3473976]]}}, {"type": "Feature", "properties": {"name": "119-16", "highway": "residential"}, "geometry": {"type": "LineString", "coordinates": [[44.3891275, 33.3473618], [44.3892209, 33.3471972], [44.3892618, 33.3471316]]}}, {"type": "Feature", "properties": {"name": "119-32", "highway": "service"}, "geometry": {"type": "LineString", "coordinates": [[44.3896301, 33.3477855], [44.3892945, 33.3477383], [44.3892644, 33.3478177], [44.3892322, 33.3478687], [44.3891437, 33.3479516], [44.3890511, 33.3479533], [44.3888989, 33.3479242]]}}, {"type": "Feature", "properties": {"name": "119-30", "highway": "service"}, "geometry": {"type": "LineString", "coordinates": [[44.3901187, 33.3478487], [44.3900201, 33.3477567], [44.389886, 33.3477443], [44.389772, 33.3479127], [44.3898481, 33.3480286]]}}, {"type": "Feature", "properties": {"name": "119-26", "highway": "service"}, "geometry": {"type": "LineString", "coordinates": [[44.3904095, 33.3476536], [44.3903688, 33.3475281], [44.3904078, 33.3472572]]}}, {"type": "Feature", "properties": {"name": "119-4", "highway": "residential"}, "geometry": {"type": "LineString", "coordinates": [[44.3872822, 33.3473127], [44.387083, 33.3474732]]}}, {"type": "Feature", "properties": {"name": "119-1", "highway": "service"}, "geometry": {"type": "LineString", "coordinates": [[44.3877576, 33.3475304], [44.3876507, 33.34749], [44.3875489, 33.3474481], [44.3874498, 33.3474074], [44.3872822, 33.3473127]]}}, {"type": "Feature", "properties": {"name": "119-6", "highway": "service"}, "geometry": {"type": "LineString", "coordinates": [[44.3878738, 33.3467774], [44.3878931, 33.3468627], [44.3878461, 33.3469904], [44.3878609, 33.3470139], [44.3882069, 33.3470991]]}}, {"type": "Feature", "properties": {"name": "104-44", "highway": "footway"}, "geometry": {"type": "LineString", "coordinates": [[44.4016635, 33.3329304], [44.4015576, 33.3332001]]}}, {"type": "Feature", "properties": {"name": "104-57", "highway": "service"}, "geometry": {"type": "LineString", "coordinates": [[44.4012671, 33.3335029], [44.4011707, 33.3334931], [44.4011284, 33.333502], [44.4009916, 33.3334886]]}}, {"type": "Feature", "properties": {"name": "104-55", "highway": "service"}, "geometry": {"type": "LineString", "coordinates": [[44.401331, 33.3333334], [44.4012671, 33.3335029], [44.4012585, 33.3335334], [44.4014919, 33.333632], [44.401693, 33.3337418], [44.4015972, 33.3338651], [44.4018647, 33.3340488]]}}, {"type": "Feature", "properties": {"name": "104-50", "highway": "service"}, "geometry": {"type": "LineString", "coordinates": [[44.4020806, 33.3332192], [44.4019834, 33.3333726], [44.4018768, 33.3335222], [44.401693, 33.3337418]]}}, {"type": "Feature", "properties": {"name": "104-48", "highway": "service"}, "geometry": {"type": "LineString", "coordinates": [[44.4019971, 33.3331843], [44.4021242, 33.3330561], [44.4022362, 33.3329407]]}}, {"type": "Feature", "properties": {"name": "104-58", "highway": "service"}, "geometry": {"type": "LineString", "coordinates": [[44.4003906, 33.333216], [44.4003385, 33.3333687], [44.4002768, 33.3335054], [44.4003358, 33.3335346], [44.4001887, 33.3337368]]}}, {"type": "Feature", "properties": {"name": "104-49", "highway": "service"}, "geometry": {"type": "LineString", "coordinates": [[44.4004703, 33.3328538], [44.4006738, 33.3329109], [44.4007643, 33.3329204], [44.4008569, 33.33293], [44.4011318, 33.3329737]]}}, {"type": "Feature", "properties": {"name": "104-56", "highway": "service"}, "geometry": {"type": "LineString", "coordinates": [[44.4017259, 33.334781], [44.4020083, 33.334579], [44.4020949, 33.3345079], [44.4026278, 33.3340186], [44.4028791, 33.3338519], [44.4031824, 33.3336508]]}}, {"type": "Feature", "properties": {"name": "104-46", "highway": "service"}, "geometry": {"type": "LineString", "coordinates": [[44.4017691, 33.3329845], [44.40236, 33.3323956]]}}, {"type": "Feature", "properties": {"name": "104-42", "highway": "service"}, "geometry": {"type": "LineString", "coordinates": [[44.4020879, 33.3321903], [44.4013835, 33.3328224]]}}, {"type": "Feature", "properties": {"name": "104-40", "highway": "service"}, "geometry": {"type": "LineString", "coordinates": [[44.4012187, 33.3327327], [44.4011318, 33.3329737], [44.4010979, 33.3332959]]}}, {"type": "Feature", "properties": {"name": "104-47", "highway": "service"}, "geometry": {"type": "LineString", "coordinates": [[44.4005672, 33.3326438], [44.4004565, 33.3325676], [44.4003472, 33.3324003]]}}, {"type": "Feature", "properties": {"name": "104-59", "highway": "service"}, "geometry": {"type": "LineString", "coordinates": [[44.3998718, 33.3333334], [44.3994076, 33.3329473]]}}, {"type": "Feature", "properties": {"name": "104-51", "highway": "service"}, "geometry": {"type": "LineString", "coordinates": [[44.3994772, 33.3324977], [44.3996924, 33.3327132], [44.4002357, 33.3331642]]}}, {"type": "Feature", "properties": {"name": "104-43", "highway": "service"}, "geometry": {"type": "LineString", "coordinates": [[44.4005182, 33.3323051], [44.4001915, 33.3320605]]}}, {"type": "Feature", "properties": {"name": "104-80", "highway": "service"}, "geometry": {"type": "LineString", "coordinates": [[44.400242, 33.3356298], [44.3998584, 33.3359165]]}}, {"type": "Feature", "properties": {"name": "104-78", "highway": "service"}, "geometry": {"type": "LineString", "coordinates": [[44.3998866, 33.3356051], [44.3997046, 33.3357645]]}}, {"type": "Feature", "properties": {"name": "104-76", "highway": "service"}, "geometry": {"type": "LineString", "coordinates": [[44.3995417, 33.3356128], [44.3997954, 33.3354292], [44.3999764, 33.3352993], [44.4000971, 33.3351984]]}}, {"type": "Feature", "properties": {"name": "104-73", "highway": "service"}, "geometry": {"type": "LineString", "coordinates": [[44.4000795, 33.3349146], [44.4003198, 33.3350528]]}}, {"type": "Feature", "properties": {"name": "104-75", "highway": "service"}, "geometry": {"type": "LineString", "coordinates": [[44.4008483, 33.3354901], [44.4006108, 33.3352769], [44.4004565, 33.3354012]]}}, {"type": "Feature", "properties": {"name": "104-82", "highway": "service"}, "geometry": {"type": "LineString", "coordinates": [[44.4012494, 33.3351758], [44.4009984, 33.3353725], [44.4008483, 33.3354901], [44.4006014, 33.3356836]]}}, {"type": "Feature", "properties": {"name": "104-71", "highway": "service"}, "geometry": {"type": "LineString", "coordinates": [[44.4009984, 33.3353725], [44.4005209, 33.3349586], [44.4002741, 33.334757]]}}, {"type": "Feature", "properties": {"name": "104-68", "highway": "residential"}, "geometry": {"type": "LineString", "coordinates": [[44.4002741, 33.334757], [44.3999711, 33.3344656], [44.4002102, 33.3342485]]}}, {"type": "Feature", "properties": {"name": "104-68", "highway": "service"}, "geometry": {"type": "LineString", "coordinates": [[44.3984671, 33.3341486], [44.3989679, 33.3337172]]}}, {"type": "Feature", "properties": {"name": "104-70", "highway": "service"}, "geometry": {"type": "LineString", "coordinates": [[44.3986964, 33.3343647], [44.3991879, 33.3339323]]}}, {"type": "Feature", "properties": {"name": "108-1", "highway": "service"}, "geometry": {"type": "LineString", "coordinates": [[44.3987258, 33.3348346], [44.3986939, 33.3348552], [44.3986608, 33.3348747], [44.3986247, 33.33489], [44.3985862, 33.3349007], [44.3985462, 33.3349065], [44.3985119, 33.3349071], [44.3984883, 33.3349075], [44.3984311, 33.3348995], [44.3983767, 33.3348829], [44.3983268, 33.3348582], [44.3982833, 33.3348262], [44.3982455, 33.3347895], [44.3974749, 33.3340404]]}}, {"type": "Feature", "properties": {"name": "106-18", "highway": "footway"}, "geometry": {"type": "LineString", "coordinates": [[44.3972642, 33.3335163], [44.3976147, 33.3332191]]}}, {"type": "Feature", "properties": {"name": "106-17", "highway": "service"}, "geometry": {"type": "LineString", "coordinates": [[44.3983143, 33.3333051], [44.3978468, 33.3329306]]}}, {"type": "Feature", "properties": {"name": "106-14", "highway": "service"}, "geometry": {"type": "LineString", "coordinates": [[44.3986782, 33.3326796], [44.3987781, 33.3325866], [44.3989596, 33.3324178], [44.3990082, 33.3323726], [44.3992174, 33.3321888], [44.3998596, 33.3317648]]}}, {"type": "Feature", "properties": {"name": "106-15", "highway": "service"}, "geometry": {"type": "LineString", "coordinates": [[44.3988431, 33.3328671], [44.3986782, 33.3326796], [44.3982249, 33.3322919]]}}, {"type": "Feature", "properties": {"name": "106-10", "highway": "service"}, "geometry": {"type": "LineString", "coordinates": [[44.4004646, 33.3314515], [44.4001868, 33.3311531]]}}, {"type": "Feature", "properties": {"name": "106-8", "highway": "service"}, "geometry": {"type": "LineString", "coordinates": [[44.4006069, 33.3313586], [44.400333, 33.3310623]]}}, {"type": "Feature", "properties": {"name": "106-12", "highway": "service"}, "geometry": {"type": "LineString", "coordinates": [[44.4003124, 33.331609], [44.3999355, 33.3312547]]}}, {"type": "Feature", "properties": {"name": "106-6", "highway": "service"}, "geometry": {"type": "LineString", "coordinates": [[44.3999681, 33.3318614], [44.4003117, 33.3316488], [44.4003177, 33.3316286], [44.4003124, 33.331609]]}}, {"type": "Feature", "properties": {"name": "106-11", "highway": "service"}, "geometry": {"type": "LineString", "coordinates": [[44.4008741, 33.3304226], [44.4012478, 33.3308767], [44.4012742, 33.3309228], [44.4014546, 33.3312381]]}}, {"type": "Feature", "properties": {"name": "104-39", "highway": "service"}, "geometry": {"type": "LineString", "coordinates": [[44.4014546, 33.3312381], [44.4019568, 33.3316706], [44.4021483, 33.3318107], [44.4020705, 33.3318992], [44.4022737, 33.332064]]}}, {"type": "Feature", "properties": {"name": "104-22", "highway": "service"}, "geometry": {"type": "LineString", "coordinates": [[44.4019568, 33.3316706], [44.4023247, 33.3313697]]}}, {"type": "Feature", "properties": {"name": "ساحة الوثبة", "highway": "primary"}, "geometry": {"type": "LineString", "coordinates": [[44.4001948, 33.3362491], [44.4002029, 33.3363037], [44.4002044, 33.3363586], [44.4001995, 33.3364135], [44.400188, 33.3364676], [44.4001702, 33.3365206], [44.4001462, 33.3365718], [44.4001162, 33.3366207]]}}, {"type": "Feature", "properties": {"name": "113-71", "highway": "service"}, "geometry": {"type": "LineString", "coordinates": [[44.4002054, 33.340645], [44.4004515, 33.3408469]]}}, {"type": "Feature", "properties": {"name": "113-69", "highway": "service"}, "geometry": {"type": "LineString", "coordinates": [[44.3993152, 33.3400213], [44.3993971, 33.3400935], [44.3994735, 33.3401507], [44.39955, 33.3401821], [44.399617, 33.3402056], [44.399959, 33.3404543], [44.4000153, 33.3405226], [44.4000998, 33.340675]]}}, {"type": "Feature", "properties": {"name": "113-55", "highway": "service"}, "geometry": {"type": "LineString", "coordinates": [[44.3999716, 33.3395146], [44.400077, 33.3395961], [44.4001575, 33.3396465]]}}, {"type": "Feature", "properties": {"name": "113-38", "highway": "service"}, "geometry": {"type": "LineString", "coordinates": [[44.4003279, 33.3399265], [44.4004445, 33.3398269]]}}, {"type": "Feature", "properties": {"name": "113-38", "highway": "service"}, "geometry": {"type": "LineString", "coordinates": [[44.4007995, 33.3392841], [44.4007301, 33.3393563], [44.4006684, 33.339428], [44.4007596, 33.3394941]]}}, {"type": "Feature", "properties": {"name": "113-40", "highway": "service"}, "geometry": {"type": "LineString", "coordinates": [[44.4011027, 33.3395319], [44.4011874, 33.3394538], [44.401225, 33.3394605], [44.4013511, 33.3393104]]}}, {"type": "Feature", "properties": {"name": "113-47", "highway": "service"}, "geometry": {"type": "LineString", "coordinates": [[44.4007926, 33.3389125], [44.4011566, 33.3391255], [44.4011472, 33.3391513], [44.401229, 33.3392039]]}}, {"type": "Feature", "properties": {"name": "113-41", "highway": "service"}, "geometry": {"type": "LineString", "coordinates": [[44.4018091, 33.3392646], [44.40163, 33.3391434], [44.4015254, 33.3390762]]}}, {"type": "Feature", "properties": {"name": "113-48", "highway": "service"}, "geometry": {"type": "LineString", "coordinates": [[44.4008163, 33.3402811], [44.4009876, 33.34007]]}}, {"type": "Feature", "properties": {"name": "113-50", "highway": "service"}, "geometry": {"type": "LineString", "coordinates": [[44.4006723, 33.3401857], [44.4009528, 33.3398728], [44.4010171, 33.3398392]]}}, {"type": "Feature", "properties": {"name": "125-5", "highway": "service"}, "geometry": {"type": "LineString", "coordinates": [[44.403099, 33.3416135], [44.4030117, 33.341542], [44.4028376, 33.3413994], [44.4027806, 33.3413528], [44.4025518, 33.3411654], [44.4021417, 33.3408945], [44.4019881, 33.3407983], [44.4017525, 33.340678], [44.4015675, 33.3406073], [44.4010936, 33.3404263]]}}, {"type": "Feature", "properties": {"name": "113-44", "highway": "service"}, "geometry": {"type": "LineString", "coordinates": [[44.4014303, 33.340201], [44.4013739, 33.3401283], [44.4013645, 33.3400857], [44.401394, 33.3400151], [44.4014651, 33.3398594], [44.4015255, 33.339754]]}}, {"type": "Feature", "properties": {"name": "113-43", "highway": "service"}, "geometry": {"type": "LineString", "coordinates": [[44.4017743, 33.3395962], [44.4020275, 33.3398056]]}}, {"type": "Feature", "properties": {"name": "113-34", "highway": "service"}, "geometry": {"type": "LineString", "coordinates": [[44.4020772, 33.338901], [44.4018091, 33.3392646], [44.4019814, 33.3394101], [44.4018526, 33.3395345], [44.4017829, 33.3395882], [44.4017743, 33.3395962], [44.4017286, 33.3396381], [44.4016951, 33.3396387], [44.4016642, 33.3396375], [44.4016374, 33.3396487], [44.4015255, 33.339754]]}}, {"type": "Feature", "properties": {"name": "113-33", "highway": "service"}, "geometry": {"type": "LineString", "coordinates": [[44.4015536, 33.338239], [44.4018808, 33.3384381], [44.4021467, 33.3385994]]}}, {"type": "Feature", "properties": {"name": "113-24", "highway": "service"}, "geometry": {"type": "LineString", "coordinates": [[44.3973043, 33.3395583], [44.3974498, 33.3393765], [44.3975329, 33.3394135]]}}, {"type": "Feature", "properties": {"name": "113-23", "highway": "service"}, "geometry": {"type": "LineString", "coordinates": [[44.3981353, 33.338646], [44.3982873, 33.3387703], [44.3983289, 33.3387984], [44.3983805, 33.3388146], [44.3984275, 33.3388213]]}}, {"type": "Feature", "properties": {"name": "113-21", "highway": "service"}, "geometry": {"type": "LineString", "coordinates": [[44.3980087, 33.3387328], [44.3981203, 33.3386544], [44.3981353, 33.338646], [44.3982276, 33.3385944], [44.3983021, 33.3385681], [44.3983953, 33.3385536]]}}, {"type": "Feature", "properties": {"name": "113-25", "highway": "service"}, "geometry": {"type": "LineString", "coordinates": [[44.3977798, 33.3384892], [44.3979715, 33.338665], [44.3980087, 33.3387328], [44.3980157, 33.3387457], [44.3980439, 33.3388656], [44.3980479, 33.3389205], [44.3981512, 33.3390034]]}}, {"type": "Feature", "properties": {"name": "113-27", "highway": "service"}, "geometry": {"type": "LineString", "coordinates": [[44.3982288, 33.3394579], [44.398056, 33.3393261], [44.3978776, 33.3390336], [44.3978964, 33.3390124], [44.3979634, 33.3389866], [44.3980479, 33.3389205]]}}, {"type": "Feature", "properties": {"name": "113-31", "highway": "service"}, "geometry": {"type": "LineString", "coordinates": [[44.3979848, 33.3396252], [44.3981016, 33.3396936], [44.3981083, 33.3397092], [44.397983, 33.3398957]]}}, {"type": "Feature", "properties": {"name": "113-67", "highway": "service"}, "geometry": {"type": "LineString", "coordinates": [[44.3992875, 33.3400416], [44.3991503, 33.3399311]]}}, {"type": "Feature", "properties": {"name": "113-65", "highway": "service"}, "geometry": {"type": "LineString", "coordinates": [[44.3991342, 33.3391042], [44.3990242, 33.339223], [44.3989921, 33.3393171], [44.3989599, 33.3393776], [44.3990162, 33.3394157], [44.398976, 33.3394762], [44.3990752, 33.3395658], [44.3990564, 33.3396039]]}}, {"type": "Feature", "properties": {"name": "113-63", "highway": "service"}, "geometry": {"type": "LineString", "coordinates": [[44.3995056, 33.3392058], [44.3994668, 33.339353], [44.3994534, 33.3395614], [44.3994293, 33.3397339], [44.3995504, 33.33985]]}}, {"type": "Feature", "properties": {"name": "113-61", "highway": "service"}, "geometry": {"type": "LineString", "coordinates": [[44.3988725, 33.3389014], [44.3991342, 33.3391042], [44.3992522, 33.3391625], [44.3994427, 33.3391916], [44.3995056, 33.3392058], [44.3995821, 33.339223], [44.3996492, 33.3391849], [44.3996894, 33.3391356]]}}, {"type": "Feature", "properties": {"name": "113-53", "highway": "service"}, "geometry": {"type": "LineString", "coordinates": [[44.4003501, 33.3392182], [44.4002058, 33.339093]]}}, {"type": "Feature", "properties": {"name": "113-49", "highway": "service"}, "geometry": {"type": "LineString", "coordinates": [[44.4005853, 33.3390491], [44.4004659, 33.3389104], [44.4003989, 33.3388084]]}}, {"type": "Feature", "properties": {"name": "113-13", "highway": "service"}, "geometry": {"type": "LineString", "coordinates": [[44.4004119, 33.3384843], [44.4001856, 33.3382863]]}}, {"type": "Feature", "properties": {"name": "113-12", "highway": "service"}, "geometry": {"type": "LineString", "coordinates": [[44.400221, 33.3379363], [44.4003228, 33.337803]]}}, {"type": "Feature", "properties": {"name": "113-6", "highway": "service"}, "geometry": {"type": "LineString", "coordinates": [[44.4003864, 33.3371665], [44.4002312, 33.3373889], [44.4002916, 33.3374337]]}}, {"type": "Feature", "properties": {"name": "113-9", "highway": "service"}, "geometry": {"type": "LineString", "coordinates": [[44.4007981, 33.3380453], [44.4007026, 33.3379883], [44.4006262, 33.3379356]]}}, {"type": "Feature", "properties": {"name": "113-5", "highway": "service"}, "geometry": {"type": "LineString", "coordinates": [[44.4009381, 33.337881], [44.4007901, 33.3376342], [44.4005919, 33.3374804]]}}, {"type": "Feature", "properties": {"name": "113-14", "highway": "service"}, "geometry": {"type": "LineString", "coordinates": [[44.4006404, 33.3382303], [44.4007981, 33.3380453], [44.4009381, 33.337881], [44.4010989, 33.337762], [44.4011432, 33.3377373], [44.4013618, 33.33792]]}}, {"type": "Feature", "properties": {"name": "113-8", "highway": "service"}, "geometry": {"type": "LineString", "coordinates": [[44.3991267, 33.3373777], [44.3993737, 33.3375843], [44.3995567, 33.3377373], [44.3994614, 33.3378561]]}}, {"type": "Feature", "properties": {"name": "113-3", "highway": "service"}, "geometry": {"type": "LineString", "coordinates": [[44.3998613, 33.3368156], [44.4000785, 33.337008], [44.4003864, 33.3371665], [44.400529, 33.3372399]]}}, {"type": "Feature", "properties": {"name": "113-28", "highway": "service"}, "geometry": {"type": "LineString", "coordinates": [[44.3989662, 33.3402756], [44.3992875, 33.3400416], [44.3993152, 33.3400213], [44.3995504, 33.33985], [44.399695, 33.3397313], [44.3999716, 33.3395146], [44.4003501, 33.3392182], [44.4005618, 33.339066], [44.4005853, 33.3390491], [44.4007926, 33.3389125], [44.4008977, 33.3388433], [44.4011573, 33.3386097], [44.4014652, 33.3382981], [44.4015536, 33.338239], [44.4016232, 33.3381925], [44.4019448, 33.3379395]]}}, {"type": "Feature", "properties": {"name": "115-27", "highway": "service"}, "geometry": {"type": "LineString", "coordinates": [[44.396916, 33.3407534], [44.3972835, 33.3409036]]}}, {"type": "Feature", "properties": {"name": "115-25", "highway": "service"}, "geometry": {"type": "LineString", "coordinates": [[44.3972702, 33.3402533], [44.3972071, 33.3404241], [44.3972164, 33.3404711], [44.3972473, 33.340507], [44.3972781, 33.3405215], [44.3974216, 33.3406179], [44.3975624, 33.3406761]]}}, {"type": "Feature", "properties": {"name": "115-23", "highway": "service"}, "geometry": {"type": "LineString", "coordinates": [[44.3971045, 33.3402201], [44.3972231, 33.3402504], [44.3972702, 33.3402533], [44.397423, 33.3402627], [44.3974806, 33.340284], [44.3974927, 33.3403053], [44.397482, 33.3403389], [44.3974873, 33.3403692], [44.3975678, 33.3404565], [44.3976536, 33.3405025]]}}, {"type": "Feature", "properties": {"name": "115-31", "highway": "service"}, "geometry": {"type": "LineString", "coordinates": [[44.3978196, 33.3415442], [44.3980962, 33.3417035], [44.3982732, 33.3418133], [44.398398, 33.3419018]]}}, {"type": "Feature", "properties": {"name": "115-33", "highway": "service"}, "geometry": {"type": "LineString", "coordinates": [[44.3974026, 33.3418758], [44.3975651, 33.3419926]]}}, {"type": "Feature", "properties": {"name": "115-35", "highway": "service"}, "geometry": {"type": "LineString", "coordinates": [[44.3971467, 33.3417999], [44.3970931, 33.3418559], [44.3969884, 33.3419052], [44.3968731, 33.3419635], [44.3968409, 33.342015], [44.3967685, 33.342145], [44.396617, 33.3423192], [44.396741, 33.3424123]]}}, {"type": "Feature", "properties": {"name": "115-5", "highway": "service"}, "geometry": {"type": "LineString", "coordinates": [[44.3959815, 33.3413364], [44.3959317, 33.3413428], [44.3956903, 33.3412845]]}}, {"type": "Feature", "properties": {"name": "115-13", "highway": "service"}, "geometry": {"type": "LineString", "coordinates": [[44.3952118, 33.3419027], [44.3953878, 33.3417316]]}}, {"type": "Feature", "properties": {"name": "115-7", "highway": "service"}, "geometry": {"type": "LineString", "coordinates": [[44.395017, 33.3415041], [44.3949312, 33.3416027], [44.3947623, 33.3416852], [44.3945145, 33.3414643]]}}, {"type": "Feature", "properties": {"name": "115-14", "highway": "service"}, "geometry": {"type": "LineString", "coordinates": [[44.3944146, 33.3419162], [44.3945892, 33.3418525]]}}, {"type": "Feature", "properties": {"name": "115-16", "highway": "service"}, "geometry": {"type": "LineString", "coordinates": [[44.3944934, 33.3421048], [44.3947086, 33.3420307]]}}, {"type": "Feature", "properties": {"name": "115-11", "highway": "service"}, "geometry": {"type": "LineString", "coordinates": [[44.3938987, 33.3419523], [44.3940434, 33.3420732], [44.3942124, 33.3419747], [44.3942258, 33.3419276], [44.3940771, 33.3418056]]}}, {"type": "Feature", "properties": {"name": "115-18", "highway": "service"}, "geometry": {"type": "LineString", "coordinates": [[44.3941587, 33.3423757], [44.3942741, 33.3424564], [44.3944725, 33.342378], [44.3945933, 33.3423436]]}}, {"type": "Feature", "properties": {"name": "115-15", "highway": "service"}, "geometry": {"type": "LineString", "coordinates": [[44.3934066, 33.3424066], [44.3936075, 33.3424867], [44.3937041, 33.3425304]]}}, {"type": "Feature", "properties": {"name": "115-13", "highway": "service"}, "geometry": {"type": "LineString", "coordinates": [[44.3942551, 33.342927], [44.394152, 33.3427836], [44.3940756, 33.3427275], [44.3940139, 33.342704]]}}, {"type": "Feature", "properties": {"name": "115-24", "highway": "service"}, "geometry": {"type": "LineString", "coordinates": [[44.3948457, 33.3429552], [44.3946885, 33.3430054]]}}, {"type": "Feature", "properties": {"name": "115-26", "highway": "service"}, "geometry": {"type": "LineString", "coordinates": [[44.3950059, 33.343349], [44.3948668, 33.3433953]]}}, {"type": "Feature", "properties": {"name": "115-28", "highway": "service"}, "geometry": {"type": "LineString", "coordinates": [[44.3950375, 33.3434269], [44.3947197, 33.3437175]]}}, {"type": "Feature", "properties": {"name": "115-34", "highway": "service"}, "geometry": {"type": "LineString", "coordinates": [[44.3943526, 33.3434102], [44.394154, 33.3435448], [44.3940575, 33.3436076], [44.3940441, 33.3436345], [44.3938801, 33.3437344]]}}, {"type": "Feature", "properties": {"name": "115-32", "highway": "service"}, "geometry": {"type": "LineString", "coordinates": [[44.3939072, 33.3431358], [44.3938107, 33.3432737], [44.3936786, 33.3434317], [44.3936437, 33.3434166], [44.3936048, 33.3433941], [44.3932679, 33.3436231]]}}, {"type": "Feature", "properties": {"name": "115-56", "highway": "service"}, "geometry": {"type": "LineString", "coordinates": [[44.394714, 33.3441076], [44.3943505, 33.3442389], [44.3943237, 33.3442406], [44.3942962, 33.3442355], [44.3942673, 33.3442187], [44.3942496, 33.3441997]]}}, {"type": "Feature", "properties": {"name": "شارع الزكية", "highway": "tertiary"}, "geometry": {"type": "LineString", "coordinates": [[44.3975529, 33.3445766], [44.3974768, 33.3444945], [44.397246, 33.3442426], [44.3966636, 33.3436087]]}}, {"type": "Feature", "properties": {"name": "ساحة زبيدة", "highway": "tertiary_link"}, "geometry": {"type": "LineString", "coordinates": [[44.395268, 33.344439], [44.3952168, 33.3445043], [44.3951819, 33.3445772], [44.395151, 33.3446799], [44.3950896, 33.3447725], [44.3949212, 33.3448856], [44.3946398, 33.3450746]]}}, {"type": "Feature", "properties": {"name": "115-55", "highway": "service"}, "geometry": {"type": "LineString", "coordinates": [[44.3952859, 33.3438621], [44.3955038, 33.3437885], [44.395701, 33.3437325], [44.3958767, 33.3437773], [44.3959488, 33.3438616]]}}, {"type": "Feature", "properties": {"name": "115-49", "highway": "service"}, "geometry": {"type": "LineString", "coordinates": [[44.396109, 33.3430374], [44.3961851, 33.3430894], [44.3962508, 33.3431465]]}}, {"type": "Feature", "properties": {"name": "115-59", "highway": "service"}, "geometry": {"type": "LineString", "coordinates": [[44.3948003, 33.3437012], [44.3951172, 33.3442786], [44.395182, 33.3443749]]}}, {"type": "Feature", "properties": {"name": "115-43", "highway": "service"}, "geometry": {"type": "LineString", "coordinates": [[44.3968892, 33.3425197], [44.3967859, 33.3426256], [44.3970974, 33.3428582]]}}, {"type": "Feature", "properties": {"name": "115-37", "highway": "service"}, "geometry": {"type": "LineString", "coordinates": [[44.3975678, 33.3421393], [44.3977126, 33.3422189], [44.3978293, 33.3423063], [44.3979084, 33.3423377], [44.397946, 33.3423444]]}}, {"type": "Feature", "properties": {"name": "115-48", "highway": "service"}, "geometry": {"type": "LineString", "coordinates": [[44.398851, 33.3415386], [44.3990618, 33.341429], [44.3991597, 33.3413887], [44.3992281, 33.341419]]}}, {"type": "Feature", "properties": {"name": "115-50", "highway": "service"}, "geometry": {"type": "LineString", "coordinates": [[44.397946, 33.3423444], [44.3979742, 33.3423332], [44.3980479, 33.3422536], [44.3981297, 33.3421808], [44.398398, 33.3419018], [44.3987798, 33.3415957], [44.398851, 33.3415386]]}}, {"type": "Feature", "properties": {"name": "115-46", "highway": "service"}, "geometry": {"type": "LineString", "coordinates": [[44.3996883, 33.3413685], [44.3994963, 33.3411254], [44.3994226, 33.3410627], [44.3993153, 33.3409999], [44.3991235, 33.3411467], [44.3988039, 33.3412648]]}}, {"type": "Feature", "properties": {"name": "115-31", "highway": "service"}, "geometry": {"type": "LineString", "coordinates": [[44.3987798, 33.3415957], [44.3986407, 33.3414033], [44.398587, 33.3412845], [44.3984851, 33.3410044], [44.3983951, 33.3408855], [44.3982008, 33.3406504], [44.398347, 33.340498], [44.3982303, 33.3403972], [44.398198, 33.3402628], [44.3978826, 33.3402009], [44.3975769, 33.3401724], [44.3974009, 33.3401662], [44.3971632, 33.3400988]]}}, {"type": "Feature", "properties": {"name": "115-8", "highway": "service"}, "geometry": {"type": "LineString", "coordinates": [[44.396351, 33.341646], [44.3963249, 33.3416309], [44.3961332, 33.3414955], [44.3959815, 33.3413364], [44.3960701, 33.3411051], [44.3961869, 33.3407441], [44.3964766, 33.3401615], [44.3970296, 33.339805], [44.3974695, 33.339702]]}}, {"type": "Feature", "properties": {"name": "117-8", "highway": "service"}, "geometry": {"type": "LineString", "coordinates": [[44.3907873, 33.3440543], [44.3911224, 33.3440886], [44.3914987, 33.3441325], [44.3915462, 33.344138], [44.3918448, 33.3441675], [44.3918738, 33.3441704], [44.392104, 33.3441561], [44.3921722, 33.344148], [44.3922402, 33.3441384], [44.39232, 33.3441287], [44.3923496, 33.3441251], [44.3925072, 33.3441038], [44.3926301, 33.3440839], [44.3927643, 33.3440622], [44.3928191, 33.3440613], [44.3928744, 33.3440604], [44.3931891, 33.3440948], [44.3936313, 33.3440922], [44.3937115, 33.3440863]]}}, {"type": "Feature", "properties": {"name": "117-7", "highway": "service"}, "geometry": {"type": "LineString", "coordinates": [[44.3918448, 33.3441675], [44.3918332, 33.3439476], [44.3918178, 33.3438003], [44.3917876, 33.3436955]]}}, {"type": "Feature", "properties": {"name": "117-6", "highway": "service"}, "geometry": {"type": "LineString", "coordinates": [[44.3924588, 33.3436133], [44.3922396, 33.343747]]}}, {"type": "Feature", "properties": {"name": "117-3", "highway": "service"}, "geometry": {"type": "LineString", "coordinates": [[44.3927385, 33.3439173], [44.3929812, 33.3437515], [44.3927358, 33.3434905], [44.3926922, 33.3433521], [44.3925266, 33.3432743], [44.3924743, 33.3432535], [44.3924099, 33.3432698]]}}, {"type": "Feature", "properties": {"name": "117-5", "highway": "service"}, "geometry": {"type": "LineString", "coordinates": [[44.3924099, 33.3432698], [44.3923657, 33.3433012], [44.3923831, 33.3434647], [44.3924588, 33.3436133], [44.3925789, 33.3437594], [44.3927385, 33.3439173], [44.3928191, 33.3440613]]}}, {"type": "Feature", "properties": {"name": "117-18", "highway": "service"}, "geometry": {"type": "LineString", "coordinates": [[44.3935205, 33.3450079], [44.3933608, 33.3450623], [44.3932481, 33.3450926]]}}, {"type": "Feature", "properties": {"name": "117-20", "highway": "service"}, "geometry": {"type": "LineString", "coordinates": [[44.393339, 33.3454312], [44.3936907, 33.3452808], [44.3937162, 33.3452652]]}}, {"type": "Feature", "properties": {"name": "117-23", "highway": "service"}, "geometry": {"type": "LineString", "coordinates": [[44.3934325, 33.3455654], [44.3933809, 33.3455239], [44.3933487, 33.3454522], [44.393339, 33.3454312], [44.3933085, 33.3453648]]}}, {"type": "Feature", "properties": {"name": "117-10", "highway": "service"}, "geometry": {"type": "LineString", "coordinates": [[44.3938926, 33.3442745], [44.3937577, 33.344347], [44.3935955, 33.3444013], [44.3935834, 33.3444137], [44.3936545, 33.3445403]]}}, {"type": "Feature", "properties": {"name": "117-12", "highway": "service"}, "geometry": {"type": "LineString", "coordinates": [[44.3931552, 33.3444752], [44.3933795, 33.3443789], [44.3934506, 33.3444943]]}}, {"type": "Feature", "properties": {"name": "117-28", "highway": "service"}, "geometry": {"type": "LineString", "coordinates": [[44.3928882, 33.3449746], [44.3927747, 33.3449839], [44.3927103, 33.344994], [44.3925856, 33.3450276], [44.3923831, 33.3450634], [44.3923245, 33.3450783]]}}, {"type": "Feature", "properties": {"name": "117-30", "highway": "service"}, "geometry": {"type": "LineString", "coordinates": [[44.3923831, 33.3450634], [44.3923409, 33.3449368], [44.39233, 33.3448542]]}}, {"type": "Feature", "properties": {"name": "117-16", "highway": "service"}, "geometry": {"type": "LineString", "coordinates": [[44.3925257, 33.3448083], [44.392485, 33.3446893], [44.3925065, 33.3446691], [44.3925548, 33.3446523]]}}, {"type": "Feature", "properties": {"name": "117-36", "highway": "service"}, "geometry": {"type": "LineString", "coordinates": [[44.3925812, 33.3454133], [44.3924448, 33.3454332]]}}, {"type": "Feature", "properties": {"name": "117-24", "highway": "service"}, "geometry": {"type": "LineString", "coordinates": [[44.392925, 33.3453323], [44.3927948, 33.3453402], [44.3925829, 33.3453693], [44.3925749, 33.3453783], [44.3925812, 33.3454133], [44.3925937, 33.3454824]]}}, {"type": "Feature", "properties": {"name": "117-38", "highway": "service"}, "geometry": {"type": "LineString", "coordinates": [[44.391967, 33.3457625], [44.3922114, 33.34573], [44.3923804, 33.3456897]]}}, {"type": "Feature", "properties": {"name": "117-27", "highway": "service"}, "geometry": {"type": "LineString", "coordinates": [[44.3925653, 33.3461622], [44.3925226, 33.3460617], [44.3924662, 33.3458578], [44.3924582, 33.3457771], [44.392473, 33.3457614]]}}, {"type": "Feature", "properties": {"name": "117-27", "highway": "service"}, "geometry": {"type": "LineString", "coordinates": [[44.3929326, 33.3459094], [44.3928847, 33.3458264], [44.3928391, 33.3457032], [44.3927345, 33.3457368]]}}, {"type": "Feature", "properties": {"name": "117-14", "highway": "service"}, "geometry": {"type": "LineString", "coordinates": [[44.3931739, 33.3445671], [44.3931331, 33.3445925], [44.3930701, 33.3446234], [44.3928102, 33.3447417], [44.3925257, 33.3448083], [44.39233, 33.3448542]]}}, {"type": "Feature", "properties": {"name": "117-56", "highway": "service"}, "geometry": {"type": "LineString", "coordinates": [[44.3907537, 33.345599], [44.390704, 33.3456281], [44.3906611, 33.3456371], [44.3906115, 33.3456449], [44.3904222, 33.3456597]]}}, {"type": "Feature", "properties": {"name": "117-58", "highway": "service"}, "geometry": {"type": "LineString", "coordinates": [[44.3903254, 33.3454505], [44.3904626, 33.3453525], [44.3905927, 33.3453122], [44.3906866, 33.3452931]]}}, {"type": "Feature", "properties": {"name": "117-40", "highway": "service"}, "geometry": {"type": "LineString", "coordinates": [[44.3919743, 33.3456351], [44.3919137, 33.345646], [44.3917193, 33.3456404]]}}, {"type": "Feature", "properties": {"name": "117-36", "highway": "service"}, "geometry": {"type": "LineString", "coordinates": [[44.3919691, 33.3459098], [44.391903, 33.3459171], [44.3917286, 33.3459631], [44.39162, 33.3459832], [44.3914564, 33.34599]]}}, {"type": "Feature", "properties": {"name": "117-54", "highway": "service"}, "geometry": {"type": "LineString", "coordinates": [[44.3906876, 33.3462629], [44.3908221, 33.3461983], [44.3908475, 33.3461748], [44.390865, 33.3461098], [44.390877, 33.3459922], [44.3908797, 33.3458746], [44.3911141, 33.3458227], [44.391097, 33.345748], [44.3911064, 33.3457267], [44.3912955, 33.3456539], [44.3914081, 33.3455934], [44.3914255, 33.3455687], [44.3913929, 33.3453965]]}}, {"type": "Feature", "properties": {"name": "117-50", "highway": "service"}, "geometry": {"type": "LineString", "coordinates": [[44.3907613, 33.3464126], [44.3910319, 33.3462896]]}}, {"type": "Feature", "properties": {"name": "117-34", "highway": "service"}, "geometry": {"type": "LineString", "coordinates": [[44.3919776, 33.3463999], [44.3918399, 33.3464403], [44.3917152, 33.3464862], [44.3917095, 33.3464857], [44.3917062, 33.3464826], [44.3916971, 33.346461]]}}, {"type": "Feature", "properties": {"name": "117-48", "highway": "service"}, "geometry": {"type": "LineString", "coordinates": [[44.3907821, 33.346457], [44.3909032, 33.346461], [44.3909971, 33.3464711], [44.3912029, 33.3464571], [44.3912455, 33.3464372], [44.3913196, 33.3463877], [44.3914483, 33.3463384], [44.3915328, 33.3463115]]}}, {"type": "Feature", "properties": {"name": "117-35", "highway": "service"}, "geometry": {"type": "LineString", "coordinates": [[44.3916229, 33.346819], [44.3914175, 33.3465994], [44.391329, 33.3465053], [44.3912455, 33.3464372]]}}, {"type": "Feature", "properties": {"name": "117-68", "highway": "service"}, "geometry": {"type": "LineString", "coordinates": [[44.3898338, 33.3460526], [44.3897022, 33.3461401], [44.3893334, 33.346307], [44.3892503, 33.3463294]]}}, {"type": "Feature", "properties": {"name": "117-55", "highway": "service"}, "geometry": {"type": "LineString", "coordinates": [[44.3889472, 33.346158], [44.3889217, 33.3461132], [44.3889123, 33.3460437], [44.3888935, 33.3459709], [44.3888907, 33.3459396]]}}, {"type": "Feature", "properties": {"name": "117-66", "highway": "service"}, "geometry": {"type": "LineString", "coordinates": [[44.3888104, 33.3463395], [44.3888858, 33.3462454], [44.3889472, 33.346158], [44.3889713, 33.3461558], [44.3890679, 33.3461558], [44.3891282, 33.3461446], [44.3891577, 33.3461277], [44.3892637, 33.3460348], [44.3892731, 33.3459978], [44.3892932, 33.345981], [44.3893388, 33.3459519]]}}, {"type": "Feature", "properties": {"name": "117-70", "highway": "service"}, "geometry": {"type": "LineString", "coordinates": [[44.3883028, 33.3467947], [44.3883638, 33.3466588], [44.3884228, 33.346568], [44.3883705, 33.3465232], [44.3883558, 33.3464862], [44.3884791, 33.3463944]]}}, {"type": "Feature", "properties": {"name": "117-72", "highway": "service"}, "geometry": {"type": "LineString", "coordinates": [[44.3886426, 33.3468943], [44.3886749, 33.3467025], [44.3885328, 33.3466409], [44.3886065, 33.3465232], [44.3885972, 33.3465053], [44.3886025, 33.3464638], [44.388523, 33.3464084], [44.3884791, 33.3463944]]}}, {"type": "Feature", "properties": {"name": "117-74", "highway": "service"}, "geometry": {"type": "LineString", "coordinates": [[44.3887504, 33.3469281], [44.38897, 33.3465255], [44.3889941, 33.3465176], [44.3891913, 33.3464919], [44.389206, 33.3464986], [44.3892315, 33.3467081]]}}, {"type": "Feature", "properties": {"name": "117-45", "highway": "service"}, "geometry": {"type": "LineString", "coordinates": [[44.3895628, 33.3467081], [44.3896177, 33.3468246], [44.3896593, 33.3468223], [44.3896855, 33.3468509], [44.3897425, 33.3468425], [44.3897982, 33.3469826]]}}, {"type": "Feature", "properties": {"name": "117-41", "highway": "service"}, "geometry": {"type": "LineString", "coordinates": [[44.3910138, 33.3472472], [44.390814, 33.3471293], [44.3907671, 33.3470979], [44.3907174, 33.3470408], [44.3904264, 33.3470755], [44.3901475, 33.3470755], [44.3900204, 33.3468675], [44.3899813, 33.3467671], [44.3899273, 33.3466035], [44.3899113, 33.3465839], [44.3898901, 33.3465706], [44.3898645, 33.3465636], [44.3897197, 33.3466028]]}}, {"type": "Feature", "properties": {"name": "117-43", "highway": "service"}, "geometry": {"type": "LineString", "coordinates": [[44.3907174, 33.3470408], [44.3906236, 33.3468705], [44.3904465, 33.3469254], [44.3903406, 33.3467417]]}}, {"type": "Feature", "properties": {"name": "117-52", "highway": "service"}, "geometry": {"type": "LineString", "coordinates": [[44.3899273, 33.3466035], [44.3900256, 33.3465467], [44.3902131, 33.3464612], [44.3904151, 33.3464129], [44.3904632, 33.3464013], [44.3905139, 33.3463859], [44.3907108, 33.3463045]]}}, {"type": "Feature", "properties": {"name": "117-13", "highway": "service"}, "geometry": {"type": "LineString", "coordinates": [[44.3918567, 33.3442915], [44.3915114, 33.3443352]]}}, {"type": "Feature", "properties": {"name": "117-15", "highway": "service"}, "geometry": {"type": "LineString", "coordinates": [[44.3920612, 33.3444047], [44.3919526, 33.3444282], [44.3919273, 33.3444255], [44.3919002, 33.3444149], [44.3918797, 33.3443983], [44.3918643, 33.3443699], [44.3918567, 33.3442915], [44.3918448, 33.3441675]]}}, {"type": "Feature", "properties": {"name": "117-17", "highway": "service"}, "geometry": {"type": "LineString", "coordinates": [[44.39232, 33.3441287], [44.3924046, 33.3444305], [44.3923965, 33.3444461], [44.3920907, 33.344519], [44.3920626, 33.3445223]]}}, {"type": "Feature", "properties": {"name": "117-19", "highway": "service"}, "geometry": {"type": "LineString", "coordinates": [[44.3926301, 33.3440839], [44.3926647, 33.3442759], [44.3926969, 33.3444013]]}}, {"type": "Feature", "properties": {"name": "117-11", "highway": "service"}, "geometry": {"type": "LineString", "coordinates": [[44.3914265, 33.3448707], [44.3913581, 33.3446119]]}}, {"type": "Feature", "properties": {"name": "117-9", "highway": "service"}, "geometry": {"type": "LineString", "coordinates": [[44.3914987, 33.3441325], [44.3915114, 33.3443352], [44.3915328, 33.3444305], [44.3914255, 33.3444641], [44.3914175, 33.344603], [44.3913581, 33.3446119], [44.3912537, 33.3446122], [44.3911131, 33.3446131], [44.3910997, 33.3446705], [44.3910567, 33.3446926], [44.3909549, 33.344715], [44.39057, 33.3447754], [44.3904462, 33.3447908], [44.3903327, 33.3448049]]}}, {"type": "Feature", "properties": {"name": "131-13", "highway": "service"}, "geometry": {"type": "LineString", "coordinates": [[44.3932139, 33.3479793], [44.3931864, 33.3481308], [44.3930389, 33.3481174], [44.3930174, 33.3482339], [44.3931194, 33.3482474], [44.3931185, 33.3483355], [44.3930536, 33.3484456], [44.3929865, 33.3485266]]}}, {"type": "Feature", "properties": {"name": "131-11", "highway": "service"}, "geometry": {"type": "LineString", "coordinates": [[44.3927686, 33.3479134], [44.3927546, 33.3480491], [44.3927801, 33.348151]]}}, {"type": "Feature", "properties": {"name": "131-4", "highway": "service"}, "geometry": {"type": "LineString", "coordinates": [[44.3923317, 33.3481669], [44.3915583, 33.3479031], [44.3909834, 33.347707]]}}, {"type": "Feature", "properties": {"name": "131-9", "highway": "service"}, "geometry": {"type": "LineString", "coordinates": [[44.3924651, 33.3478632], [44.3923954, 33.3480143], [44.3923317, 33.3481669], [44.3922437, 33.3483777], [44.3922153, 33.3484456], [44.3921881, 33.3485108], [44.3921032, 33.3487141], [44.3919823, 33.3490036]]}}, {"type": "Feature", "properties": {"name": "129-94", "highway": "service"}, "geometry": {"type": "LineString", "coordinates": [[44.3927659, 33.3474321], [44.392831, 33.3473859], [44.3928874, 33.3473119], [44.3929142, 33.3472559], [44.3929946, 33.3472021], [44.3931341, 33.3471304], [44.3931717, 33.3470923], [44.3931931, 33.3470251], [44.3932414, 33.3469579], [44.393287, 33.346922]]}}, {"type": "Feature", "properties": {"name": "129-91", "highway": "service"}, "geometry": {"type": "LineString", "coordinates": [[44.3928081, 33.3475068], [44.3927659, 33.3474321], [44.3927398, 33.3473859], [44.3927157, 33.3473298], [44.392713, 33.3472716], [44.3925253, 33.3470296], [44.3927076, 33.346875]]}}, {"type": "Feature", "properties": {"name": "129-86", "highway": "service"}, "geometry": {"type": "LineString", "coordinates": [[44.3922745, 33.3474239], [44.392422, 33.3473769]]}}, {"type": "Feature", "properties": {"name": "129-87", "highway": "service"}, "geometry": {"type": "LineString", "coordinates": [[44.3921189, 33.3472189], [44.3923227, 33.3471685], [44.3923402, 33.3471741], [44.392422, 33.3473769], [44.3924931, 33.3475304], [44.3925494, 33.3475729], [44.3926174, 33.3476099]]}}, {"type": "Feature", "properties": {"name": "129-81", "highway": "service"}, "geometry": {"type": "LineString", "coordinates": [[44.3921095, 33.3467294], [44.3920333, 33.3465284]]}}, {"type": "Feature", "properties": {"name": "129-90", "highway": "service"}, "geometry": {"type": "LineString", "coordinates": [[44.3914349, 33.3473052], [44.3913141, 33.3474309]]}}, {"type": "Feature", "properties": {"name": "129-92", "highway": "service"}, "geometry": {"type": "LineString", "coordinates": [[44.3915165, 33.3475117], [44.3915865, 33.3473959]]}}, {"type": "Feature", "properties": {"name": "129-83", "highway": "service"}, "geometry": {"type": "LineString", "coordinates": [[44.3918292, 33.3472481], [44.3918909, 33.347331], [44.3920156, 33.3472817], [44.3921189, 33.3472189], [44.391911, 33.3470419], [44.3916847, 33.3468688], [44.3916229, 33.346819]]}}, {"type": "Feature", "properties": {"name": "129-85", "highway": "service"}, "geometry": {"type": "LineString", "coordinates": [[44.391565, 33.3470789], [44.3916267, 33.3470397], [44.3916495, 33.3470117], [44.3916723, 33.3469747], [44.3916847, 33.3468688]]}}, {"type": "Feature", "properties": {"name": "129-88", "highway": "service"}, "geometry": {"type": "LineString", "coordinates": [[44.391221, 33.3473938], [44.3912941, 33.347257], [44.3913679, 33.3471988]]}}, {"type": "Feature", "properties": {"name": "129-50", "highway": "service"}, "geometry": {"type": "LineString", "coordinates": [[44.3976944, 33.3475446], [44.397807, 33.3474885], [44.3978897, 33.3473859], [44.3980184, 33.3471909], [44.3981488, 33.3470309]]}}, {"type": "Feature", "properties": {"name": "129-61", "highway": "service"}, "geometry": {"type": "LineString", "coordinates": [[44.3949826, 33.3468948], [44.3952772, 33.3470946], [44.3955378, 33.3472869], [44.3957149, 33.3475715]]}}, {"type": "Feature", "properties": {"name": "129-63", "highway": "service"}, "geometry": {"type": "LineString", "coordinates": [[44.3939193, 33.3459847], [44.393751, 33.3457872]]}}, {"type": "Feature", "properties": {"name": "129-77", "highway": "service"}, "geometry": {"type": "LineString", "coordinates": [[44.3932862, 33.3462601], [44.3930981, 33.3457955]]}}, {"type": "Feature", "properties": {"name": "129-5", "highway": "service"}, "geometry": {"type": "LineString", "coordinates": [[44.395659, 33.3450965], [44.3954918, 33.3449413], [44.3954328, 33.3449817]]}}, {"type": "Feature", "properties": {"name": "129-7", "highway": "service"}, "geometry": {"type": "LineString", "coordinates": [[44.395401, 33.3453311], [44.3952504, 33.3452125], [44.395127, 33.3451116], [44.3949212, 33.3448856]]}}, {"type": "Feature", "properties": {"name": "129-57", "highway": "service"}, "geometry": {"type": "LineString", "coordinates": [[44.3936701, 33.3454019], [44.3938583, 33.3455754], [44.3941292, 33.345795], [44.3941346, 33.3458034], [44.3941366, 33.3458135], [44.3941353, 33.3458241], [44.3941002, 33.3458686]]}}, {"type": "Feature", "properties": {"name": "129-82", "highway": "service"}, "geometry": {"type": "LineString", "coordinates": [[44.3941002, 33.3458686], [44.3939193, 33.3459847], [44.3937262, 33.3460881], [44.3935182, 33.3461777], [44.3934172, 33.3462201], [44.3932862, 33.3462601], [44.3930288, 33.3463136], [44.3929602, 33.3463279], [44.3925436, 33.3463901], [44.3922287, 33.3463939]]}}, {"type": "Feature", "properties": {"name": "129-15", "highway": "service"}, "geometry": {"type": "LineString", "coordinates": [[44.3958538, 33.3449194], [44.3960053, 33.3451127], [44.3960309, 33.3451944], [44.3960577, 33.3452797], [44.3961287, 33.3453883]]}}, {"type": "Feature", "properties": {"name": "129-10", "highway": "service"}, "geometry": {"type": "LineString", "coordinates": [[44.395368, 33.3443628], [44.3954998, 33.3445403], [44.3953416, 33.344612], [44.395414, 33.3447262]]}}, {"type": "Feature", "properties": {"name": "129-14", "highway": "service"}, "geometry": {"type": "LineString", "coordinates": [[44.3959964, 33.344816], [44.3964238, 33.3448785], [44.3967691, 33.3449408]]}}, {"type": "Feature", "properties": {"name": "129-4", "highway": "service"}, "geometry": {"type": "LineString", "coordinates": [[44.3967489, 33.3442229], [44.3965673, 33.3443756], [44.3960738, 33.3446803], [44.3960125, 33.3446386]]}}, {"type": "Feature", "properties": {"name": "129-6", "highway": "service"}, "geometry": {"type": "LineString", "coordinates": [[44.3959265, 33.3447522], [44.3960125, 33.3446386], [44.396224, 33.3443588]]}}, {"type": "Feature", "properties": {"name": "129-2", "highway": "service"}, "geometry": {"type": "LineString", "coordinates": [[44.3963568, 33.3439566], [44.3962871, 33.3441168]]}}, {"type": "Feature", "properties": {"name": "129-8", "highway": "service"}, "geometry": {"type": "LineString", "coordinates": [[44.397246, 33.3442426], [44.3969503, 33.344404], [44.3967265, 33.3445404], [44.3965543, 33.3446966], [44.3964238, 33.3448785]]}}, {"type": "Feature", "properties": {"name": "108-13", "highway": "service"}, "geometry": {"type": "LineString", "coordinates": [[44.397003, 33.3346082], [44.397321, 33.3347928], [44.3974739, 33.3349026], [44.3977745, 33.3351691]]}}, {"type": "Feature", "properties": {"name": "شارع 24", "highway": "tertiary"}, "geometry": {"type": "LineString", "coordinates": [[44.3821598, 33.3469188], [44.3820455, 33.3468907], [44.3819676, 33.3468551], [44.3817558, 33.3467456], [44.3815377, 33.3466176], [44.3811671, 33.3463601], [44.3811453, 33.3463422], [44.3808772, 33.3461228], [44.380668, 33.3459229], [44.3804755, 33.3457116], [44.3801413, 33.3452337], [44.3801095, 33.3451868], [44.3800375, 33.345072], [44.3799705, 33.344955], [44.3797024, 33.3444083], [44.3796198, 33.3441812], [44.3795802, 33.3440658], [44.3795412, 33.3439505]]}}, {"type": "Feature", "properties": {"name": "شارع 24", "highway": "tertiary"}, "geometry": {"type": "LineString", "coordinates": [[44.379833, 33.3439083], [44.3798633, 33.343929], [44.3798806, 33.3439597], [44.3800114, 33.3443845], [44.3801495, 33.344687], [44.3803045, 33.344945], [44.3805888, 33.3453483], [44.3808409, 33.345671], [44.3810447, 33.3458771], [44.3811567, 33.3459743], [44.3812989, 33.3460789], [44.3814665, 33.3461882], [44.3816322, 33.3462803], [44.3821932, 33.3465503], [44.3826223, 33.3467442], [44.3826759, 33.3467803], [44.3827294, 33.3468334], [44.3828008, 33.3469116], [44.3828771, 33.3470077]]}}, {"type": "Feature", "properties": {"name": "131-2", "highway": "service"}, "geometry": {"type": "LineString", "coordinates": [[44.3907947, 33.3480923], [44.3906289, 33.347983]]}}, {"type": "Feature", "properties": {"name": "129-97", "highway": "service"}, "geometry": {"type": "LineString", "coordinates": [[44.3938623, 33.346484], [44.3939998, 33.346443]]}}, {"type": "Feature", "properties": {"name": "129-58", "highway": "service"}, "geometry": {"type": "LineString", "coordinates": [[44.396885, 33.3472818], [44.3971118, 33.347192], [44.3972245, 33.3471562], [44.3971695, 33.3470285], [44.3970247, 33.3468526]]}}, {"type": "Feature", "properties": {"name": "129-56", "highway": "service"}, "geometry": {"type": "LineString", "coordinates": [[44.3969955, 33.3473753], [44.3969066, 33.3474699], [44.3968356, 33.3475192]]}}, {"type": "Feature", "properties": {"name": "129-33", "highway": "service"}, "geometry": {"type": "LineString", "coordinates": [[44.3965512, 33.346642], [44.3966264, 33.3467406], [44.39679, 33.3469176]]}}, {"type": "Feature", "properties": {"name": "129-60", "highway": "service"}, "geometry": {"type": "LineString", "coordinates": [[44.3964413, 33.3475113], [44.396334, 33.3473746], [44.3965673, 33.3472357], [44.3967152, 33.347124]]}}, {"type": "Feature", "properties": {"name": "129-66", "highway": "service"}, "geometry": {"type": "LineString", "coordinates": [[44.3957916, 33.3476532], [44.3959773, 33.3475001], [44.3961087, 33.3474083]]}}, {"type": "Feature", "properties": {"name": "129-64", "highway": "service"}, "geometry": {"type": "LineString", "coordinates": [[44.3960207, 33.3478971], [44.3962106, 33.3477354], [44.3963447, 33.3476301]]}}, {"type": "Feature", "properties": {"name": "129-49", "highway": "service"}, "geometry": {"type": "LineString", "coordinates": [[44.3968248, 33.3477914], [44.3968758, 33.3479079], [44.3969489, 33.3480143]]}}, {"type": "Feature", "properties": {"name": "129-51", "highway": "service"}, "geometry": {"type": "LineString", "coordinates": [[44.3971032, 33.3479393], [44.3972084, 33.3481275], [44.3973291, 33.3482708]]}}, {"type": "Feature", "properties": {"name": "129-89", "highway": "service"}, "geometry": {"type": "LineString", "coordinates": [[44.3926996, 33.3475808], [44.392831, 33.3476637], [44.3929222, 33.3475763]]}}, {"type": "Feature", "properties": {"name": "129-95", "highway": "service"}, "geometry": {"type": "LineString", "coordinates": [[44.3935123, 33.3476883], [44.3935901, 33.3476726], [44.3937242, 33.3476951]]}}, {"type": "Feature", "properties": {"name": "129-93", "highway": "service"}, "geometry": {"type": "LineString", "coordinates": [[44.393097, 33.3474268], [44.3932146, 33.3475808], [44.3932521, 33.3476637], [44.3931878, 33.3477443], [44.3931851, 33.3477981], [44.3933138, 33.3477981], [44.3933889, 33.3478272], [44.3935445, 33.3478272], [44.3935123, 33.3476883], [44.3934694, 33.3476099], [44.3935552, 33.3475517]]}}, {"type": "Feature", "properties": {"name": "129-92", "highway": "service"}, "geometry": {"type": "LineString", "coordinates": [[44.3938985, 33.3478743], [44.3938583, 33.3480087], [44.3938491, 33.3480603]]}}, {"type": "Feature", "properties": {"name": "شارع الفضل", "highway": "residential"}, "geometry": {"type": "LineString", "coordinates": [[44.3876186, 33.3465562], [44.3877981, 33.3466376], [44.3879389, 33.346688], [44.3883028, 33.3467947], [44.3886426, 33.3468943], [44.3887504, 33.3469281], [44.3888817, 33.3469692], [44.3892618, 33.3471316], [44.3893216, 33.3471574], [44.389417, 33.347179], [44.3894666, 33.3471884], [44.3897178, 33.3472358], [44.3898522, 33.3472481], [44.3903609, 33.3472548], [44.3904078, 33.3472572], [44.3907191, 33.3472586], [44.3909357, 33.347297], [44.391073, 33.3473347], [44.391221, 33.3473938], [44.3913141, 33.3474309], [44.3915165, 33.3475117], [44.3917096, 33.3475888], [44.3924651, 33.3478632], [44.3927686, 33.3479134], [44.3932139, 33.3479793], [44.3934765, 33.348016], [44.3938491, 33.3480603], [44.3941045, 33.3480826], [44.3945747, 33.3480985]]}}, {"type": "Feature", "properties": {"name": "129-77", "highway": "service"}, "geometry": {"type": "LineString", "coordinates": [[44.395725, 33.3470703], [44.395709, 33.3471103], [44.3956527, 33.3471708], [44.3955378, 33.3472869]]}}, {"type": "Feature", "properties": {"name": "129-19", "highway": "service"}, "geometry": {"type": "LineString", "coordinates": [[44.3954966, 33.3459682], [44.3955857, 33.3460112], [44.3955991, 33.3460236], [44.3956058, 33.3460504], [44.3955883, 33.3460885]]}}, {"type": "Feature", "properties": {"name": "129-25", "highway": "service"}, "geometry": {"type": "LineString", "coordinates": [[44.3956352, 33.3464638], [44.3956326, 33.3464123], [44.3956567, 33.3463361], [44.3955722, 33.3462655]]}}, {"type": "Feature", "properties": {"name": "129-23", "highway": "service"}, "geometry": {"type": "LineString", "coordinates": [[44.3961101, 33.3463138], [44.3959451, 33.3461322], [44.3958727, 33.3460516]]}}, {"type": "Feature", "properties": {"name": "129-21", "highway": "service"}, "geometry": {"type": "LineString", "coordinates": [[44.3962311, 33.346216], [44.3960899, 33.3460673], [44.3960792, 33.3460426], [44.3960752, 33.3459776]]}}, {"type": "Feature", "properties": {"name": "129-26", "highway": "service"}, "geometry": {"type": "LineString", "coordinates": [[44.3960752, 33.3459776], [44.3961194, 33.3459608], [44.3962213, 33.3459183], [44.396279, 33.3458925], [44.3962951, 33.3458936], [44.3964265, 33.3459866], [44.3965203, 33.346037], [44.3966437, 33.3461053], [44.3968229, 33.3459549]]}}, {"type": "Feature", "properties": {"name": "129-22", "highway": "service"}, "geometry": {"type": "LineString", "coordinates": [[44.3966902, 33.3455839], [44.3968101, 33.3454354], [44.3967953, 33.3453839], [44.3967417, 33.345329]]}}, {"type": "Feature", "properties": {"name": "129-39", "highway": "service"}, "geometry": {"type": "LineString", "coordinates": [[44.3977554, 33.3461487], [44.397663, 33.3460112], [44.3977676, 33.3459485]]}}, {"type": "Feature", "properties": {"name": "129-36", "highway": "service"}, "geometry": {"type": "LineString", "coordinates": [[44.3976753, 33.3461845], [44.3977784, 33.3463048]]}}, {"type": "Feature", "properties": {"name": "129-38", "highway": "service"}, "geometry": {"type": "LineString", "coordinates": [[44.3976626, 33.3466227], [44.3977354, 33.3465591], [44.3978065, 33.3464851], [44.3978535, 33.3464526], [44.3979473, 33.3464056]]}}, {"type": "Feature", "properties": {"name": "129-41", "highway": "service"}, "geometry": {"type": "LineString", "coordinates": [[44.3982249, 33.345939], [44.3984496, 33.3461885]]}}, {"type": "Feature", "properties": {"name": "129-44", "highway": "service"}, "geometry": {"type": "LineString", "coordinates": [[44.3992432, 33.3465209], [44.3984967, 33.3469843]]}}, {"type": "Feature", "properties": {"name": "129-42", "highway": "service"}, "geometry": {"type": "LineString", "coordinates": [[44.3986635, 33.3471844], [44.3984967, 33.3469843], [44.3983381, 33.3467939], [44.3990707, 33.346322]]}}, {"type": "Feature", "properties": {"name": "129-46", "highway": "service"}, "geometry": {"type": "LineString", "coordinates": [[44.3994208, 33.3467258], [44.3986635, 33.3471844], [44.3984607, 33.3473073]]}}, {"type": "Feature", "properties": {"name": "129-20", "highway": "service"}, "geometry": {"type": "LineString", "coordinates": [[44.3963354, 33.3455407], [44.3962213, 33.3456023], [44.3962039, 33.3456303], [44.3961905, 33.3456617], [44.3961838, 33.3456931], [44.396165, 33.3457043], [44.3960457, 33.345748], [44.395929, 33.3457805]]}}, {"type": "Feature", "properties": {"name": "129-16", "highway": "service"}, "geometry": {"type": "LineString", "coordinates": [[44.3957861, 33.345355], [44.3958281, 33.3452975], [44.3958852, 33.3452499], [44.3959541, 33.3452149], [44.3960309, 33.3451944]]}}, {"type": "Feature", "properties": {"name": "129-78", "highway": "service"}, "geometry": {"type": "LineString", "coordinates": [[44.3942124, 33.3461737], [44.3943691, 33.3460856]]}}, {"type": "Feature", "properties": {"name": "129-76", "highway": "service"}, "geometry": {"type": "LineString", "coordinates": [[44.3946095, 33.3463417], [44.3944792, 33.3464314]]}}, {"type": "Feature", "properties": {"name": "129-84", "highway": "service"}, "geometry": {"type": "LineString", "coordinates": [[44.3940722, 33.346537], [44.3942727, 33.3464885]]}}, {"type": "Feature", "properties": {"name": "129-97", "highway": "service"}, "geometry": {"type": "LineString", "coordinates": [[44.3949942, 33.3480872], [44.3950358, 33.347937], [44.3950355, 33.347919], [44.3946698, 33.3478291], [44.3943668, 33.3477203], [44.3940847, 33.3475698], [44.3937952, 33.3473466], [44.3934873, 33.3472621]]}}, {"type": "Feature", "properties": {"name": "129-79", "highway": "service"}, "geometry": {"type": "LineString", "coordinates": [[44.3927076, 33.346875], [44.3926845, 33.3467722], [44.3926647, 33.3466778], [44.3926352, 33.3466196], [44.3925436, 33.3463901]]}}, {"type": "Feature", "properties": {"name": "129-75", "highway": "service"}, "geometry": {"type": "LineString", "coordinates": [[44.3931127, 33.3465557], [44.393055, 33.3463966], [44.3930288, 33.3463136]]}}, {"type": "Feature", "properties": {"name": "129-73", "highway": "service"}, "geometry": {"type": "LineString", "coordinates": [[44.3934868, 33.3463406], [44.3934172, 33.3462201]]}}, {"type": "Feature", "properties": {"name": "129-71", "highway": "service"}, "geometry": {"type": "LineString", "coordinates": [[44.3935914, 33.3462577], [44.3935182, 33.3461777]]}}, {"type": "Feature", "properties": {"name": "114-19", "highway": "service"}, "geometry": {"type": "LineString", "coordinates": [[44.3869404, 33.3431201], [44.3870254, 33.343044], [44.3870997, 33.3429847], [44.3869664, 33.3427453], [44.3870481, 33.3427011], [44.3869911, 33.3426158], [44.3870483, 33.3425612], [44.3870448, 33.3425259], [44.3870247, 33.3425079], [44.3869051, 33.3424381], [44.386815, 33.3423494], [44.3866727, 33.3424074], [44.3866551, 33.3424107], [44.3866356, 33.342404], [44.3865301, 33.3423183], [44.3863839, 33.3421575], [44.3863371, 33.3420673], [44.3861684, 33.34215], [44.386029, 33.3421269]]}}, {"type": "Feature", "properties": {"name": null, "highway": "footway"}, "geometry": {"type": "LineString", "coordinates": [[44.3873249, 33.3394951], [44.3874164, 33.339595]]}}, {"type": "Feature", "properties": {"name": "شارع الوراقين", "highway": "footway"}, "geometry": {"type": "LineString", "coordinates": [[44.3893063, 33.3403748], [44.389118, 33.3404918], [44.389017, 33.3405556], [44.3887235, 33.3407435]]}}, {"type": "Feature", "properties": {"name": "شارع الرشيد", "highway": "secondary"}, "geometry": {"type": "LineString", "coordinates": [[44.3977013, 33.3338421], [44.3979339, 33.3336384], [44.3983143, 33.3333051], [44.398742, 33.332924], [44.3988431, 33.3328671], [44.3992208, 33.3326546], [44.3994772, 33.3324977], [44.4001915, 33.3320605], [44.4011037, 33.3314769], [44.4014546, 33.3312381], [44.4018084, 33.3309955]]}}, {"type": "Feature", "properties": {"name": "108-3", "highway": "service"}, "geometry": {"type": "LineString", "coordinates": [[44.3985119, 33.3349071], [44.3985012, 33.3349474], [44.3985012, 33.3349945], [44.3985126, 33.335018], [44.3985394, 33.3350472], [44.3985724, 33.3350716], [44.3987057, 33.33517], [44.399181, 33.335521]]}}, {"type": "Feature", "properties": {"name": "114-5", "highway": "service"}, "geometry": {"type": "LineString", "coordinates": [[44.3902227, 33.3408481], [44.390065, 33.3410128], [44.3901126, 33.3411013], [44.3901375, 33.3411573], [44.3900281, 33.3412598], [44.3899959, 33.3413114], [44.3899785, 33.3413719], [44.3899772, 33.341429], [44.3899819, 33.3414565], [44.3898659, 33.3415612], [44.3899275, 33.3416313], [44.3900658, 33.3417792]]}}, {"type": "Feature", "properties": {"name": "114-16", "highway": "service"}, "geometry": {"type": "LineString", "coordinates": [[44.3882467, 33.3414822], [44.3884195, 33.3413478], [44.3884523, 33.3413371], [44.3884999, 33.34135], [44.3885455, 33.3413518], [44.3886964, 33.3412403]]}}, {"type": "Feature", "properties": {"name": "114-9", "highway": "service"}, "geometry": {"type": "LineString", "coordinates": [[44.3890968, 33.341301], [44.389141, 33.3413444], [44.3891651, 33.3413921], [44.3891651, 33.3414229], [44.3891557, 33.3414486], [44.3891275, 33.341499], [44.3892315, 33.3415809], [44.389312, 33.3416347], [44.3894628, 33.3417584], [44.3895979, 33.3418603], [44.3897748, 33.3419916]]}}, {"type": "Feature", "properties": {"name": "114-20", "highway": "service"}, "geometry": {"type": "LineString", "coordinates": [[44.3891871, 33.3412383], [44.3890968, 33.341301], [44.3889623, 33.3413947], [44.3888028, 33.3415295], [44.3886764, 33.3416458]]}}, {"type": "Feature", "properties": {"name": "114-13", "highway": "service"}, "geometry": {"type": "LineString", "coordinates": [[44.3886451, 33.342205], [44.3886635, 33.3422186], [44.3888091, 33.3424234], [44.3888547, 33.342485]]}}, {"type": "Feature", "properties": {"name": "114-18", "highway": "service"}, "geometry": {"type": "LineString", "coordinates": [[44.387915, 33.3421491], [44.3881982, 33.3419741], [44.3882022, 33.3419657], [44.3882002, 33.3419568], [44.3880493, 33.3417528], [44.388048, 33.3417439], [44.3880527, 33.3417355], [44.3880882, 33.3416957], [44.388297, 33.3415214]]}}, {"type": "Feature", "properties": {"name": "114-15", "highway": "service"}, "geometry": {"type": "LineString", "coordinates": [[44.3872262, 33.3419864], [44.3873238, 33.34195], [44.3874076, 33.3419002], [44.3874666, 33.3417993], [44.3874833, 33.3417769], [44.3875283, 33.3417472], [44.3875685, 33.3417377], [44.3876054, 33.3417461], [44.387915, 33.3421491], [44.3879313, 33.3421903], [44.3879869, 33.3422502], [44.3880299, 33.3422828], [44.3880553, 33.3423006], [44.3881808, 33.3424094], [44.3882433, 33.3425044]]}}, {"type": "Feature", "properties": {"name": "114-17", "highway": "service"}, "geometry": {"type": "LineString", "coordinates": [[44.3869825, 33.3418739], [44.3870301, 33.3418879], [44.3870871, 33.3419091], [44.3871324, 33.3419288], [44.3872021, 33.3419697], [44.3872262, 33.3419864], [44.3873067, 33.3421013], [44.3872872, 33.3421318], [44.3872581, 33.3421799], [44.3872289, 33.3422279], [44.387218, 33.3422556], [44.3872144, 33.3422833], [44.387218, 33.3423127], [44.3872262, 33.342335], [44.3872373, 33.3423539], [44.3872906, 33.3423982], [44.3875401, 33.3425467], [44.3876684, 33.3426015], [44.3877315, 33.3426401], [44.3879112, 33.3427718], [44.3879178, 33.3427758], [44.3881217, 33.3428988], [44.388227, 33.3429964], [44.3883122, 33.3430727]]}}, {"type": "Feature", "properties": {"name": "شارع المتنبي", "highway": "pedestrian"}, "geometry": {"type": "LineString", "coordinates": [[44.3898494, 33.3417987], [44.3899443, 33.3418649]]}}, {"type": "Feature", "properties": {"name": "شارع المتنبي", "highway": "pedestrian"}, "geometry": {"type": "LineString", "coordinates": [[44.387525, 33.3397787], [44.3877572, 33.3399451], [44.3879771, 33.3400983], [44.3880382, 33.3401426], [44.388651, 33.3406767], [44.3887235, 33.3407435], [44.3891871, 33.3412383], [44.3894268, 33.3414837], [44.3895516, 33.3415849], [44.3896875, 33.3416873], [44.389838, 33.3417903]]}}, {"type": "Feature", "properties": {"name": "114-30", "highway": "service"}, "geometry": {"type": "LineString", "coordinates": [[44.3864429, 33.3435825], [44.3865888, 33.3434664], [44.3864766, 33.3433361], [44.3864762, 33.3433214], [44.3864842, 33.3433094], [44.3869404, 33.3431201]]}}, {"type": "Feature", "properties": {"name": "114-28", "highway": "service"}, "geometry": {"type": "LineString", "coordinates": [[44.3859304, 33.3433338], [44.3859765, 33.3432561], [44.3860402, 33.3431474], [44.3861161, 33.3430578], [44.3864035, 33.3427013]]}}, {"type": "Feature", "properties": {"name": "112-24", "highway": "service"}, "geometry": {"type": "LineString", "coordinates": [[44.3888922, 33.3433134], [44.3889682, 33.3432723], [44.3891332, 33.3431823]]}}, {"type": "Feature", "properties": {"name": "112-18", "highway": "service"}, "geometry": {"type": "LineString", "coordinates": [[44.3895632, 33.3434325], [44.3897426, 33.3433329], [44.3896673, 33.3432183], [44.3898296, 33.3431505]]}}, {"type": "Feature", "properties": {"name": "112-11", "highway": "service"}, "geometry": {"type": "LineString", "coordinates": [[44.3903359, 33.3430087], [44.3902649, 33.3428238], [44.3901662, 33.3428441], [44.3900659, 33.3426242], [44.3900469, 33.3425881], [44.3899953, 33.3424626], [44.3899886, 33.3424486], [44.3899383, 33.3423108], [44.3897495, 33.3420871]]}}, {"type": "Feature", "properties": {"name": "112-7", "highway": "service"}, "geometry": {"type": "LineString", "coordinates": [[44.3908766, 33.342357], [44.3909843, 33.3426233]]}}, {"type": "Feature", "properties": {"name": "112-5", "highway": "service"}, "geometry": {"type": "LineString", "coordinates": [[44.3906926, 33.3420139], [44.3904447, 33.3416144]]}}, {"type": "Feature", "properties": {"name": "112-10", "highway": "service"}, "geometry": {"type": "LineString", "coordinates": [[44.3914861, 33.3426121], [44.3916609, 33.3425404], [44.392196, 33.3425382]]}}, {"type": "Feature", "properties": {"name": "112-6", "highway": "service"}, "geometry": {"type": "LineString", "coordinates": [[44.3911605, 33.3420479], [44.3916253, 33.3419142]]}}, {"type": "Feature", "properties": {"name": "112-4", "highway": "service"}, "geometry": {"type": "LineString", "coordinates": [[44.3910183, 33.341828], [44.3913611, 33.341625]]}}, {"type": "Feature", "properties": {"name": "شارع 22", "highway": "primary"}, "geometry": {"type": "LineString", "coordinates": [[44.3831569, 33.3471579], [44.3835261, 33.3473906], [44.3837636, 33.3476353], [44.3840012, 33.3478808], [44.3841165, 33.3480199], [44.3842377, 33.3481893]]}}, {"type": "Feature", "properties": {"name": "شارع 24", "highway": "primary"}, "geometry": {"type": "LineString", "coordinates": [[44.3828139, 33.3472975], [44.3823505, 33.3470292], [44.3821598, 33.3469188], [44.381926, 33.3467835], [44.3817032, 33.3466381], [44.3815828, 33.3465651], [44.381472, 33.3464894], [44.3812, 33.3462521]]}}, {"type": "Feature", "properties": {"name": "112-51", "highway": "service"}, "geometry": {"type": "LineString", "coordinates": [[44.3855926, 33.3475255], [44.3854603, 33.3476357], [44.3853571, 33.3476032], [44.3852608, 33.347562], [44.3851093, 33.3474615], [44.3852904, 33.3472491]]}}, {"type": "Feature", "properties": {"name": "112-56", "highway": "service"}, "geometry": {"type": "LineString", "coordinates": [[44.3850537, 33.3470326], [44.3847589, 33.3472492]]}}, {"type": "Feature", "properties": {"name": "112-53", "highway": "service"}, "geometry": {"type": "LineString", "coordinates": [[44.3835735, 33.3466185], [44.3840495, 33.3470677], [44.3843418, 33.3473802], [44.3846731, 33.3477578], [44.3848582, 33.3478855], [44.3851116, 33.3480009], [44.3853437, 33.3481656]]}}, {"type": "Feature", "properties": {"name": "112-48", "highway": "service"}, "geometry": {"type": "LineString", "coordinates": [[44.3868696, 33.3462819], [44.3867303, 33.346423], [44.3864842, 33.3466935], [44.3856639, 33.3462186], [44.3856293, 33.346121], [44.3855941, 33.3460483], [44.385518, 33.3459597], [44.3854075, 33.3457953]]}}, {"type": "Feature", "properties": {"name": "112-44", "highway": "service"}, "geometry": {"type": "LineString", "coordinates": [[44.385695, 33.3454929], [44.385459, 33.345758], [44.3854075, 33.3457953]]}}, {"type": "Feature", "properties": {"name": "112-42", "highway": "service"}, "geometry": {"type": "LineString", "coordinates": [[44.3849156, 33.3451101], [44.3850154, 33.3450674], [44.3851338, 33.3449996], [44.3852236, 33.3449441], [44.3852954, 33.3448719], [44.3853658, 33.3448153], [44.3854228, 33.3447974], [44.3854402, 33.3448063], [44.3854824, 33.3448517], [44.3855032, 33.3448523], [44.3857395, 33.3447209]]}}, {"type": "Feature", "properties": {"name": "112-46", "highway": "service"}, "geometry": {"type": "LineString", "coordinates": [[44.3860733, 33.3457495], [44.3862301, 33.3455771], [44.3861624, 33.3454959], [44.3862918, 33.3453682]]}}, {"type": "Feature", "properties": {"name": "112-37", "highway": "service"}, "geometry": {"type": "LineString", "coordinates": [[44.3872378, 33.3458601], [44.3872739, 33.3458779], [44.3875363, 33.3462144], [44.3875824, 33.3462554], [44.3876127, 33.3462673], [44.3876677, 33.346275]]}}, {"type": "Feature", "properties": {"name": "112-36", "highway": "service"}, "geometry": {"type": "LineString", "coordinates": [[44.3871629, 33.3446455], [44.3874017, 33.3445189]]}}, {"type": "Feature", "properties": {"name": "112-33", "highway": "service"}, "geometry": {"type": "LineString", "coordinates": [[44.3879877, 33.3452838], [44.3878381, 33.3450881], [44.3876731, 33.3448607], [44.3874017, 33.3445189], [44.3869032, 33.3439004]]}}, {"type": "Feature", "properties": {"name": "112-31", "highway": "service"}, "geometry": {"type": "LineString", "coordinates": [[44.388699, 33.3448056], [44.3885368, 33.3446579], [44.3884677, 33.34465], [44.3881533, 33.3443817], [44.3880909, 33.3443268], [44.3880956, 33.3443184], [44.3881966, 33.3442233]]}}, {"type": "Feature", "properties": {"name": "112-33", "highway": "service"}, "geometry": {"type": "LineString", "coordinates": [[44.3885471, 33.344486], [44.3886998, 33.3443694], [44.3888667, 33.3442803]]}}, {"type": "Feature", "properties": {"name": "112-25", "highway": "service"}, "geometry": {"type": "LineString", "coordinates": [[44.3881118, 33.3439659], [44.3881928, 33.3440305], [44.3884738, 33.3441128], [44.3884979, 33.3441072], [44.3885992, 33.3440535], [44.3887152, 33.3439683], [44.388738, 33.3440025], [44.3887695, 33.3440764]]}}, {"type": "Feature", "properties": {"name": "112-19", "highway": "service"}, "geometry": {"type": "LineString", "coordinates": [[44.3877734, 33.3441336], [44.3877395, 33.3441633], [44.3875397, 33.3442691], [44.3876966, 33.344426], [44.3878743, 33.3445615], [44.3880828, 33.3448013], [44.3881479, 33.3449044], [44.3880232, 33.3450086], [44.3878381, 33.3450881]]}}, {"type": "Feature", "properties": {"name": "112-30", "highway": "service"}, "geometry": {"type": "LineString", "coordinates": [[44.3882494, 33.3437392], [44.3884376, 33.34363], [44.3884892, 33.3435902], [44.38851, 33.3435566], [44.3884678, 33.3434826]]}}, {"type": "Feature", "properties": {"name": "112-26", "highway": "service"}, "geometry": {"type": "LineString", "coordinates": [[44.3892349, 33.3434471], [44.3889888, 33.3436037], [44.3889577, 33.3436215], [44.3889116, 33.3436513], [44.3887547, 33.3437487], [44.3886407, 33.3438062], [44.3885831, 33.3437678], [44.3885585, 33.3437445], [44.3884376, 33.34363]]}}, {"type": "Feature", "properties": {"name": "114-6", "highway": "footway"}, "geometry": {"type": "LineString", "coordinates": [[44.3899444, 33.3402785], [44.3899948, 33.3402497]]}}, {"type": "Feature", "properties": {"name": "127-85", "highway": "service"}, "geometry": {"type": "LineString", "coordinates": [[44.3988341, 33.3455876], [44.3986487, 33.3453895], [44.3987352, 33.3453318]]}}, {"type": "Feature", "properties": {"name": "127-83", "highway": "service"}, "geometry": {"type": "LineString", "coordinates": [[44.3987124, 33.3449467], [44.398925, 33.3452281]]}}, {"type": "Feature", "properties": {"name": "127-52", "highway": "service"}, "geometry": {"type": "LineString", "coordinates": [[44.3994585, 33.3447616], [44.3996894, 33.3446769], [44.3997806, 33.3448114]]}}, {"type": "Feature", "properties": {"name": "127-48", "highway": "footway"}, "geometry": {"type": "LineString", "coordinates": [[44.3992982, 33.3441633], [44.3996063, 33.3441224]]}}, {"type": "Feature", "properties": {"name": "127-43", "highway": "footway"}, "geometry": {"type": "LineString", "coordinates": [[44.3988172, 33.3436022], [44.3988875, 33.3437078], [44.3989424, 33.3438143], [44.3989639, 33.3438479], [44.3989143, 33.3438793], [44.3989451, 33.3439554]]}}, {"type": "Feature", "properties": {"name": "127-41", "highway": "footway"}, "geometry": {"type": "LineString", "coordinates": [[44.3990167, 33.343361], [44.3990162, 33.3434832], [44.3989351, 33.3435577], [44.3988172, 33.3436022], [44.3987453, 33.3436294], [44.3986434, 33.3436417]]}}, {"type": "Feature", "properties": {"name": "شارع الزكية", "highway": "tertiary"}, "geometry": {"type": "LineString", "coordinates": [[44.3966636, 33.3436087], [44.3966933, 33.3435683], [44.3967083, 33.3435226], [44.3967079, 33.3434751], [44.3966921, 33.3434295], [44.396662, 33.3433891]]}}, {"type": "Feature", "properties": {"name": "127-35", "highway": "service"}, "geometry": {"type": "LineString", "coordinates": [[44.3982893, 33.3436709], [44.398284, 33.3438098], [44.3982859, 33.3439578]]}}, {"type": "Feature", "properties": {"name": "127-33", "highway": "service"}, "geometry": {"type": "LineString", "coordinates": [[44.398002, 33.3437661], [44.3979983, 33.3435308], [44.3979272, 33.3435308]]}}, {"type": "Feature", "properties": {"name": "127-31", "highway": "service"}, "geometry": {"type": "LineString", "coordinates": [[44.3973775, 33.343685], [44.3975034, 33.3436328], [44.3976027, 33.3436149], [44.3977287, 33.3435992]]}}, {"type": "Feature", "properties": {"name": "127-46", "highway": "service"}, "geometry": {"type": "LineString", "coordinates": [[44.3988536, 33.3430589], [44.3990242, 33.3430031], [44.3991154, 33.3432037]]}}, {"type": "Feature", "properties": {"name": "127-44", "highway": "service"}, "geometry": {"type": "LineString", "coordinates": [[44.3986259, 33.3431118], [44.3986554, 33.3430838], [44.3988274, 33.3430081]]}}, {"type": "Feature", "properties": {"name": "127-21", "highway": "service"}, "geometry": {"type": "LineString", "coordinates": [[44.3978228, 33.3426224], [44.3979406, 33.3427298], [44.3981767, 33.3428687], [44.3982545, 33.3429046], [44.398303, 33.3429479]]}}, {"type": "Feature", "properties": {"name": "127-22", "highway": "service"}, "geometry": {"type": "LineString", "coordinates": [[44.399404, 33.3425351], [44.3992522, 33.342592], [44.3992697, 33.342648], [44.3992724, 33.3427029]]}}, {"type": "Feature", "properties": {"name": "127-20", "highway": "service"}, "geometry": {"type": "LineString", "coordinates": [[44.3993147, 33.3422381], [44.3990551, 33.34235]]}}, {"type": "Feature", "properties": {"name": "127-68", "highway": "service"}, "geometry": {"type": "LineString", "coordinates": [[44.4004514, 33.3462582], [44.4010616, 33.3458966]]}}, {"type": "Feature", "properties": {"name": "127-77", "highway": "service"}, "geometry": {"type": "LineString", "coordinates": [[44.4007373, 33.3466021], [44.4004514, 33.3462582], [44.4001285, 33.3458699], [44.3996078, 33.3452435]]}}, {"type": "Feature", "properties": {"name": "127-75", "highway": "service"}, "geometry": {"type": "LineString", "coordinates": [[44.4004789, 33.3447419], [44.4007307, 33.3452409], [44.4008351, 33.3454478], [44.4010616, 33.3458966], [44.4012581, 33.346286]]}}, {"type": "Feature", "properties": {"name": "127-62", "highway": "service"}, "geometry": {"type": "LineString", "coordinates": [[44.4008351, 33.3454478], [44.4013026, 33.3452079]]}}, {"type": "Feature", "properties": {"name": "127-73", "highway": "service"}, "geometry": {"type": "LineString", "coordinates": [[44.4018005, 33.3458877], [44.4013026, 33.3452079], [44.401127, 33.3449681]]}}, {"type": "Feature", "properties": {"name": "127-71", "highway": "service"}, "geometry": {"type": "LineString", "coordinates": [[44.401626, 33.3442969], [44.4021116, 33.3446021], [44.4026809, 33.34496]]}}, {"type": "Feature", "properties": {"name": "127-67", "highway": "service"}, "geometry": {"type": "LineString", "coordinates": [[44.4013349, 33.3439918], [44.401626, 33.3442969]]}}, {"type": "Feature", "properties": {"name": "127-36", "highway": "service"}, "geometry": {"type": "LineString", "coordinates": [[44.4003081, 33.3443248], [44.4005048, 33.3442445], [44.4005303, 33.3442635], [44.4005437, 33.3442803]]}}, {"type": "Feature", "properties": {"name": "127-63", "highway": "service"}, "geometry": {"type": "LineString", "coordinates": [[44.4003283, 33.3437153], [44.4004163, 33.3439106]]}}, {"type": "Feature", "properties": {"name": "127-61", "highway": "service"}, "geometry": {"type": "LineString", "coordinates": [[44.4004804, 33.3436598], [44.4006228, 33.3438983]]}}, {"type": "Feature", "properties": {"name": "127-57", "highway": "service"}, "geometry": {"type": "LineString", "coordinates": [[44.4016025, 33.3438959], [44.4014718, 33.3437672], [44.4015549, 33.3437067]]}}, {"type": "Feature", "properties": {"name": "127-53", "highway": "service"}, "geometry": {"type": "LineString", "coordinates": [[44.4011621, 33.3433564], [44.4012009, 33.3434367], [44.4012694, 33.3435243]]}}, {"type": "Feature", "properties": {"name": "127-16", "highway": "service"}, "geometry": {"type": "LineString", "coordinates": [[44.4018969, 33.3432037], [44.4020337, 33.3430816]]}}, {"type": "Feature", "properties": {"name": "127-47", "highway": "service"}, "geometry": {"type": "LineString", "coordinates": [[44.4016921, 33.3430277], [44.4018969, 33.3432037], [44.4020618, 33.343318], [44.4022212, 33.3434145]]}}, {"type": "Feature", "properties": {"name": "127-30", "highway": "service"}, "geometry": {"type": "LineString", "coordinates": [[44.4009836, 33.3429368], [44.4011714, 33.3430995]]}}, {"type": "Feature", "properties": {"name": "127-32", "highway": "service"}, "geometry": {"type": "LineString", "coordinates": [[44.3997931, 33.343477], [44.3999009, 33.3434375], [44.3999979, 33.3433819], [44.4000807, 33.3433121]]}}, {"type": "Feature", "properties": {"name": "127-13", "highway": "service"}, "geometry": {"type": "LineString", "coordinates": [[44.4009641, 33.3424081], [44.4010265, 33.3425079], [44.4011191, 33.3426077], [44.4011123, 33.3426368]]}}, {"type": "Feature", "properties": {"name": "127-24", "highway": "service"}, "geometry": {"type": "LineString", "coordinates": [[44.3994651, 33.3427542], [44.3995942, 33.3427096]]}}, {"type": "Feature", "properties": {"name": "127-11", "highway": "service"}, "geometry": {"type": "LineString", "coordinates": [[44.3999584, 33.3422875], [44.400073, 33.3424318]]}}, {"type": "Feature", "properties": {"name": "127-5", "highway": "service"}, "geometry": {"type": "LineString", "coordinates": [[44.400204, 33.3421418], [44.4001579, 33.342085], [44.4000634, 33.3419872], [44.3999859, 33.3419208], [44.3998437, 33.3420161]]}}, {"type": "Feature", "properties": {"name": "127-4", "highway": "service"}, "geometry": {"type": "LineString", "coordinates": [[44.3994113, 33.3418226], [44.3996867, 33.341597]]}}, {"type": "Feature", "properties": {"name": "127-1", "highway": "service"}, "geometry": {"type": "LineString", "coordinates": [[44.3999043, 33.3416416], [44.3998558, 33.3415909], [44.3997492, 33.3416622], [44.3996867, 33.341597], [44.3995562, 33.3414607]]}}, {"type": "Feature", "properties": {"name": "127-18", "highway": "service"}, "geometry": {"type": "LineString", "coordinates": [[44.3992205, 33.3420717], [44.3994936, 33.3419186], [44.3996653, 33.3418637], [44.3997283, 33.3418548]]}}, {"type": "Feature", "properties": {"name": "127-3", "highway": "service"}, "geometry": {"type": "LineString", "coordinates": [[44.3992712, 33.3416591], [44.3994113, 33.3418226], [44.3994936, 33.3419186]]}}, {"type": "Feature", "properties": {"name": "127-2", "highway": "service"}, "geometry": {"type": "LineString", "coordinates": [[44.4003567, 33.3411741], [44.4002084, 33.3412923], [44.4002192, 33.3413103], [44.4002447, 33.3413271]]}}, {"type": "Feature", "properties": {"name": "127-6", "highway": "service"}, "geometry": {"type": "LineString", "coordinates": [[44.4006867, 33.3414899], [44.4004391, 33.3416755], [44.4003788, 33.3416206], [44.4002849, 33.3416867]]}}, {"type": "Feature", "properties": {"name": "125-18", "highway": "service"}, "geometry": {"type": "LineString", "coordinates": [[44.4011284, 33.3413943], [44.4012196, 33.3413226], [44.4012786, 33.3412464]]}}, {"type": "Feature", "properties": {"name": "125-16", "highway": "service"}, "geometry": {"type": "LineString", "coordinates": [[44.400695, 33.3415059], [44.4007932, 33.3414537], [44.4008857, 33.3413797], [44.4009889, 33.3412823], [44.4010748, 33.3411938]]}}, {"type": "Feature", "properties": {"name": "125-9", "highway": "service"}, "geometry": {"type": "LineString", "coordinates": [[44.4004753, 33.3408313], [44.400596, 33.3409439], [44.4006738, 33.3409977], [44.4008696, 33.3410918], [44.4008884, 33.3411142], [44.4008589, 33.3411613], [44.400875, 33.3411904], [44.4009889, 33.3412823], [44.4011284, 33.3413943], [44.4012667, 33.3415255]]}}, {"type": "Feature", "properties": {"name": "125-12", "highway": "footway"}, "geometry": {"type": "LineString", "coordinates": [[44.4018218, 33.3403613], [44.4017963, 33.3403445], [44.4015675, 33.3406073], [44.4014074, 33.3409551], [44.4015361, 33.3410156]]}}, {"type": "Feature", "properties": {"name": "125-8", "highway": "footway"}, "geometry": {"type": "LineString", "coordinates": [[44.4021182, 33.3400632], [44.401972, 33.3402426], [44.4020994, 33.3403053], [44.4020659, 33.3403535]]}}, {"type": "Feature", "properties": {"name": "108-76", "highway": "service"}, "geometry": {"type": "LineString", "coordinates": [[44.3917287, 33.3417224], [44.3918174, 33.341552]]}}, {"type": "Feature", "properties": {"name": "108-72", "highway": "service"}, "geometry": {"type": "LineString", "coordinates": [[44.3930061, 33.3410209], [44.392882, 33.3412285], [44.3926701, 33.3411523]]}}, {"type": "Feature", "properties": {"name": "108-70", "highway": "service"}, "geometry": {"type": "LineString", "coordinates": [[44.3932085, 33.3411042], [44.3933138, 33.3409237], [44.3933138, 33.3408722], [44.3932977, 33.3408319], [44.393287, 33.3407691], [44.3933277, 33.3406993]]}}, {"type": "Feature", "properties": {"name": "108-68", "highway": "service"}, "geometry": {"type": "LineString", "coordinates": [[44.3944412, 33.3404351], [44.3942016, 33.3403815], [44.3940005, 33.3403658], [44.3938878, 33.3404241], [44.3937678, 33.3404877]]}}, {"type": "Feature", "properties": {"name": "108-66", "highway": "service"}, "geometry": {"type": "LineString", "coordinates": [[44.3945978, 33.3401117], [44.3944412, 33.3404351], [44.3943458, 33.3406323]]}}, {"type": "Feature", "properties": {"name": "108-52", "highway": "service"}, "geometry": {"type": "LineString", "coordinates": [[44.3941654, 33.3381642], [44.3941386, 33.3382449], [44.3941681, 33.3383099], [44.3939845, 33.338405], [44.3935888, 33.3386785]]}}, {"type": "Feature", "properties": {"name": "108-54", "highway": "service"}, "geometry": {"type": "LineString", "coordinates": [[44.3940865, 33.3385387], [44.3936885, 33.3387521]]}}, {"type": "Feature", "properties": {"name": "108-56", "highway": "service"}, "geometry": {"type": "LineString", "coordinates": [[44.3944162, 33.3385485], [44.3942039, 33.3386481], [44.3937685, 33.3388522]]}}, {"type": "Feature", "properties": {"name": "108-49", "highway": "service"}, "geometry": {"type": "LineString", "coordinates": [[44.3930225, 33.3392229], [44.3931246, 33.3391237], [44.3931999, 33.3391783], [44.3932884, 33.3392264], [44.3933898, 33.3392507], [44.3934949, 33.339249], [44.3935946, 33.3392219], [44.3936801, 33.3391719], [44.3937444, 33.3391035], [44.3937821, 33.3390227], [44.3937903, 33.3389366], [44.3937685, 33.3388522], [44.3937186, 33.3387767], [44.3936885, 33.3387521], [44.3936448, 33.3387164], [44.3935888, 33.3386785]]}}, {"type": "Feature", "properties": {"name": "108-46", "highway": "footway"}, "geometry": {"type": "LineString", "coordinates": [[44.3965894, 33.3378433], [44.3967175, 33.3377284], [44.3969978, 33.3379289]]}}, {"type": "Feature", "properties": {"name": "108-48", "highway": "service"}, "geometry": {"type": "LineString", "coordinates": [[44.3966129, 33.3378628], [44.3963045, 33.3381945], [44.3961436, 33.3384073], [44.3961301, 33.3384499], [44.3961578, 33.3384905], [44.3963174, 33.3385529], [44.3964037, 33.338553], [44.396511, 33.3385463], [44.3967149, 33.3385149], [44.3969989, 33.3384274], [44.3971658, 33.3382909]]}}, {"type": "Feature", "properties": {"name": "108-39", "highway": "service"}, "geometry": {"type": "LineString", "coordinates": [[44.3958566, 33.3375469], [44.3960336, 33.3377306], [44.3960497, 33.3377732], [44.395996, 33.3378449], [44.395996, 33.3378785], [44.3963045, 33.3381945]]}}, {"type": "Feature", "properties": {"name": "108-42", "highway": "service"}, "geometry": {"type": "LineString", "coordinates": [[44.3960925, 33.3375575], [44.3961033, 33.3374102], [44.3961516, 33.3372914], [44.3962267, 33.3372085], [44.3962455, 33.3371771]]}}, {"type": "Feature", "properties": {"name": "108-28", "highway": "footway"}, "geometry": {"type": "LineString", "coordinates": [[44.3971363, 33.337127], [44.3968973, 33.3369642], [44.3966705, 33.3371524]]}}, {"type": "Feature", "properties": {"name": "108-29", "highway": "service"}, "geometry": {"type": "LineString", "coordinates": [[44.3982667, 33.3370774], [44.3984834, 33.3373148]]}}, {"type": "Feature", "properties": {"name": "108-36", "highway": "service"}, "geometry": {"type": "LineString", "coordinates": [[44.3972701, 33.3375334], [44.3974015, 33.3373743], [44.3975115, 33.3372847], [44.3975866, 33.3372981], [44.3976659, 33.3372524], [44.3977717, 33.3371726], [44.3978012, 33.3371659], [44.3979219, 33.3370628]]}}, {"type": "Feature", "properties": {"name": "108-32", "highway": "service"}, "geometry": {"type": "LineString", "coordinates": [[44.3959162, 33.3363383], [44.3958767, 33.3363861], [44.3958244, 33.3364432], [44.3957694, 33.3364892], [44.3957211, 33.3364645], [44.3956232, 33.3365923], [44.3956245, 33.3366113], [44.3957198, 33.3367021]]}}, {"type": "Feature", "properties": {"name": "108-30", "highway": "service"}, "geometry": {"type": "LineString", "coordinates": [[44.3977141, 33.3364762], [44.3975732, 33.3366147], [44.3974444, 33.3366191], [44.3973385, 33.3368564], [44.3972879, 33.3369777], [44.3971363, 33.337127], [44.3970877, 33.3371749], [44.3969315, 33.3373751]]}}, {"type": "Feature", "properties": {"name": "108-23", "highway": "service"}, "geometry": {"type": "LineString", "coordinates": [[44.3965511, 33.3357853], [44.3966787, 33.3358606], [44.3967524, 33.3358752], [44.3968302, 33.3358864], [44.3968865, 33.3358953], [44.3970554, 33.3359738]]}}, {"type": "Feature", "properties": {"name": "108-31", "highway": "service"}, "geometry": {"type": "LineString", "coordinates": [[44.3964936, 33.3358673], [44.3963394, 33.3357575], [44.3961332, 33.3356838]]}}, {"type": "Feature", "properties": {"name": "108-44", "highway": "service"}, "geometry": {"type": "LineString", "coordinates": [[44.396253, 33.3375647], [44.3965189, 33.3374644], [44.3968646, 33.3373339]]}}, {"type": "Feature", "properties": {"name": "108-27", "highway": "service"}, "geometry": {"type": "LineString", "coordinates": [[44.3978074, 33.3365278], [44.3979594, 33.3364668], [44.3980958, 33.3364465], [44.3985832, 33.3368594]]}}, {"type": "Feature", "properties": {"name": "108-13", "highway": "service"}, "geometry": {"type": "LineString", "coordinates": [[44.3981401, 33.3356513], [44.3982142, 33.3355446], [44.3979567, 33.3353553]]}}, {"type": "Feature", "properties": {"name": "108-17", "highway": "service"}, "geometry": {"type": "LineString", "coordinates": [[44.3982813, 33.3357149], [44.3981401, 33.3356513], [44.3980949, 33.3356309], [44.397997, 33.3356612], [44.3979192, 33.3357385], [44.397836, 33.335697], [44.3978736, 33.3356365], [44.3978401, 33.335604], [44.397828, 33.3355939]]}}, {"type": "Feature", "properties": {"name": "108-7", "highway": "service"}, "geometry": {"type": "LineString", "coordinates": [[44.3982048, 33.3350998], [44.3981512, 33.3351547], [44.3983255, 33.3353037], [44.3985079, 33.3354382], [44.3983926, 33.3355749], [44.3982813, 33.3357149], [44.3981914, 33.3358662]]}}, {"type": "Feature", "properties": {"name": "108-8", "highway": "service"}, "geometry": {"type": "LineString", "coordinates": [[44.3985724, 33.3350716], [44.3983255, 33.3353037]]}}, {"type": "Feature", "properties": {"name": "108-9", "highway": "service"}, "geometry": {"type": "LineString", "coordinates": [[44.3972128, 33.3343307], [44.3973673, 33.3344152], [44.3974612, 33.3344712], [44.3977039, 33.3346701], [44.3977556, 33.3347222]]}}, {"type": "Feature", "properties": {"name": "108-15", "highway": "service"}, "geometry": {"type": "LineString", "coordinates": [[44.3968442, 33.3348049], [44.3974096, 33.3351514], [44.3976075, 33.3353142], [44.397705, 33.3353944]]}}, {"type": "Feature", "properties": {"name": "108-11", "highway": "service"}, "geometry": {"type": "LineString", "coordinates": [[44.3976255, 33.334813], [44.3975517, 33.334739], [44.3974712, 33.3346561], [44.3973586, 33.3345844], [44.3971066, 33.3344712]]}}, {"type": "Feature", "properties": {"name": "110-39", "highway": "footway"}, "geometry": {"type": "LineString", "coordinates": [[44.3918756, 33.3401737], [44.3915375, 33.339958]]}}, {"type": "Feature", "properties": {"name": "110-38", "highway": "footway"}, "geometry": {"type": "LineString", "coordinates": [[44.3914984, 33.3395385], [44.3913317, 33.3396779], [44.3913558, 33.3397227], [44.3911412, 33.3399423], [44.3911064, 33.3399288], [44.3910232, 33.3399983]]}}, {"type": "Feature", "properties": {"name": "110-40", "highway": "footway"}, "geometry": {"type": "LineString", "coordinates": [[44.3913415, 33.339403], [44.390814, 33.3398302]]}}, {"type": "Feature", "properties": {"name": "110-44", "highway": "footway"}, "geometry": {"type": "LineString", "coordinates": [[44.3912083, 33.3389395], [44.3905404, 33.3393171]]}}, {"type": "Feature", "properties": {"name": "110-50", "highway": "footway"}, "geometry": {"type": "LineString", "coordinates": [[44.3894313, 33.3393468], [44.3897036, 33.339214], [44.389827, 33.3394], [44.3899637, 33.3393328], [44.3901086, 33.3392095]]}}, {"type": "Feature", "properties": {"name": "110-24", "highway": "footway"}, "geometry": {"type": "LineString", "coordinates": [[44.3919376, 33.3380856], [44.3917072, 33.3382191]]}}, {"type": "Feature", "properties": {"name": "110-54", "highway": "footway"}, "geometry": {"type": "LineString", "coordinates": [[44.3913435, 33.3380401], [44.3913285, 33.3380486], [44.3907357, 33.3383864], [44.3906758, 33.3384158]]}}, {"type": "Feature", "properties": {"name": "110-52", "highway": "footway"}, "geometry": {"type": "LineString", "coordinates": [[44.3894654, 33.3391441], [44.3896526, 33.339093], [44.3899181, 33.3389407], [44.3901783, 33.3388017], [44.3906343, 33.3385866], [44.3907898, 33.3385256], [44.3908445, 33.3385051], [44.3914264, 33.3381555], [44.3914356, 33.3381499]]}}, {"type": "Feature", "properties": {"name": "110-31", "highway": "service"}, "geometry": {"type": "LineString", "coordinates": [[44.3918551, 33.3386504], [44.3915061, 33.338234], [44.3914356, 33.3381499], [44.3913435, 33.3380401], [44.3912083, 33.3378788]]}}, {"type": "Feature", "properties": {"name": "110-33", "highway": "service"}, "geometry": {"type": "LineString", "coordinates": [[44.391641, 33.3381464], [44.3913448, 33.337791]]}}, {"type": "Feature", "properties": {"name": "110-35", "highway": "service"}, "geometry": {"type": "LineString", "coordinates": [[44.3920878, 33.3390325], [44.3917833, 33.3386976], [44.3914155, 33.3382928]]}}, {"type": "Feature", "properties": {"name": "110-28", "highway": "service"}, "geometry": {"type": "LineString", "coordinates": [[44.3917808, 33.3397652], [44.3920881, 33.3394717], [44.3920961, 33.3394426], [44.3920854, 33.3394157], [44.3918556, 33.3391948], [44.3917246, 33.3390527], [44.3916106, 33.3389216], [44.391616, 33.3388925], [44.3916254, 33.3388544], [44.3917199, 33.3387519], [44.3917833, 33.3386976], [44.3918551, 33.3386504], [44.3922169, 33.338413]]}}, {"type": "Feature", "properties": {"name": "110-26", "highway": "service"}, "geometry": {"type": "LineString", "coordinates": [[44.3914405, 33.3394906], [44.3918556, 33.3391948], [44.3920878, 33.3390325], [44.3925106, 33.3387573]]}}, {"type": "Feature", "properties": {"name": "110-53", "highway": "footway"}, "geometry": {"type": "LineString", "coordinates": [[44.3908811, 33.3386135], [44.3907898, 33.3385256], [44.3906758, 33.3384158]]}}, {"type": "Feature", "properties": {"name": "110-53", "highway": "service"}, "geometry": {"type": "LineString", "coordinates": [[44.390119, 33.3378798], [44.3905546, 33.3382992], [44.3906758, 33.3384158]]}}, {"type": "Feature", "properties": {"name": "110-34", "highway": "service"}, "geometry": {"type": "LineString", "coordinates": [[44.391546, 33.3376616], [44.3913448, 33.337791], [44.3912083, 33.3378788], [44.3905546, 33.3382992]]}}, {"type": "Feature", "properties": {"name": "110-19", "highway": "service"}, "geometry": {"type": "LineString", "coordinates": [[44.3929059, 33.3391383], [44.3928298, 33.3390831], [44.3927376, 33.3390108], [44.3926728, 33.3389474], [44.3925106, 33.3387573], [44.3922169, 33.338413], [44.3921094, 33.338287], [44.3919376, 33.3380856], [44.3918652, 33.3380008], [44.391546, 33.3376616], [44.3914995, 33.3376172], [44.3910588, 33.3371966]]}}, {"type": "Feature", "properties": {"name": "110-30", "highway": "service"}, "geometry": {"type": "LineString", "coordinates": [[44.3921664, 33.3378088], [44.3918652, 33.3380008], [44.391641, 33.3381464], [44.3915061, 33.338234], [44.3914155, 33.3382928], [44.3909729, 33.3385696], [44.3908811, 33.3386135]]}}, {"type": "Feature", "properties": {"name": "110-22", "highway": "service"}, "geometry": {"type": "LineString", "coordinates": [[44.3931162, 33.3377287], [44.3924236, 33.3381117], [44.3921094, 33.338287]]}}, {"type": "Feature", "properties": {"name": "110-15", "highway": "footway"}, "geometry": {"type": "LineString", "coordinates": [[44.3948373, 33.33605], [44.3946013, 33.3358853]]}}, {"type": "Feature", "properties": {"name": "110-9", "highway": "footway"}, "geometry": {"type": "LineString", "coordinates": [[44.3946013, 33.3358853], [44.3948293, 33.3358494], [44.3949339, 33.3358516], [44.3950332, 33.3358602]]}}, {"type": "Feature", "properties": {"name": "110-47", "highway": "footway"}, "geometry": {"type": "LineString", "coordinates": [[44.3932947, 33.33659], [44.3931234, 33.3363233], [44.3932039, 33.3362696]]}}, {"type": "Feature", "properties": {"name": "110-57", "highway": "footway"}, "geometry": {"type": "LineString", "coordinates": [[44.3931556, 33.3366617], [44.3932897, 33.3368522]]}}, {"type": "Feature", "properties": {"name": "110-16", "highway": "service"}, "geometry": {"type": "LineString", "coordinates": [[44.3938885, 33.3370333], [44.393802, 33.3368746], [44.3938395, 33.3368477]]}}, {"type": "Feature", "properties": {"name": "110-14", "highway": "service"}, "geometry": {"type": "LineString", "coordinates": [[44.3940444, 33.3369453], [44.3938885, 33.3370333], [44.3936974, 33.3371413]]}}, {"type": "Feature", "properties": {"name": "110-18", "highway": "service"}, "geometry": {"type": "LineString", "coordinates": [[44.3938672, 33.3366477], [44.3939763, 33.3365967], [44.3940675, 33.3365228]]}}, {"type": "Feature", "properties": {"name": "110-41", "highway": "service"}, "geometry": {"type": "LineString", "coordinates": [[44.3949017, 33.3345642], [44.3950275, 33.3346675], [44.3952155, 33.3348219]]}}, {"type": "Feature", "properties": {"name": "110-8", "highway": "service"}, "geometry": {"type": "LineString", "coordinates": [[44.3951485, 33.3345598], [44.3950275, 33.3346675], [44.3944484, 33.3349811], [44.3944018, 33.3350219]]}}, {"type": "Feature", "properties": {"name": "110-11", "highway": "footway"}, "geometry": {"type": "LineString", "coordinates": [[44.3952334, 33.3358832], [44.395009, 33.3360634], [44.3951578, 33.3364242], [44.3954097, 33.3365775]]}}, {"type": "Feature", "properties": {"name": "110-13", "highway": "footway"}, "geometry": {"type": "LineString", "coordinates": [[44.3953163, 33.336693], [44.3950506, 33.3365194], [44.3950331, 33.3365004], [44.3948373, 33.33605], [44.3950332, 33.3358602], [44.395123, 33.3357732]]}}, {"type": "Feature", "properties": {"name": "110-7", "highway": "footway"}, "geometry": {"type": "LineString", "coordinates": [[44.3955629, 33.3362113], [44.3952334, 33.3358832], [44.395123, 33.3357732]]}}, {"type": "Feature", "properties": {"name": "110-4", "highway": "footway"}, "geometry": {"type": "LineString", "coordinates": [[44.3958214, 33.3356435], [44.3959987, 33.3354561], [44.3960282, 33.3354427], [44.3961073, 33.3353631], [44.3961141, 33.3353407], [44.3960188, 33.3352724], [44.3959182, 33.3352107], [44.3957748, 33.3353351], [44.3956862, 33.3354158], [44.3956111, 33.3354909]]}}, {"type": "Feature", "properties": {"name": "110-2", "highway": "footway"}, "geometry": {"type": "LineString", "coordinates": [[44.3961613, 33.3351209], [44.3960188, 33.3352724]]}}, {"type": "Feature", "properties": {"name": "110-1", "highway": "service"}, "geometry": {"type": "LineString", "coordinates": [[44.3973868, 33.3341228], [44.3968674, 33.3338146]]}}, {"type": "Feature", "properties": {"name": null, "highway": "footway"}, "geometry": {"type": "LineString", "coordinates": [[44.3875846, 33.3394199], [44.3875074, 33.3393378]]}}, {"type": "Feature", "properties": {"name": null, "highway": "footway"}, "geometry": {"type": "LineString", "coordinates": [[44.387778, 33.3392929], [44.3877011, 33.3392093]]}}, {"type": "Feature", "properties": {"name": "104-60", "highway": "service"}, "geometry": {"type": "LineString", "coordinates": [[44.4009783, 33.3338672], [44.4010591, 33.3336939]]}}, {"type": "Feature", "properties": {"name": "104-66", "highway": "service"}, "geometry": {"type": "LineString", "coordinates": [[44.401162, 33.3347491], [44.4013618, 33.3349127], [44.401514, 33.3348287], [44.4016993, 33.334757]]}}, {"type": "Feature", "properties": {"name": "104-62", "highway": "service"}, "geometry": {"type": "LineString", "coordinates": [[44.4009454, 33.3342431], [44.4007838, 33.3344192]]}}, {"type": "Feature", "properties": {"name": "104-64", "highway": "service"}, "geometry": {"type": "LineString", "coordinates": [[44.4011262, 33.3343444], [44.4010225, 33.3344746], [44.400932, 33.3345766]]}}, {"type": "Feature", "properties": {"name": "شارع السراي", "highway": "pedestrian"}, "geometry": {"type": "LineString", "coordinates": [[44.3877514, 33.3404274], [44.3880382, 33.3401426]]}}, {"type": "Feature", "properties": {"name": "114-6", "highway": "footway"}, "geometry": {"type": "LineString", "coordinates": [[44.3899948, 33.3402497], [44.3900991, 33.3401902]]}}, {"type": "Feature", "properties": {"name": "114-6", "highway": "footway"}, "geometry": {"type": "LineString", "coordinates": [[44.3893063, 33.3403748], [44.3894819, 33.3405426], [44.3899444, 33.3402785]]}}, {"type": "Feature", "properties": {"name": "سوق السراي", "highway": "footway"}, "geometry": {"type": "LineString", "coordinates": [[44.3880382, 33.3401426], [44.3880635, 33.3401196]]}}, {"type": "Feature", "properties": {"name": "114-13", "highway": "service"}, "geometry": {"type": "LineString", "coordinates": [[44.3886166, 33.3422352], [44.3884495, 33.3420775], [44.3883006, 33.342185]]}}, {"type": "Feature", "properties": {"name": "شارع الزكية", "highway": "tertiary"}, "geometry": {"type": "LineString", "coordinates": [[44.3996948, 33.3470699], [44.3998118, 33.3471582]]}}, {"type": "Feature", "properties": {"name": "شارع الزكية", "highway": "tertiary"}, "geometry": {"type": "LineString", "coordinates": [[44.3997457, 33.3471972], [44.3996948, 33.3470699]]}}, {"type": "Feature", "properties": {"name": "139-9", "highway": "unclassified"}, "geometry": {"type": "LineString", "coordinates": [[44.4004861, 33.3480475], [44.4004143, 33.3479722], [44.3997457, 33.3471972]]}}, {"type": "Feature", "properties": {"name": "شارع جمال عبد الناصر", "highway": "primary"}, "geometry": {"type": "LineString", "coordinates": [[44.3929114, 33.3303139], [44.3932258, 33.3305279]]}}, {"type": "Feature", "properties": {"name": "شارع جمال عبد الناصر", "highway": "primary"}, "geometry": {"type": "LineString", "coordinates": [[44.3933906, 33.3306421], [44.3935649, 33.3307517]]}}, {"type": "Feature", "properties": {"name": "شارع جمال عبد الناصر", "highway": "primary"}, "geometry": {"type": "LineString", "coordinates": [[44.3932258, 33.3305279], [44.3933906, 33.3306421]]}}, {"type": "Feature", "properties": {"name": "شارع جمال عبد الناصر", "highway": "primary"}, "geometry": {"type": "LineString", "coordinates": [[44.3935649, 33.3307517], [44.3936885, 33.3308396]]}}, {"type": "Feature", "properties": {"name": "شارع حيفا", "highway": "secondary"}, "geometry": {"type": "LineString", "coordinates": [[44.3848175, 33.3349089], [44.3847577, 33.3349459]]}}, {"type": "Feature", "properties": {"name": "شارع المتحف", "highway": "primary"}, "geometry": {"type": "LineString", "coordinates": [[44.3848297, 33.3347526], [44.384957, 33.3340781], [44.3850312, 33.3337682], [44.3850713, 33.3335658], [44.3851519, 33.3331926], [44.3853064, 33.3324766], [44.3854144, 33.3320393], [44.3855241, 33.3316465]]}}, {"type": "Feature", "properties": {"name": "شارع حيفا", "highway": "secondary"}, "geometry": {"type": "LineString", "coordinates": [[44.3848297, 33.3347526], [44.3855183, 33.3343687], [44.3864778, 33.3338032], [44.3866215, 33.3337171], [44.3884455, 33.3327817], [44.3885597, 33.3327422], [44.3893504, 33.3324689], [44.3896455, 33.3323299], [44.389858, 33.3321669], [44.3901765, 33.3318548], [44.3904501, 33.3314649], [44.3906432, 33.3311512], [44.3909182, 33.3309474], [44.3917282, 33.3303589], [44.3919907, 33.3301652]]}}, {"type": "Feature", "properties": {"name": "شارع حيفا", "highway": "secondary"}, "geometry": {"type": "LineString", "coordinates": [[44.3846788, 33.3348352], [44.3847417, 33.3347988], [44.3848297, 33.3347526]]}}, {"type": "Feature", "properties": {"name": "شارع حيفا", "highway": "secondary"}, "geometry": {"type": "LineString", "coordinates": [[44.3845956, 33.3348807], [44.3846788, 33.3348352]]}}, {"type": "Feature", "properties": {"name": "شارع حيفا", "highway": "secondary"}, "geometry": {"type": "LineString", "coordinates": [[44.3847577, 33.3349459], [44.3843063, 33.3352092], [44.3839585, 33.3354167], [44.3826046, 33.3362244], [44.3821901, 33.3364719], [44.3815373, 33.3368616], [44.3811068, 33.3371179], [44.3798509, 33.3378612], [44.3788957, 33.3384276], [44.3786549, 33.3385688]]}}, {"type": "Feature", "properties": {"name": "شارع حيفا", "highway": "secondary"}, "geometry": {"type": "LineString", "coordinates": [[44.3850367, 33.3347734], [44.3848175, 33.3349089]]}}, {"type": "Feature", "properties": {"name": "نفق باب المعظم", "highway": "primary"}, "geometry": {"type": "LineString", "coordinates": [[44.3832803, 33.3473392], [44.3833722, 33.3473886]]}}, {"type": "Feature", "properties": {"name": "نفق باب المعظم", "highway": "primary"}, "geometry": {"type": "LineString", "coordinates": [[44.3816259, 33.3464291], [44.3824604, 33.346899], [44.3826826, 33.3470183]]}}, {"type": "Feature", "properties": {"name": "نفق باب المعظم", "highway": "primary"}, "geometry": {"type": "LineString", "coordinates": [[44.3826332, 33.3470756], [44.3823193, 33.3468995], [44.3815732, 33.3464846]]}}, {"type": "Feature", "properties": {"name": "نفق باب المعظم", "highway": "primary"}, "geometry": {"type": "LineString", "coordinates": [[44.3833011, 33.3474503], [44.3832205, 33.3474051]]}}, {"type": "Feature", "properties": {"name": "مجسر حيفا", "highway": "primary_link"}, "geometry": {"type": "LineString", "coordinates": [[44.3904681, 33.3316219], [44.3902997, 33.3319453]]}}, {"type": "Feature", "properties": {"name": "مجسر حيفا", "highway": "primary_link"}, "geometry": {"type": "LineString", "coordinates": [[44.3902098, 33.3285493], [44.3916274, 33.3294945], [44.391782, 33.3295984], [44.3918835, 33.3296693], [44.3919622, 33.3297338], [44.3920124, 33.3297943], [44.3920459, 33.3298523], [44.3920654, 33.329902], [44.392078, 33.3299553], [44.3920825, 33.3300004], [44.3920815, 33.3300442], [44.3920741, 33.3300934], [44.392051, 33.3301643], [44.392022, 33.330219], [44.3919818, 33.3302729], [44.3918985, 33.3303453], [44.391552, 33.3305989], [44.391219, 33.3308487], [44.390987, 33.3310224], [44.3908462, 33.3311238], [44.3907754, 33.3311909], [44.3906909, 33.3312893], [44.3906127, 33.331406], [44.3904681, 33.3316219]]}}, {"type": "Feature", "properties": {"name": "112-23", "highway": "service"}, "geometry": {"type": "LineString", "coordinates": [[44.3904969, 33.343477], [44.390405, 33.3432362], [44.3904781, 33.3432154], [44.3904747, 33.3431886], [44.3905035, 33.3431751]]}}, {"type": "Feature", "properties": {"name": "شارع الامام الاعظم ابو حنيفة النعمان", "highway": "secondary"}, "geometry": {"type": "LineString", "coordinates": [[44.3829764, 33.3473915], [44.3826176, 33.3478924]]}}, {"type": "Feature", "properties": {"name": "شارع الامام الاعظم ابو حنيفة النعمان", "highway": "secondary"}, "geometry": {"type": "LineString", "coordinates": [[44.3824778, 33.3478195], [44.3828139, 33.3472975]]}}, {"type": "Feature", "properties": {"name": "شارع 22", "highway": "primary"}, "geometry": {"type": "LineString", "coordinates": [[44.3829764, 33.3473915], [44.3828139, 33.3472975]]}}, {"type": "Feature", "properties": {"name": "شارع 22", "highway": "primary"}, "geometry": {"type": "LineString", "coordinates": [[44.3830023, 33.3470729], [44.3831569, 33.3471579]]}}, {"type": "Feature", "properties": {"name": "شارع حيفا", "highway": "secondary"}, "geometry": {"type": "LineString", "coordinates": [[44.3921303, 33.3300303], [44.3921386, 33.3300212]]}}, {"type": "Feature", "properties": {"name": "شارع حيفا", "highway": "secondary"}, "geometry": {"type": "LineString", "coordinates": [[44.3919907, 33.3301652], [44.3920948, 33.3300695], [44.3921303, 33.3300303]]}}, {"type": "Feature", "properties": {"name": "شارع النصیر", "highway": "primary"}, "geometry": {"type": "LineString", "coordinates": [[44.3921072, 33.3298785], [44.3921517, 33.329881]]}}, {"type": "Feature", "properties": {"name": "شارع النصیر", "highway": "primary"}, "geometry": {"type": "LineString", "coordinates": [[44.3919866, 33.3298487], [44.3920314, 33.3298687], [44.3920916, 33.3298776], [44.3921072, 33.3298785]]}}, {"type": "Feature", "properties": {"name": "139-6", "highway": "unclassified"}, "geometry": {"type": "LineString", "coordinates": [[44.3992316, 33.3486876], [44.4002147, 33.3481042], [44.4004143, 33.3479722], [44.4005251, 33.3479014], [44.401648, 33.3472041], [44.4031364, 33.3462822], [44.4033115, 33.3461669]]}}, {"type": "Feature", "properties": {"name": "شارع جمال عبد الناصر", "highway": "primary"}, "geometry": {"type": "LineString", "coordinates": [[44.3929114, 33.3303139], [44.3927361, 33.3302335], [44.3926278, 33.3301898], [44.3925082, 33.3301633], [44.3924353, 33.3301577]]}}, {"type": "Feature", "properties": {"name": "شارع الرشيد", "highway": "living_street"}, "geometry": {"type": "LineString", "coordinates": [[44.3906926, 33.3414338], [44.3906687, 33.341402], [44.3902432, 33.3416654], [44.3900898, 33.3417623], [44.3900658, 33.3417792], [44.3899443, 33.3418649], [44.3898897, 33.3419034], [44.3897748, 33.3419916], [44.3895152, 33.3421907], [44.3894137, 33.3422674], [44.3893489, 33.3423164], [44.3891551, 33.342463], [44.3887969, 33.3427406], [44.3887309, 33.3427917], [44.3886451, 33.342858], [44.388489, 33.3429644], [44.388342, 33.3430556], [44.3883122, 33.3430727], [44.3882101, 33.3431309], [44.3875538, 33.3434936], [44.3869489, 33.3438279], [44.3869703, 33.3438549]]}}, {"type": "Feature", "properties": {"name": "شارع الرشيد", "highway": "living_street"}, "geometry": {"type": "LineString", "coordinates": [[44.3908701, 33.3413452], [44.3908036, 33.3413784], [44.3906926, 33.3414338]]}}, {"type": "Feature", "properties": {"name": "شارع الرشيد", "highway": "living_street"}, "geometry": {"type": "LineString", "coordinates": [[44.3906926, 33.3414338], [44.3907084, 33.3414549], [44.3904447, 33.3416144], [44.3902852, 33.3417109], [44.3902061, 33.3417615], [44.3901379, 33.3418051], [44.3899373, 33.3419485], [44.3897495, 33.3420871], [44.389555, 33.3422306], [44.3894577, 33.3423037], [44.3893882, 33.3423558], [44.3892007, 33.3424998], [44.3889786, 33.3426766], [44.3888323, 33.342793], [44.3886838, 33.3429046], [44.3885116, 33.3430218], [44.388367, 33.3431099], [44.3882407, 33.3431838], [44.3879902, 33.3433238], [44.3873505, 33.3436815], [44.3869918, 33.343882], [44.3869703, 33.3438549]]}}, {"type": "Feature", "properties": {"name": "شارع الميدان", "highway": "tertiary"}, "geometry": {"type": "LineString", "coordinates": [[44.3862673, 33.3444339], [44.3861657, 33.3443941], [44.385962, 33.3443392]]}}, {"type": "Feature", "properties": {"name": "شارع الرشيد", "highway": "living_street"}, "geometry": {"type": "LineString", "coordinates": [[44.3869703, 33.3438549], [44.3869032, 33.3439004], [44.3868142, 33.3439607], [44.3866472, 33.3440738]]}}]}